sub,ses,group,intact_hemi,hemi,category,peak_x_mni,peak_y_mni,peak_z_mni,peak_val
sub-004,01,OTC,left,left,face,65.294,32.1445,24.9315,3.4693737030029297
sub-004,01,OTC,left,left,house,49.1357,20.8514,32.2655,9.53709602355957
sub-004,01,OTC,left,left,object,63.2145,21.2485,36.9043,7.945600986480713
sub-004,01,OTC,left,left,word,66.3415,51.7056,23.1253,2.6311755180358887
sub-004,01,OTC,left,left,house_PPA,53.3129,44.6161,31.1177,3.178086996078491
sub-004,01,OTC,left,left,house_TOS,49.1357,20.8514,32.2655,9.53709602355957
sub-004,01,OTC,left,left,face_FFA,65.294,32.1445,24.9315,3.4693737030029297
sub-004,01,OTC,left,left,face_STS,76.7869,58.2816,45.3309,2.5165178775787354
sub-004,01,OTC,left,left,object_LOC,63.2145,21.2485,36.9043,7.945600986480713
sub-004,01,OTC,left,left,object_pF,64.775,36.4127,26.1828,6.371120929718018
sub-004,01,OTC,left,left,word_VWFA,66.3415,51.7056,23.1253,2.6311755180358887
sub-004,01,OTC,left,left,word_STG,76.7863,61.9537,43.1092,3.120662212371826
sub-004,01,OTC,left,left,evc,70.0075,79.378,33.3156,4.673140525817871
sub-004,02,OTC,left,left,face,65.8161,33.7331,25.3264,6.489858627319336
sub-004,02,OTC,left,left,house,48.6147,19.8115,32.985,9.547816276550293
sub-004,02,OTC,left,left,object,64.7787,22.2828,36.7734,9.081921577453613
sub-004,02,OTC,left,left,word,67.9054,41.6839,27.3013,4.832739353179932
sub-004,02,OTC,left,left,house_PPA,53.3138,46.2125,31.5131,4.530081748962402
sub-004,02,OTC,left,left,house_TOS,48.6147,19.8115,32.985,9.547816276550293
sub-004,02,OTC,left,left,face_FFA,65.8161,33.7331,25.3264,6.489858627319336
sub-004,02,OTC,left,left,face_STS,66.3376,34.783,25.1965,4.537867546081543
sub-004,02,OTC,left,left,object_LOC,64.7787,22.2828,36.7734,9.081921577453613
sub-004,02,OTC,left,left,object_pF,66.3391,35.3415,26.9004,6.216799736022949
sub-004,02,OTC,left,left,word_VWFA,67.9054,41.6839,27.3013,4.832739353179932
sub-004,02,OTC,left,left,word_STG,71.5537,34.2453,29.3832,5.983450889587402
sub-004,02,OTC,left,left,evc,68.446,75.7689,37.8968,4.062923908233643
sub-004,03,OTC,left,left,face,65.2944,32.1544,25.521,6.375585079193115
sub-004,03,OTC,left,left,house,58.0039,37.6908,33.1339,10.557040214538574
sub-004,03,OTC,left,left,object,63.7363,21.2506,37.4933,9.01939582824707
sub-004,03,OTC,left,left,word,65.817,43.7512,22.328,3.661116123199463
sub-004,03,OTC,left,left,house_PPA,56.44,41.3962,31.5032,2.862391710281372
sub-004,03,OTC,left,left,house_TOS,58.0039,37.6908,33.1339,10.557040214538574
sub-004,03,OTC,left,left,face_FFA,65.2944,32.1544,25.521,6.375585079193115
sub-004,03,OTC,left,left,face_STS,67.9006,36.8452,23.1675,2.828645706176758
sub-004,03,OTC,left,left,object_LOC,63.7363,21.2506,37.4933,9.01939582824707
sub-004,03,OTC,left,left,object_pF,62.1672,38.5275,23.5681,6.6793694496154785
sub-004,03,OTC,left,left,word_VWFA,65.817,43.7512,22.328,3.661116123199463
sub-004,03,OTC,left,left,word_STG,68.4237,40.559,23.8931,4.06730318069458
sub-004,03,OTC,left,left,evc,67.9234,72.065,37.7608,2.6802189350128174
sub-004,05,OTC,left,left,face,63.7318,45.8879,21.4815,4.491877555847168
sub-004,05,OTC,left,left,house,58.5251,37.1541,33.1982,7.303283214569092
sub-004,05,OTC,left,left,object,64.7762,25.3864,32.2583,8.542530059814453
sub-004,05,OTC,left,left,word,67.9049,41.674,26.7118,3.662393569946289
sub-004,05,OTC,left,left,house_PPA,55.3974,41.4118,31.5042,2.7046170234680176
sub-004,05,OTC,left,left,house_TOS,58.5251,37.1541,33.1982,7.303283214569092
sub-004,05,OTC,left,left,face_FFA,63.7318,45.8879,21.4815,4.491877555847168
sub-004,05,OTC,left,left,face_STS,75.2225,60.4005,43.8944,3.2309396266937256
sub-004,05,OTC,left,left,object_LOC,64.7762,25.3864,32.2583,8.542530059814453
sub-004,05,OTC,left,left,object_pF,66.3395,34.8226,27.5546,5.639156341552734
sub-004,05,OTC,left,left,word_VWFA,67.9049,41.674,26.7118,3.662393569946289
sub-004,05,OTC,left,left,word_STG,72.0748,41.6016,26.1184,4.553940773010254
sub-004,05,OTC,left,left,evc,71.5766,79.9923,39.7343,5.391968727111816
sub-004,06,OTC,left,left,face,63.7323,33.7941,27.0969,9.877833366394043
sub-004,06,OTC,left,left,house,57.4828,40.3328,32.2213,12.723772048950195
sub-004,06,OTC,left,left,object,63.736,25.9804,35.1422,11.39235782623291
sub-004,06,OTC,left,left,word,67.3804,43.7179,21.7371,6.217966556549072
sub-004,06,OTC,left,left,house_PPA,56.44,41.3962,31.5032,8.833571434020996
sub-004,06,OTC,left,left,house_TOS,57.4828,40.3328,32.2213,12.723772048950195
sub-004,06,OTC,left,left,face_FFA,63.7323,33.7941,27.0969,9.877833366394043
sub-004,06,OTC,left,left,face_STS,67.3802,32.6619,26.044,4.503643035888672
sub-004,06,OTC,left,left,object_LOC,63.736,25.9804,35.1422,11.39235782623291
sub-004,06,OTC,left,left,object_pF,59.5628,41.7692,24.9508,7.255518913269043
sub-004,06,OTC,left,left,word_VWFA,67.3804,43.7179,21.7371,6.217966556549072
sub-004,06,OTC,left,left,word_STG,68.46,52.9162,65.5051,7.487861156463623
sub-004,06,OTC,left,left,evc,65.8449,67.5051,48.3673,3.9406888484954834
sub-007,01,nonOTC,right,right,face,27.7025,40.725,28.1693,15.434769630432129
sub-007,01,nonOTC,right,right,house,30.1969,39.8798,33.7887,19.639257431030273
sub-007,01,nonOTC,right,right,object,22.8365,28.2394,29.8853,13.962697982788086
sub-007,01,nonOTC,right,right,word,24.2907,32.8467,25.9484,6.7699360847473145
sub-007,01,nonOTC,right,right,house_PPA,35.1347,44.6926,31.4712,9.644074440002441
sub-007,01,nonOTC,right,right,house_TOS,30.1969,39.8798,33.7887,19.639257431030273
sub-007,01,nonOTC,right,right,face_FFA,27.7025,40.725,28.1693,15.434769630432129
sub-007,01,nonOTC,right,right,face_STS,13.7641,39.5624,31.6506,6.050752639770508
sub-007,01,nonOTC,right,right,object_LOC,22.8365,28.2394,29.8853,13.962697982788086
sub-007,01,nonOTC,right,right,object_pF,28.6623,44.896,24.8435,10.460144996643066
sub-007,01,nonOTC,right,right,word_VWFA,28.4775,65.5053,14.8627,3.5357108116149902
sub-007,01,nonOTC,right,right,word_STG,16.305,34.6837,24.6058,4.368752956390381
sub-007,01,nonOTC,right,right,evc,19.352,80.8913,38.0993,4.179170608520508
sub-007,03,nonOTC,right,right,face,27.7071,40.2263,28.2376,9.192314147949219
sub-007,03,nonOTC,right,right,house,29.6841,41.4382,34.1267,11.349421501159668
sub-007,03,nonOTC,right,right,object,19.3243,31.0902,28.3981,7.170679092407227
sub-007,03,nonOTC,right,right,word,22.5822,56.571,16.6444,4.093071460723877
sub-007,03,nonOTC,right,right,house_PPA,33.6395,44.7513,32.0158,5.394778728485107
sub-007,03,nonOTC,right,right,house_TOS,26.8695,22.1214,42.2823,11.564373016357422
sub-007,03,nonOTC,right,right,face_FFA,27.7071,40.2263,28.2376,9.192314147949219
sub-007,03,nonOTC,right,right,face_STS,14.3019,35.3822,30.5703,6.9962992668151855
sub-007,03,nonOTC,right,right,object_LOC,19.3243,31.0902,28.3981,7.170679092407227
sub-007,03,nonOTC,right,right,object_pF,27.691,42.2705,24.1029,6.737387180328369
sub-007,03,nonOTC,right,right,word_VWFA,22.5822,56.571,16.6444,4.093071460723877
sub-007,03,nonOTC,right,right,word_STG,13.121,54.1949,43.9656,2.4527132511138916
sub-007,03,nonOTC,right,right,evc,17.4712,69.0291,36.4219,3.0470657348632812
sub-007,04,nonOTC,right,right,face,27.209,40.2244,28.2385,11.643598556518555
sub-007,04,nonOTC,right,right,house,44.8326,19.2945,34.9366,10.743839263916016
sub-007,04,nonOTC,right,right,object,23.8317,28.3072,30.4254,9.970917701721191
sub-007,04,nonOTC,right,right,word,27.4925,64.3759,13.9173,2.411670446395874
sub-007,04,nonOTC,right,right,house_PPA,35.6246,45.6276,30.7919,5.2123703956604
sub-007,04,nonOTC,right,right,house_TOS,44.8326,19.2945,34.9366,10.743839263916016
sub-007,04,nonOTC,right,right,face_FFA,27.209,40.2244,28.2385,11.643598556518555
sub-007,04,nonOTC,right,right,face_STS,13.3001,35.9414,31.0457,4.04817533493042
sub-007,04,nonOTC,right,right,object_LOC,23.8317,28.3072,30.4254,9.970917701721191
sub-007,04,nonOTC,right,right,object_pF,28.6623,44.896,24.8435,9.542203903198242
sub-007,04,nonOTC,right,right,word_VWFA,27.4925,64.3759,13.9173,2.411670446395874
sub-007,04,nonOTC,right,right,word_STG,17.7746,37.4888,22.5677,2.9557604789733887
sub-007,04,nonOTC,right,right,evc,20.3521,80.6383,35.9299,3.788870334625244
sub-008,01,OTC,left,left,face,60.6471,30.0602,28.2544,13.714035034179688
sub-008,01,OTC,left,left,house,48.8531,25.3221,31.3764,7.552883625030518
sub-008,01,OTC,left,left,object,58.9793,18.1104,30.1394,8.975600242614746
sub-008,01,OTC,left,left,word,61.0661,49.3813,19.0868,3.5041866302490234
sub-008,01,OTC,left,left,house_PPA,51.0714,41.7836,32.3349,3.645817756652832
sub-008,01,OTC,left,left,house_TOS,48.8531,25.3221,31.3764,7.552883625030518
sub-008,01,OTC,left,left,face_FFA,60.6471,30.0602,28.2544,13.714035034179688
sub-008,01,OTC,left,left,face_STS,67.0873,37.8887,22.7072,4.330302715301514
sub-008,01,OTC,left,left,object_LOC,58.9793,18.1104,30.1394,8.975600242614746
sub-008,01,OTC,left,left,object_pF,59.3897,38.2179,28.4484,9.371225357055664
sub-008,01,OTC,left,left,word_VWFA,61.0661,49.3813,19.0868,3.5041866302490234
sub-008,01,OTC,left,left,word_STG,74.007,57.5939,42.5049,2.919506549835205
sub-008,01,OTC,left,left,evc,72.6802,73.5127,39.1502,4.613528251647949
sub-008,02,OTC,left,left,face,69.4851,34.4872,23.9676,4.888918876647949
sub-008,02,OTC,left,left,house,48.708,41.2983,35.1177,4.422310829162598
sub-008,02,OTC,left,left,object,53.0388,20.2661,44.9026,3.2606334686279297
sub-008,02,OTC,left,left,word,60.5242,43.7124,25.7414,3.2551426887512207
sub-008,02,OTC,left,left,house_PPA,49.8815,42.4264,34.6904,4.1896586418151855
sub-008,02,OTC,left,left,house_TOS,67.7993,24.4681,28.3686,4.725951194763184
sub-008,02,OTC,left,left,face_FFA,69.4851,34.4872,23.9676,4.888918876647949
sub-008,02,OTC,left,left,face_STS,71.2672,33.7564,23.5848,6.118027210235596
sub-008,02,OTC,left,left,object_LOC,53.0388,20.2661,44.9026,3.2606334686279297
sub-008,02,OTC,left,left,object_pF,58.8342,34.0866,33.8807,2.7820088863372803
sub-008,02,OTC,left,left,word_VWFA,60.5242,43.7124,25.7414,3.2551426887512207
sub-008,02,OTC,left,left,word_STG,59.9105,45.2104,67.9222,3.6886510848999023
sub-008,02,OTC,left,left,evc,72.6544,76.4279,36.1179,2.871840476989746
sub-010,02,OTC,right,right,face,30.282,40.8854,23.972,5.108205795288086
sub-010,02,OTC,right,right,house,43.9762,18.4734,35.4887,11.361244201660156
sub-010,02,OTC,right,right,object,25.2761,26.9377,27.5754,8.903573989868164
sub-010,02,OTC,right,right,word,31.3508,38.635,32.5624,3.164764642715454
sub-010,02,OTC,right,right,house_PPA,36.3361,49.0153,25.7644,2.9116714000701904
sub-010,02,OTC,right,right,house_TOS,43.9762,18.4734,35.4887,11.361244201660156
sub-010,02,OTC,right,right,face_FFA,30.282,40.8854,23.972,5.108205795288086
sub-010,02,OTC,right,right,face_STS,12.2858,57.4487,45.2323,3.4546821117401123
sub-010,02,OTC,right,right,object_LOC,25.2761,26.9377,27.5754,8.903573989868164
sub-010,02,OTC,right,right,object_pF,29.8066,31.1204,27.3457,8.597225189208984
sub-010,02,OTC,right,right,word_VWFA,28.2793,49.1988,26.3416,2.79080867767334
sub-010,02,OTC,right,right,word_STG,18.4205,58.81,58.0634,5.901531219482422
sub-010,02,OTC,right,right,evc,15.2379,78.3381,36.5884,3.0686721801757812
sub-010,03,OTC,right,right,face,27.2445,42.8455,22.0084,5.190587043762207
sub-010,03,OTC,right,right,house,39.3901,19.851,28.1738,4.664971828460693
sub-010,03,OTC,right,right,object,24.8073,19.9739,32.0929,7.943704128265381
sub-010,03,OTC,right,right,word,23.7198,41.8515,22.2121,3.7157185077667236
sub-010,03,OTC,right,right,house_PPA,36.3397,44.7634,25.9709,3.8754653930664062
sub-010,03,OTC,right,right,house_TOS,39.3901,19.851,28.1738,4.664971828460693
sub-010,03,OTC,right,right,face_FFA,27.2445,42.8455,22.0084,5.190587043762207
sub-010,03,OTC,right,right,face_STS,12.6922,40.7729,30.143,3.5320324897766113
sub-010,03,OTC,right,right,object_LOC,24.8073,19.9739,32.0929,7.943704128265381
sub-010,03,OTC,right,right,object_pF,28.7892,41.2113,26.6593,4.256044387817383
sub-010,03,OTC,right,right,word_VWFA,28.7332,55.9203,19.6805,3.0313515663146973
sub-010,03,OTC,right,right,word_STG,17.2456,36.1701,32.5628,6.134331703186035
sub-010,03,OTC,right,right,evc,17.8651,68.7509,51.3865,3.588087558746338
sub-017,03,OTC,right,right,face,25.4258,63.0517,16.5012,6.928359508514404
sub-017,03,OTC,right,right,house,35.5493,28.3038,28.1618,5.798604488372803
sub-017,03,OTC,right,right,object,35.0134,24.211,63.7687,11.262280464172363
sub-017,03,OTC,right,right,word,25.4348,59.5417,15.4397,4.432259559631348
sub-017,03,OTC,right,right,house_PPA,33.9215,44.7923,32.013,4.6174702644348145
sub-017,03,OTC,right,right,house_TOS,35.5493,28.3038,28.1618,5.798604488372803
sub-017,03,OTC,right,right,face_FFA,27.0574,42.4634,25.3309,6.103282928466797
sub-017,03,OTC,right,right,face_STS,16.9736,52.4016,55.9495,4.095067977905273
sub-017,03,OTC,right,right,object_LOC,35.0134,24.211,63.7687,11.262280464172363
sub-017,03,OTC,right,right,object_pF,26.0265,31.2494,26.6302,8.119853973388672
sub-017,03,OTC,right,right,word_VWFA,25.4348,59.5417,15.4397,4.432259559631348
sub-017,03,OTC,right,right,word_STG,18.6039,40.1162,25.7547,4.927339553833008
sub-017,03,OTC,right,right,evc,19.0522,68.2961,51.1482,6.858182907104492
sub-017,04,OTC,right,right,face,26.5309,41.8778,23.7919,8.02987289428711
sub-017,04,OTC,right,right,house,33.9203,45.2788,31.9332,7.213493824005127
sub-017,04,OTC,right,right,object,20.755,22.6852,37.8847,10.563006401062012
sub-017,04,OTC,right,right,word,28.1303,34.9468,30.9262,3.993551254272461
sub-017,04,OTC,right,right,house_PPA,33.9203,45.2788,31.9332,7.213493824005127
sub-017,04,OTC,right,right,house_TOS,35.5071,45.1932,30.8484,6.757516860961914
sub-017,04,OTC,right,right,face_FFA,26.5309,41.8778,23.7919,8.02987289428711
sub-017,04,OTC,right,right,face_STS,14.9038,38.5902,32.0262,4.381268501281738
sub-017,04,OTC,right,right,object_LOC,20.755,22.6852,37.8847,10.563006401062012
sub-017,04,OTC,right,right,object_pF,22.3035,40.9475,23.9639,9.190250396728516
sub-017,04,OTC,right,right,word_VWFA,27.0384,50.6994,23.4335,3.630708694458008
sub-017,04,OTC,right,right,word_STG,18.605,39.6297,25.8346,9.382125854492188
sub-017,04,OTC,right,right,evc,19.0341,76.8099,45.9302,6.385418891906738
sub-018,02,control,control,left,face,66.5032,31.8153,25.8456,10.08981704711914
sub-018,02,control,control,right,face,25.0267,35.9288,28.123,13.7222318649292
sub-018,02,control,control,left,house,60.2194,38.0238,34.6889,14.340808868408203
sub-018,02,control,control,right,house,32.6279,38.8271,34.3829,16.16878318786621
sub-018,02,control,control,left,object,65.5398,23.5412,31.0641,15.861409187316895
sub-018,02,control,control,right,object,25.2291,21.7934,41.1535,16.431386947631836
sub-018,02,control,control,left,word,63.7607,30.3493,27.8668,13.034143447875977
sub-018,02,control,control,right,word,21.7385,37.0006,23.0044,5.0932111740112305
sub-018,02,control,control,left,house_PPA,55.213,41.1685,31.5239,5.828334808349609
sub-018,02,control,control,right,house_PPA,35.3204,42.9663,31.231,10.732633590698242
sub-018,02,control,control,left,house_TOS,60.2194,38.0238,34.6889,14.340808868408203
sub-018,02,control,control,right,house_TOS,32.6279,38.8271,34.3829,16.16878318786621
sub-018,02,control,control,left,face_FFA,66.5032,31.8153,25.8456,10.08981704711914
sub-018,02,control,control,right,face_FFA,25.0267,35.9288,28.123,13.7222318649292
sub-018,02,control,control,left,face_STS,66.4028,36.4102,25.5392,9.304884910583496
sub-018,02,control,control,right,face_STS,23.3629,36.3946,27.986,11.975858688354492
sub-018,02,control,control,left,object_LOC,65.5398,23.5412,31.0641,15.861409187316895
sub-018,02,control,control,right,object_LOC,25.2291,21.7934,41.1535,16.431386947631836
sub-018,02,control,control,left,object_pF,64.8312,31.6519,28.2413,11.395622253417969
sub-018,02,control,control,right,object_pF,29.9218,39.441,26.9614,11.200811386108398
sub-018,02,control,control,left,word_VWFA,67.3533,42.2376,28.0296,9.47821044921875
sub-018,02,control,control,right,word_VWFA,25.99,44.203,22.9045,4.768226623535156
sub-018,02,control,control,left,word_STG,69.0365,41.0905,27.6993,14.810199737548828
sub-018,02,control,control,right,word_STG,20.6292,37.0607,23.5647,4.540436744689941
sub-018,02,control,control,left,evc,73.0456,80.7668,35.042,4.644141674041748
sub-018,02,control,control,right,evc,19.1574,74.1194,33.6835,5.882620334625244
sub-018,03,control,control,left,face,64.2958,30.6248,29.0315,9.970422744750977
sub-018,03,control,control,right,face,23.3244,38.5087,26.9659,10.689823150634766
sub-018,03,control,control,left,house,60.1847,39.7011,34.3573,14.696342468261719
sub-018,03,control,control,right,house,30.3824,40.5021,34.5939,15.039161682128906
sub-018,03,control,control,left,object,64.95,24.1213,33.9449,10.597841262817383
sub-018,03,control,control,right,object,24.6011,25.239,41.0594,10.998063087463379
sub-018,03,control,control,left,word,64.2727,31.743,28.8104,10.4881010055542
sub-018,03,control,control,right,word,25.6481,63.5445,12.4573,4.276917934417725
sub-018,03,control,control,left,house_PPA,54.6742,41.3298,29.6707,9.487350463867188
sub-018,03,control,control,right,house_PPA,34.7387,44.1756,31.5791,9.735807418823242
sub-018,03,control,control,left,house_TOS,60.1847,39.7011,34.3573,14.696342468261719
sub-018,03,control,control,right,house_TOS,30.3824,40.5021,34.5939,15.039161682128906
sub-018,03,control,control,left,face_FFA,64.2958,30.6248,29.0315,9.970422744750977
sub-018,03,control,control,right,face_FFA,23.3244,38.5087,26.9659,10.689823150634766
sub-018,03,control,control,left,face_STS,66.9342,37.1227,26.0154,8.164196968078613
sub-018,03,control,control,right,face_STS,22.7737,38.4776,26.9571,10.482282638549805
sub-018,03,control,control,left,object_LOC,64.95,24.1213,33.9449,10.597841262817383
sub-018,03,control,control,right,object_LOC,24.6011,25.239,41.0594,10.998063087463379
sub-018,03,control,control,left,object_pF,61.3573,40.1661,25.2638,10.267902374267578
sub-018,03,control,control,right,object_pF,29.2901,43.3235,26.1788,7.74052619934082
sub-018,03,control,control,left,word_VWFA,66.7716,43.4469,28.3776,6.7545013427734375
sub-018,03,control,control,right,word_VWFA,25.6481,63.5445,12.4573,4.276917934417725
sub-018,03,control,control,left,word_STG,69.044,40.2168,29.0762,10.395109176635742
sub-018,03,control,control,right,word_STG,10.0244,58.6516,45.5184,4.478768348693848
sub-018,03,control,control,left,evc,69.7738,74.3941,47.0499,4.457542419433594
sub-018,03,control,control,right,evc,19.7418,70.2188,39.8886,4.620261192321777
sub-021,02,OTC,right,right,face,26.1608,34.2476,28.0961,11.988386154174805
sub-021,02,OTC,right,right,house,42.1163,23.4122,33.336,8.89804458618164
sub-021,02,OTC,right,right,object,25.0099,31.2981,29.5854,12.382678985595703
sub-021,02,OTC,right,right,word,26.1643,34.1653,26.8703,2.898860454559326
sub-021,02,OTC,right,right,house_PPA,36.5156,64.0433,17.4933,3.956549644470215
sub-021,02,OTC,right,right,house_TOS,42.1163,23.4122,33.336,8.89804458618164
sub-021,02,OTC,right,right,face_FFA,26.1608,34.2476,28.0961,11.988386154174805
sub-021,02,OTC,right,right,face_STS,22.7472,39.0709,26.4485,5.621564865112305
sub-021,02,OTC,right,right,object_LOC,25.0099,31.2981,29.5854,12.382678985595703
sub-021,02,OTC,right,right,object_pF,27.2956,31.2332,28.9726,12.865116119384766
sub-021,02,OTC,right,right,word_VWFA,30.2144,55.7095,20.0697,2.343477487564087
sub-021,02,OTC,right,right,word_STG,20.4391,32.6866,31.3186,4.617980480194092
sub-021,02,OTC,right,right,evc,17.6127,79.6493,46.3662,3.223996639251709
sub-021,03,OTC,right,right,face,26.1619,34.8564,28.0434,14.17373275756836
sub-021,03,OTC,right,right,house,29.0139,41.2437,32.4199,9.627897262573242
sub-021,03,OTC,right,right,object,25.0082,31.3393,30.1984,12.638274192810059
sub-021,03,OTC,right,right,word,23.9249,50.9047,20.491,4.178001880645752
sub-021,03,OTC,right,right,house_PPA,29.0235,43.5552,30.3703,5.5781378746032715
sub-021,03,OTC,right,right,house_TOS,29.0139,41.2437,32.4199,9.627897262573242
sub-021,03,OTC,right,right,face_FFA,26.1619,34.8564,28.0434,14.17373275756836
sub-021,03,OTC,right,right,face_STS,22.7461,38.4621,26.5012,8.541252136230469
sub-021,03,OTC,right,right,object_LOC,25.0082,31.3393,30.1984,12.638274192810059
sub-021,03,OTC,right,right,object_pF,27.8665,31.2272,28.9726,13.800653457641602
sub-021,03,OTC,right,right,word_VWFA,23.9249,50.9047,20.491,4.178001880645752
sub-021,03,OTC,right,right,word_STG,19.8716,32.6102,30.0927,4.429251194000244
sub-021,03,OTC,right,right,evc,20.4571,74.7908,47.4009,4.053366184234619
sub-022,01,control,control,left,face,63.3096,40.461,27.9597,7.182794094085693
sub-022,01,control,control,right,face,24.5736,35.5299,28.0598,7.599438667297363
sub-022,01,control,control,left,house,57.1458,40.4107,34.6703,11.194364547729492
sub-022,01,control,control,right,house,36.1386,20.1156,33.2166,10.195245742797852
sub-022,01,control,control,left,object,64.0047,26.224,34.4082,10.037190437316895
sub-022,01,control,control,right,object,22.4656,24.5995,35.0205,7.929232120513916
sub-022,01,control,control,left,word,66.3975,44.8989,28.9593,9.071608543395996
sub-022,01,control,control,right,word,28.6962,47.7922,24.319,5.008609771728516
sub-022,01,control,control,left,house_PPA,53.9572,41.8508,32.0863,6.168767929077148
sub-022,01,control,control,right,house_PPA,35.5525,45.0385,31.1798,5.225663185119629
sub-022,01,control,control,left,house_TOS,57.1458,40.4107,34.6703,11.194364547729492
sub-022,01,control,control,right,house_TOS,36.1386,20.1156,33.2166,10.195245742797852
sub-022,01,control,control,left,face_FFA,63.3096,40.461,27.9597,7.182794094085693
sub-022,01,control,control,right,face_FFA,24.5736,35.5299,28.0598,7.599438667297363
sub-022,01,control,control,left,face_STS,49.258,46.4241,71.5659,4.423953533172607
sub-022,01,control,control,right,face_STS,24.0031,36.1086,28.5173,6.8384318351745605
sub-022,01,control,control,left,object_LOC,64.0047,26.224,34.4082,10.037190437316895
sub-022,01,control,control,right,object_LOC,22.4656,24.5995,35.0205,7.929232120513916
sub-022,01,control,control,left,object_pF,62.827,36.7343,29.1616,10.423006057739258
sub-022,01,control,control,right,object_pF,25.0708,36.6492,28.4448,6.005733489990234
sub-022,01,control,control,left,word_VWFA,66.3975,44.8989,28.9593,9.071608543395996
sub-022,01,control,control,right,word_VWFA,28.6962,47.7922,24.319,5.008609771728516
sub-022,01,control,control,left,word_STG,65.0633,31.9375,30.6009,7.8376030921936035
sub-022,01,control,control,right,word_STG,15.7845,60.2416,45.2275,5.368369102478027
sub-022,01,control,control,left,evc,72.6358,78.0465,42.1208,6.2754998207092285
sub-022,01,control,control,right,evc,14.0162,71.3724,40.9994,2.3117709159851074
sub-022,02,control,control,left,face,63.7739,43.1948,28.0655,5.900593280792236
sub-022,02,control,control,right,face,25.0397,37.2292,28.9126,9.553749084472656
sub-022,02,control,control,left,house,57.1238,41.4871,34.4842,13.044827461242676
sub-022,02,control,control,right,house,36.0433,22.89,33.8731,13.538548469543457
sub-022,02,control,control,left,object,63.9425,27.3839,35.3438,11.501635551452637
sub-022,02,control,control,right,object,21.8511,27.3309,35.1058,9.898128509521484
sub-022,02,control,control,left,word,68.3526,35.9577,25.992,5.7655158042907715
sub-022,02,control,control,right,word,27.0818,45.7194,25.7822,5.627344131469727
sub-022,02,control,control,left,house_PPA,55.0249,42.3914,32.0137,7.966152667999268
sub-022,02,control,control,right,house_PPA,34.9838,44.5827,32.3843,9.292404174804688
sub-022,02,control,control,left,house_TOS,57.1238,41.4871,34.4842,13.044827461242676
sub-022,02,control,control,right,house_TOS,36.0433,22.89,33.8731,13.538548469543457
sub-022,02,control,control,left,face_FFA,63.7739,43.1948,28.0655,5.900593280792236
sub-022,02,control,control,right,face_FFA,25.0397,37.2292,28.9126,9.553749084472656
sub-022,02,control,control,left,face_STS,74.1724,57.515,44.5555,5.6160478591918945
sub-022,02,control,control,right,face_STS,23.961,37.2268,28.8921,8.963373184204102
sub-022,02,control,control,left,object_LOC,63.9425,27.3839,35.3438,11.501635551452637
sub-022,02,control,control,right,object_LOC,21.8511,27.3309,35.1058,9.898128509521484
sub-022,02,control,control,left,object_pF,61.7281,42.4429,25.3134,11.689824104309082
sub-022,02,control,control,right,object_pF,26.6761,38.2256,27.6355,7.232982635498047
sub-022,02,control,control,left,word_VWFA,63.7849,42.6566,28.1586,3.641462802886963
sub-022,02,control,control,right,word_VWFA,27.0818,45.7194,25.7822,5.627344131469727
sub-022,02,control,control,left,word_STG,67.5752,40.0578,29.8172,6.987525939941406
sub-022,02,control,control,right,word_STG,17.5214,41.2669,24.6597,5.155438423156738
sub-022,02,control,control,left,evc,71.5442,79.6168,41.2603,10.16604232788086
sub-022,02,control,control,right,evc,18.9126,70.2653,40.7168,3.659639596939087
sub-025,01,control,control,left,face,65.0831,40.6745,26.1957,12.418990135192871
sub-025,01,control,control,right,face,23.8807,39.6322,27.9027,9.593478202819824
sub-025,01,control,control,left,house,51.1237,19.0483,30.226,13.400934219360352
sub-025,01,control,control,right,house,40.8245,21.6648,29.1626,16.31774139404297
sub-025,01,control,control,left,object,68.2964,22.2169,33.5443,12.12982177734375
sub-025,01,control,control,right,object,22.0929,25.4898,30.8,11.898418426513672
sub-025,01,control,control,left,word,66.86,45.2415,28.3571,6.9113640785217285
sub-025,01,control,control,right,word,23.9977,50.8755,20.2892,2.8371920585632324
sub-025,01,control,control,left,house_PPA,57.9793,43.3975,31.5569,6.9141459465026855
sub-025,01,control,control,right,house_PPA,34.9014,43.057,30.8108,8.371880531311035
sub-025,01,control,control,left,house_TOS,51.1237,19.0483,30.226,13.400934219360352
sub-025,01,control,control,right,house_TOS,40.8245,21.6648,29.1626,16.31774139404297
sub-025,01,control,control,left,face_FFA,65.0831,40.6745,26.1957,12.418990135192871
sub-025,01,control,control,right,face_FFA,23.8807,39.6322,27.9027,9.593478202819824
sub-025,01,control,control,left,face_STS,66.2127,39.0235,25.4103,11.112098693847656
sub-025,01,control,control,right,face_STS,23.3901,38.6009,28.0511,9.17636489868164
sub-025,01,control,control,left,object_LOC,68.2964,22.2169,33.5443,12.12982177734375
sub-025,01,control,control,right,object_LOC,22.0929,25.4898,30.8,11.898418426513672
sub-025,01,control,control,left,object_pF,61.5749,40.3525,24.9055,12.238574981689453
sub-025,01,control,control,right,object_pF,25.042,36.4654,27.3802,8.597588539123535
sub-025,01,control,control,left,word_VWFA,66.86,45.2415,28.3571,6.9113640785217285
sub-025,01,control,control,right,word_VWFA,23.9977,50.8755,20.2892,2.8371920585632324
sub-025,01,control,control,left,word_STG,65.8521,39.4017,31.0081,6.266533374786377
sub-025,01,control,control,right,word_STG,20.1372,46.545,67.9854,5.286173343658447
sub-025,01,control,control,left,evc,68.5982,76.1807,42.4597,3.825082778930664
sub-025,01,control,control,right,evc,22.4422,72.1394,42.6831,4.0393757820129395
sub-025,02,control,control,left,face,63.9058,42.9192,27.4444,18.05135154724121
sub-025,02,control,control,right,face,23.3158,38.7776,29.1531,13.752700805664062
sub-025,02,control,control,left,house,51.5506,19.7511,31.2672,17.943557739257812
sub-025,02,control,control,right,house,42.2802,17.116,32.8747,15.670948028564453
sub-025,02,control,control,left,object,68.2593,22.3053,34.0953,16.91694450378418
sub-025,02,control,control,right,object,23.7714,23.7712,29.4905,16.722246170043945
sub-025,02,control,control,left,word,63.8953,43.4244,27.3568,6.712168216705322
sub-025,02,control,control,right,word,29.6323,42.4505,24.9174,2.5812528133392334
sub-025,02,control,control,left,house_PPA,55.4787,42.1949,31.0468,10.33076286315918
sub-025,02,control,control,right,house_PPA,34.3313,44.1352,31.1597,10.064377784729004
sub-025,02,control,control,left,house_TOS,51.5506,19.7511,31.2672,17.943557739257812
sub-025,02,control,control,right,house_TOS,42.2802,17.116,32.8747,15.670948028564453
sub-025,02,control,control,left,face_FFA,63.9058,42.9192,27.4444,18.05135154724121
sub-025,02,control,control,right,face_FFA,23.3158,38.7776,29.1531,13.752700805664062
sub-025,02,control,control,left,face_STS,65.6267,39.1795,26.4855,15.089071273803711
sub-025,02,control,control,right,face_STS,23.3158,38.7776,29.1531,13.752700805664062
sub-025,02,control,control,left,object_LOC,68.2593,22.3053,34.0953,16.91694450378418
sub-025,02,control,control,right,object_LOC,23.7714,23.7712,29.4905,16.722246170043945
sub-025,02,control,control,left,object_pF,62.609,39.8888,25.0469,16.272586822509766
sub-025,02,control,control,right,object_pF,22.6049,32.2311,27.3959,13.718613624572754
sub-025,02,control,control,left,word_VWFA,63.8953,43.4244,27.3568,6.712168216705322
sub-025,02,control,control,right,word_VWFA,29.6323,42.4505,24.9174,2.5812528133392334
sub-025,02,control,control,left,word_STG,65.8521,39.4017,31.0081,8.708868026733398
sub-025,02,control,control,right,word_STG,32.0194,43.3971,68.666,5.192630290985107
sub-025,02,control,control,left,evc,68.0652,77.1705,42.2576,7.415271282196045
sub-025,02,control,control,right,evc,22.5565,79.3472,45.4278,5.306161880493164
sub-025,03,control,control,left,face,65.0619,41.6851,26.0204,15.891204833984375
sub-025,03,control,control,right,face,22.8624,37.658,28.7505,16.378705978393555
sub-025,03,control,control,left,house,51.5718,18.7405,31.4425,16.017507553100586
sub-025,03,control,control,right,house,37.2367,20.092,29.7884,16.54818344116211
sub-025,03,control,control,left,object,67.9914,24.1042,29.2221,14.789112091064453
sub-025,03,control,control,right,object,21.2497,26.9393,27.0896,14.976730346679688
sub-025,03,control,control,left,word,66.86,45.2415,28.3571,4.777314186096191
sub-025,03,control,control,right,word,31.2525,41.8309,23.9836,3.7850656509399414
sub-025,03,control,control,left,house_PPA,55.964,41.7987,31.7123,7.759186267852783
sub-025,03,control,control,right,house_PPA,34.379,43.5415,30.6963,11.192474365234375
sub-025,03,control,control,left,house_TOS,51.5718,18.7405,31.4425,16.017507553100586
sub-025,03,control,control,right,house_TOS,37.2367,20.092,29.7884,16.54818344116211
sub-025,03,control,control,left,face_FFA,65.0619,41.6851,26.0204,15.891204833984375
sub-025,03,control,control,right,face_FFA,22.8624,37.658,28.7505,16.378705978393555
sub-025,03,control,control,left,face_STS,66.1861,38.6066,26.049,13.182938575744629
sub-025,03,control,control,right,face_STS,22.8624,37.658,28.7505,16.378705978393555
sub-025,03,control,control,left,object_LOC,67.9914,24.1042,29.2221,14.789112091064453
sub-025,03,control,control,right,object_LOC,21.2497,26.9393,27.0896,14.976730346679688
sub-025,03,control,control,left,object_pF,60.1748,39.767,31.1758,13.027191162109375
sub-025,03,control,control,right,object_pF,26.4451,44.5238,25.5076,13.244393348693848
sub-025,03,control,control,left,word_VWFA,66.86,45.2415,28.3571,4.777314186096191
sub-025,03,control,control,right,word_VWFA,29.1577,42.3414,24.3395,3.4649746417999268
sub-025,03,control,control,left,word_STG,65.4357,38.1937,30.0545,8.758169174194336
sub-025,03,control,control,right,word_STG,18.1647,59.7263,59.9139,4.485082626342773
sub-025,03,control,control,left,evc,67.5746,76.1392,42.406,6.614553451538086
sub-025,03,control,control,right,evc,23.5853,77.4559,46.3831,4.474520206451416
sub-027,01,control,control,left,face,57.5472,30.1669,30.2281,3.994793176651001
sub-027,01,control,control,right,face,34.0292,38.8564,31.0691,3.8468170166015625
sub-027,01,control,control,left,house,56.5324,37.2449,31.9311,6.579831123352051
sub-027,01,control,control,right,house,34.0292,38.8564,31.0691,6.0098772048950195
sub-027,01,control,control,left,object,72.1223,26.5527,33.7537,6.13745641708374
sub-027,01,control,control,right,object,18.0853,28.8516,32.7194,6.069560527801514
sub-027,01,control,control,left,word,61.3356,53.5088,23.3904,3.024465560913086
sub-027,01,control,control,right,word,31.671,31.7197,26.8905,3.043505907058716
sub-027,01,control,control,left,house_PPA,52.0973,41.3474,30.8558,4.782341003417969
sub-027,01,control,control,right,house_PPA,36.3625,43.3552,29.354,5.891203880310059
sub-027,01,control,control,left,house_TOS,56.5324,37.2449,31.9311,6.579831123352051
sub-027,01,control,control,right,house_TOS,34.0292,38.8564,31.0691,6.0098772048950195
sub-027,01,control,control,left,face_FFA,57.5472,30.1669,30.2281,3.994793176651001
sub-027,01,control,control,right,face_FFA,34.0292,38.8564,31.0691,3.8468170166015625
sub-027,01,control,control,left,face_STS,68.8301,31.0419,29.5507,4.79960823059082
sub-027,01,control,control,right,face_STS,39.0351,41.8186,66.6017,5.417631149291992
sub-027,01,control,control,left,object_LOC,72.1223,26.5527,33.7537,6.13745641708374
sub-027,01,control,control,right,object_LOC,18.0853,28.8516,32.7194,6.069560527801514
sub-027,01,control,control,left,object_pF,61.1293,41.4299,25.3139,5.72300910949707
sub-027,01,control,control,right,object_pF,25.5493,36.6012,28.8151,5.975994110107422
sub-027,01,control,control,left,word_VWFA,61.3356,53.5088,23.3904,3.024465560913086
sub-027,01,control,control,left,word_STG,71.1091,31.9808,26.3668,4.567477703094482
sub-027,01,control,control,right,word_STG,23.901,46.9626,69.7057,7.489383220672607
sub-027,01,control,control,left,evc,71.6478,69.295,51.3738,5.339667320251465
sub-027,01,control,control,right,evc,16.5307,73.7601,47.0125,4.529955863952637
sub-027,02,control,control,left,face,64.0577,47.5805,22.1863,7.635206699371338
sub-027,02,control,control,right,face,28.305,64.2176,14.7152,5.982337474822998
sub-027,02,control,control,left,house,55.9819,37.7678,30.6371,9.880715370178223
sub-027,02,control,control,right,house,34.7177,46.3751,30.876,9.161827087402344
sub-027,02,control,control,left,object,61.2966,18.4797,30.2679,11.081743240356445
sub-027,02,control,control,right,object,23.0502,22.2975,31.59,10.400097846984863
sub-027,02,control,control,left,house_PPA,52.6618,41.302,30.2446,9.082452774047852
sub-027,02,control,control,right,house_PPA,34.7177,46.3751,30.876,9.161827087402344
sub-027,02,control,control,left,house_TOS,55.9819,37.7678,30.6371,9.880715370178223
sub-027,02,control,control,right,house_TOS,35.2084,41.6164,28.9206,9.00800895690918
sub-027,02,control,control,left,face_FFA,64.0577,47.5805,22.1863,7.635206699371338
sub-027,02,control,control,right,face_FFA,24.5917,46.3644,26.5205,5.8272294998168945
sub-027,02,control,control,left,face_STS,68.8218,30.432,28.9987,5.725419044494629
sub-027,02,control,control,right,face_STS,21.5517,33.9687,32.1768,8.193841934204102
sub-027,02,control,control,left,object_LOC,61.2966,18.4797,30.2679,11.081743240356445
sub-027,02,control,control,right,object_LOC,23.0502,22.2975,31.59,10.400097846984863
sub-027,02,control,control,left,object_pF,60.378,31.3583,31.9618,8.291218757629395
sub-027,02,control,control,right,object_pF,26.1249,37.0995,27.5272,10.4757719039917
sub-027,02,control,control,left,word_STG,69.4698,36.4851,33.9071,8.677063941955566
sub-027,02,control,control,right,word_STG,19.9683,40.383,32.0961,7.207581520080566
sub-027,02,control,control,left,evc,66.5911,69.9492,50.6695,3.9349045753479004
sub-027,02,control,control,right,evc,17.8188,81.2146,35.0884,5.796751499176025
sub-038,02,control,control,left,face,64.6044,38.3613,29.6722,12.052722930908203
sub-038,02,control,control,right,face,20.1617,38.8237,25.4244,4.426836013793945
sub-038,02,control,control,left,house,48.2374,18.1377,34.6554,13.869002342224121
sub-038,02,control,control,right,house,31.0856,30.7807,33.0717,12.895631790161133
sub-038,02,control,control,left,object,68.7171,28.9818,34.8546,12.479697227478027
sub-038,02,control,control,right,object,22.174,28.1397,31.7854,15.370635032653809
sub-038,02,control,control,left,word,64.6122,39.3807,29.2398,8.765827178955078
sub-038,02,control,control,right,word,25.5139,53.7416,26.4349,2.5089097023010254
sub-038,02,control,control,left,house_PPA,56.2834,43.3941,31.8807,9.0046968460083
sub-038,02,control,control,right,house_PPA,28.0599,44.7102,30.8646,11.190982818603516
sub-038,02,control,control,left,house_TOS,48.2374,18.1377,34.6554,13.869002342224121
sub-038,02,control,control,right,house_TOS,31.0856,30.7807,33.0717,12.895631790161133
sub-038,02,control,control,left,face_FFA,64.6044,38.3613,29.6722,12.052722930908203
sub-038,02,control,control,right,face_FFA,20.1617,38.8237,25.4244,4.426836013793945
sub-038,02,control,control,left,face_STS,65.1271,38.3523,29.6731,10.83811092376709
sub-038,02,control,control,right,face_STS,19.639,38.8327,25.4235,4.594889163970947
sub-038,02,control,control,left,object_LOC,68.7171,28.9818,34.8546,12.479697227478027
sub-038,02,control,control,right,object_LOC,22.174,28.1397,31.7854,15.370635032653809
sub-038,02,control,control,left,object_pF,64.5664,33.7173,29.8002,10.68772029876709
sub-038,02,control,control,right,object_pF,24.8903,41.0832,28.737,11.182945251464844
sub-038,02,control,control,left,word_VWFA,64.734,56.2215,17.1869,4.997750282287598
sub-038,02,control,control,right,word_VWFA,25.5139,53.7416,26.4349,2.5089097023010254
sub-038,02,control,control,left,word_STG,65.1304,38.9943,28.1731,11.583239555358887
sub-038,02,control,control,right,word_STG,34.8928,42.9835,67.7758,4.936061859130859
sub-038,02,control,control,left,evc,72.8079,80.4169,41.2573,6.5136942863464355
sub-038,02,control,control,right,evc,23.6067,72.3879,49.2304,2.570779800415039
sub-045,02,nonOTC,right,right,face,24.6893,31.8272,28.47,15.238158226013184
sub-045,02,nonOTC,right,right,house,33.9651,35.5394,35.3468,14.208283424377441
sub-045,02,nonOTC,right,right,object,25.8518,24.0771,30.7141,15.296440124511719
sub-045,02,nonOTC,right,right,word,25.8579,33.6374,25.2438,4.582167625427246
sub-045,02,nonOTC,right,right,house_PPA,38.0255,44.9543,35.0174,5.400958061218262
sub-045,02,nonOTC,right,right,house_TOS,33.9651,35.5394,35.3468,14.208283424377441
sub-045,02,nonOTC,right,right,face_FFA,24.6893,31.8272,28.47,15.238158226013184
sub-045,02,nonOTC,right,right,face_STS,23.5235,38.4151,27.9332,9.871685028076172
sub-045,02,nonOTC,right,right,object_LOC,25.8518,24.0771,30.7141,15.296440124511719
sub-045,02,nonOTC,right,right,object_pF,30.4829,39.2533,32.6998,11.450939178466797
sub-045,02,nonOTC,right,right,word_VWFA,25.8563,45.5873,22.0704,3.156888008117676
sub-045,02,nonOTC,right,right,word_STG,37.9348,41.3328,72.6919,3.1877493858337402
sub-045,03,nonOTC,right,right,face,24.1083,31.8323,28.4698,11.583818435668945
sub-045,03,nonOTC,right,right,house,38.0553,19.5864,31.0762,12.652421951293945
sub-045,03,nonOTC,right,right,object,25.8503,24.2525,31.2862,13.667400360107422
sub-045,03,nonOTC,right,right,word,20.6306,34.0116,24.4821,5.765664577484131
sub-045,03,nonOTC,right,right,house_PPA,36.2872,44.9476,33.1129,5.314540386199951
sub-045,03,nonOTC,right,right,house_TOS,38.0553,19.5864,31.0762,12.652421951293945
sub-045,03,nonOTC,right,right,face_FFA,24.1083,31.8323,28.4698,11.583818435668945
sub-045,03,nonOTC,right,right,face_STS,23.5235,38.4151,27.9332,8.557733535766602
sub-045,03,nonOTC,right,right,object_LOC,25.8503,24.2525,31.2862,13.667400360107422
sub-045,03,nonOTC,right,right,object_pF,32.2287,37.3746,32.1195,12.142513275146484
sub-045,03,nonOTC,right,right,word_VWFA,24.106,50.0094,23.616,3.403909921646118
sub-045,03,nonOTC,right,right,word_STG,20.6306,34.5159,24.2944,4.926045894622803
sub-045,03,nonOTC,right,right,evc,17.0876,68.6177,36.4661,4.6105546951293945
sub-047,02,nonOTC,left,left,face,66.6696,33.3423,30.4544,13.419573783874512
sub-047,02,nonOTC,left,left,house,43.9775,21.8515,34.2851,14.477621078491211
sub-047,02,nonOTC,left,left,object,70.0124,27.3878,31.7645,13.914885520935059
sub-047,02,nonOTC,left,left,word,66.673,33.2251,24.4945,4.299241065979004
sub-047,02,nonOTC,left,left,house_PPA,54.4314,47.8604,32.0637,10.28345775604248
sub-047,02,nonOTC,left,left,house_TOS,65.0415,19.6216,43.0844,14.506546020507812
sub-047,02,nonOTC,left,left,face_FFA,66.6696,33.3423,30.4544,13.419573783874512
sub-047,02,nonOTC,left,left,face_STS,66.6696,33.3423,30.4544,13.419573783874512
sub-047,02,nonOTC,left,left,object_LOC,70.0124,27.3878,31.7645,13.914885520935059
sub-047,02,nonOTC,left,left,object_pF,64.44,37.6716,29.5011,10.953206062316895
sub-047,02,nonOTC,left,left,word_VWFA,62.7406,50.9904,22.9584,3.4794468879699707
sub-047,02,nonOTC,left,left,word_STG,73.3204,33.1212,32.2752,7.490119934082031
sub-047,02,nonOTC,left,left,evc,69.8554,76.7076,48.9477,6.068729400634766
sub-049,02,nonOTC,left,left,face,68.3748,33.0786,29.2352,12.28690242767334
sub-049,02,nonOTC,left,left,house,49.6779,17.9034,32.4452,16.803197860717773
sub-049,02,nonOTC,left,left,object,70.1262,30.6869,34.8362,19.943342208862305
sub-049,02,nonOTC,left,left,word,68.3755,32.9667,28.0744,6.368278503417969
sub-049,02,nonOTC,left,left,house_PPA,57.2647,42.1147,31.0058,10.625624656677246
sub-049,02,nonOTC,left,left,house_TOS,49.6779,17.9034,32.4452,16.803197860717773
sub-049,02,nonOTC,left,left,face_FFA,68.3748,33.0786,29.2352,12.28690242767334
sub-049,02,nonOTC,left,left,face_STS,69.5447,30.7655,29.5374,16.434467315673828
sub-049,02,nonOTC,left,left,object_LOC,70.1262,30.6869,34.8362,19.943342208862305
sub-049,02,nonOTC,left,left,object_pF,66.0382,31.8461,28.2265,9.643193244934082
sub-049,02,nonOTC,left,left,word_VWFA,60.7762,43.4757,21.4161,2.993518590927124
sub-049,02,nonOTC,left,left,word_STG,67.2028,35.7272,32.4151,13.162744522094727
sub-049,02,nonOTC,left,left,evc,66.5919,73.2102,46.8764,6.841187477111816
sub-052,01,control,control,left,face,62.2686,40.2876,26.5694,7.423463344573975
sub-052,01,control,control,right,face,25.6442,37.7738,26.0192,6.1067705154418945
sub-052,01,control,control,left,house,57.2694,36.7585,33.4956,11.558332443237305
sub-052,01,control,control,right,house,30.9839,38.7496,34.4249,11.461417198181152
sub-052,01,control,control,left,object,65.0808,23.088,29.7694,10.317777633666992
sub-052,01,control,control,right,object,19.3621,27.9505,35.9549,10.305268287658691
sub-052,01,control,control,left,word,63.1084,44.06,22.5454,3.6242713928222656
sub-052,01,control,control,right,word,27.6013,64.8922,16.962,3.887906312942505
sub-052,01,control,control,left,house_PPA,52.7418,43.8262,29.7529,6.303036212921143
sub-052,01,control,control,right,house_PPA,33.8564,44.2348,30.4618,5.174777507781982
sub-052,01,control,control,left,house_TOS,57.2694,36.7585,33.4956,11.558332443237305
sub-052,01,control,control,right,house_TOS,30.9839,38.7496,34.4249,11.461417198181152
sub-052,01,control,control,left,face_FFA,62.2686,40.2876,26.5694,7.423463344573975
sub-052,01,control,control,right,face_FFA,25.6442,37.7738,26.0192,6.1067705154418945
sub-052,01,control,control,left,face_STS,55.7881,49.5783,70.6656,2.976109504699707
sub-052,01,control,control,right,face_STS,22.9801,38.7524,25.7697,4.7925214767456055
sub-052,01,control,control,left,object_LOC,65.0808,23.088,29.7694,10.317777633666992
sub-052,01,control,control,right,object_LOC,19.3621,27.9505,35.9549,10.305268287658691
sub-052,01,control,control,left,object_pF,65.5572,36.1326,25.3966,10.703498840332031
sub-052,01,control,control,right,object_pF,25.7362,36.0677,27.6804,10.481673240661621
sub-052,01,control,control,left,word_VWFA,63.1084,44.06,22.5454,3.6242713928222656
sub-052,01,control,control,right,word_VWFA,27.6013,64.8922,16.962,3.887906312942505
sub-052,01,control,control,left,word_STG,68.9666,30.2492,27.6426,9.81769847869873
sub-052,01,control,control,right,word_STG,41.9807,42.7425,76.329,4.821733474731445
sub-052,01,control,control,left,evc,69.898,69.4306,49.5468,5.035529613494873
sub-052,01,control,control,right,evc,16.4035,69.8689,50.6934,5.505377292633057
sub-052,02,control,control,left,face,61.321,37.0895,25.1737,11.187885284423828
sub-052,02,control,control,right,face,25.6223,38.2812,25.8723,9.83755111694336
sub-052,02,control,control,left,house,56.7235,37.2587,33.3576,12.83436393737793
sub-052,02,control,control,right,house,36.4619,18.6087,33.189,13.95711898803711
sub-052,02,control,control,left,object,65.5588,23.9483,28.9299,10.880881309509277
sub-052,02,control,control,right,object,19.3223,27.1642,31.5128,8.640875816345215
sub-052,02,control,control,left,word,67.3198,31.1028,25.0809,10.347405433654785
sub-052,02,control,control,right,word,25.1505,35.7816,23.1003,7.03790283203125
sub-052,02,control,control,left,house_PPA,54.2921,44.3553,29.5795,7.330087184906006
sub-052,02,control,control,right,house_PPA,34.3608,44.9111,30.843,8.45592975616455
sub-052,02,control,control,left,house_TOS,56.7235,37.2587,33.3576,12.83436393737793
sub-052,02,control,control,right,house_TOS,36.4619,18.6087,33.189,13.95711898803711
sub-052,02,control,control,left,face_FFA,61.321,37.0895,25.1737,11.187885284423828
sub-052,02,control,control,right,face_FFA,25.6223,38.2812,25.8723,9.83755111694336
sub-052,02,control,control,left,face_STS,46.0604,40.9267,64.5424,5.737024307250977
sub-052,02,control,control,right,face_STS,22.9363,39.7671,25.476,7.8496994972229
sub-052,02,control,control,left,object_LOC,65.5588,23.9483,28.9299,10.880881309509277
sub-052,02,control,control,right,object_LOC,19.3223,27.1642,31.5128,8.640875816345215
sub-052,02,control,control,left,object_pF,65.0332,36.1254,25.4054,13.089676856994629
sub-052,02,control,control,right,object_pF,26.2428,36.9057,28.5985,12.096047401428223
sub-052,02,control,control,left,word_VWFA,64.2003,43.0597,22.8214,7.844069957733154
sub-052,02,control,control,right,word_VWFA,24.1974,46.5687,22.3197,4.151103973388672
sub-052,02,control,control,left,word_STG,68.392,30.7716,25.747,14.157153129577637
sub-052,02,control,control,right,word_STG,16.7684,37.9519,29.0012,8.101739883422852
sub-052,02,control,control,left,evc,65.6967,68.7259,47.47,4.549936294555664
sub-052,02,control,control,right,evc,14.1361,72.098,45.4055,3.6089000701904297
sub-057,02,control,control,left,face,65.1679,35.8172,31.8981,16.813472747802734
sub-057,02,control,control,right,face,25.2582,44.1116,28.6682,14.430312156677246
sub-057,02,control,control,left,house,58.2911,42.7007,31.5288,12.098045349121094
sub-057,02,control,control,right,house,36.7616,22.2674,31.9168,14.184491157531738
sub-057,02,control,control,left,object,69.9109,28.2705,31.9024,14.684514045715332
sub-057,02,control,control,right,object,21.8079,30.4241,35.6318,13.92276382446289
sub-057,02,control,control,left,word,65.8843,48.4442,27.8144,4.9933648109436035
sub-057,02,control,control,right,word,22.3819,57.3813,17.4112,2.4677600860595703
sub-057,02,control,control,left,house_PPA,58.2911,42.7007,31.5288,12.098045349121094
sub-057,02,control,control,right,house_PPA,35.9523,48.1807,29.5237,8.984528541564941
sub-057,02,control,control,left,house_TOS,58.2911,42.7007,31.5288,12.098045349121094
sub-057,02,control,control,right,house_TOS,29.5103,17.8518,46.0863,14.796257972717285
sub-057,02,control,control,left,face_FFA,65.1679,35.8172,31.8981,16.813472747802734
sub-057,02,control,control,right,face_FFA,25.2582,44.1116,28.6682,14.430312156677246
sub-057,02,control,control,left,face_STS,65.7097,36.2914,31.6905,16.952499389648438
sub-057,02,control,control,right,face_STS,22.5161,33.6269,27.9929,7.504655361175537
sub-057,02,control,control,left,object_LOC,69.9109,28.2705,31.9024,14.684514045715332
sub-057,02,control,control,right,object_LOC,21.8079,30.4241,35.6318,13.92276382446289
sub-057,02,control,control,left,object_pF,63.6424,40.1596,29.8074,16.22197914123535
sub-057,02,control,control,right,object_pF,28.5422,44.7506,24.7728,10.006546974182129
sub-057,02,control,control,left,word_VWFA,65.8843,48.4442,27.8144,4.9933648109436035
sub-057,02,control,control,right,word_VWFA,22.3819,57.3813,17.4112,2.4677600860595703
sub-057,02,control,control,left,word_STG,69.9608,30.465,30.2547,5.797557830810547
sub-057,02,control,control,right,word_STG,22.4495,33.9115,31.5472,7.241057395935059
sub-057,02,control,control,left,evc,65.3668,81.0586,40.7238,4.289008140563965
sub-057,02,control,control,right,evc,24.1656,77.082,43.8532,4.715221405029297
sub-058,01,control,control,left,face,63.672,49.0284,28.7741,6.886967182159424
sub-058,01,control,control,right,face,25.1929,36.6287,29.623,6.797869682312012
sub-058,01,control,control,left,house,48.4182,20.2572,30.9868,9.889995574951172
sub-058,01,control,control,right,house,37.4091,18.2764,32.9241,6.759608745574951
sub-058,01,control,control,left,object,68.9673,28.9881,30.212,14.969585418701172
sub-058,01,control,control,right,object,23.7574,28.3213,34.2114,10.641748428344727
sub-058,01,control,control,left,word,67.199,39.0045,24.389,5.256377696990967
sub-058,01,control,control,right,word,30.0419,55.2859,16.546,3.548619031906128
sub-058,01,control,control,left,house_PPA,55.8551,41.896,31.7433,4.887789726257324
sub-058,01,control,control,right,house_PPA,36.2614,47.2629,29.0793,3.196549415588379
sub-058,01,control,control,left,house_TOS,48.4182,20.2572,30.9868,9.889995574951172
sub-058,01,control,control,right,house_TOS,31.3981,18.3093,42.1391,7.630785942077637
sub-058,01,control,control,left,face_FFA,63.672,49.0284,28.7741,6.886967182159424
sub-058,01,control,control,right,face_FFA,25.1929,36.6287,29.623,6.797869682312012
sub-058,01,control,control,left,face_STS,67.202,37.8674,24.5184,6.772066116333008
sub-058,01,control,control,right,face_STS,22.9651,36.4848,26.1708,5.073946952819824
sub-058,01,control,control,left,object_LOC,68.9673,28.9881,30.212,14.969585418701172
sub-058,01,control,control,right,object_LOC,23.7574,28.3213,34.2114,10.641748428344727
sub-058,01,control,control,left,object_pF,64.1797,40.4266,28.5391,14.20622444152832
sub-058,01,control,control,right,object_pF,28.2194,40.3547,25.4814,11.562372207641602
sub-058,01,control,control,left,word_VWFA,66.6711,39.584,24.3479,4.444024562835693
sub-058,01,control,control,right,word_VWFA,30.0419,55.2859,16.546,3.548619031906128
sub-058,01,control,control,left,word_STG,65.8841,31.4534,32.4594,9.667742729187012
sub-058,01,control,control,right,word_STG,20.684,46.1442,66.8731,3.7749361991882324
sub-058,01,control,control,right,evc,19.0448,74.123,33.3841,2.746466875076294
sub-058,02,control,control,left,face,67.2063,36.1617,24.7126,9.78498649597168
sub-058,02,control,control,right,face,25.1944,36.0601,29.6877,10.93399429321289
sub-058,02,control,control,left,house,52.0846,19.5805,30.295,11.118759155273438
sub-058,02,control,control,right,house,32.7113,42.4108,33.3739,9.209025382995605
sub-058,02,control,control,left,object,68.141,28.2173,36.8911,12.371394157409668
sub-058,02,control,control,right,object,24.1989,23.2932,47.2722,9.311087608337402
sub-058,02,control,control,left,word,67.199,39.0045,24.389,7.109897136688232
sub-058,02,control,control,right,word,25.6878,63.1456,12.2822,2.9577648639678955
sub-058,02,control,control,left,house_PPA,55.8551,41.896,31.7433,5.01671838760376
sub-058,02,control,control,right,house_PPA,33.7177,44.6004,31.8856,6.344943046569824
sub-058,02,control,control,left,house_TOS,52.0846,19.5805,30.295,11.118759155273438
sub-058,02,control,control,right,house_TOS,32.7113,42.4108,33.3739,9.209025382995605
sub-058,02,control,control,left,face_FFA,67.2063,36.1617,24.7126,9.78498649597168
sub-058,02,control,control,right,face_FFA,25.1944,36.0601,29.6877,10.93399429321289
sub-058,02,control,control,left,face_STS,67.2063,36.1617,24.7126,9.78498649597168
sub-058,02,control,control,right,face_STS,22.9651,36.4848,26.1708,8.545051574707031
sub-058,02,control,control,left,object_LOC,68.141,28.2173,36.8911,12.371394157409668
sub-058,02,control,control,right,object_LOC,24.1989,23.2932,47.2722,9.311087608337402
sub-058,02,control,control,left,object_pF,64.0432,37.9333,24.6602,12.661300659179688
sub-058,02,control,control,right,object_pF,27.1433,41.4825,24.8081,9.560166358947754
sub-058,02,control,control,left,word_VWFA,66.6711,39.584,24.3479,6.076739311218262
sub-058,02,control,control,right,word_VWFA,25.6878,63.1456,12.2822,2.9577648639678955
sub-058,02,control,control,left,word_STG,65.8855,30.8849,32.5241,11.42117977142334
sub-058,02,control,control,right,word_STG,11.4498,42.5372,28.4078,5.178199291229248
sub-058,02,control,control,left,evc,69.0225,72.7045,45.4795,4.860236644744873
sub-059,02,control,control,left,face,63.5257,36.2694,31.1131,5.0862016677856445
sub-059,02,control,control,right,face,24.372,41.6037,25.7906,8.67905044555664
sub-059,02,control,control,left,house,55.8334,38.8203,36.4711,9.457239151000977
sub-059,02,control,control,right,house,33.2226,38.0785,34.8743,9.938376426696777
sub-059,02,control,control,left,object,65.1579,29.0369,28.9125,12.568864822387695
sub-059,02,control,control,right,object,24.9396,21.4763,38.9345,12.643410682678223
sub-059,02,control,control,left,word,64.6259,45.558,26.333,8.632655143737793
sub-059,02,control,control,right,word,22.7328,41.2886,29.6304,7.5371246337890625
sub-059,02,control,control,left,house_PPA,52.5148,42.4133,32.1259,6.511383533477783
sub-059,02,control,control,right,house_PPA,31.5638,46.1527,30.0121,5.482791900634766
sub-059,02,control,control,left,house_TOS,55.8334,38.8203,36.4711,9.457239151000977
sub-059,02,control,control,right,house_TOS,33.2226,38.0785,34.8743,9.938376426696777
sub-059,02,control,control,left,face_FFA,63.5257,36.2694,31.1131,5.0862016677856445
sub-059,02,control,control,right,face_FFA,24.372,41.6037,25.7906,8.67905044555664
sub-059,02,control,control,left,face_STS,60.3976,50.3002,70.0093,3.3398358821868896
sub-059,02,control,control,right,face_STS,22.713,40.1843,25.1453,7.676792621612549
sub-059,02,control,control,left,object_LOC,65.1579,29.0369,28.9125,12.568864822387695
sub-059,02,control,control,right,object_LOC,24.9396,21.4763,38.9345,12.643410682678223
sub-059,02,control,control,left,object_pF,61.3045,39.4556,25.6684,12.981724739074707
sub-059,02,control,control,right,object_pF,27.6695,40.7869,23.5646,13.120594024658203
sub-059,02,control,control,left,word_VWFA,64.6259,45.558,26.333,8.632655143737793
sub-059,02,control,control,right,word_VWFA,24.9387,44.344,28.4145,3.9566938877105713
sub-059,02,control,control,left,word_STG,71.8951,56.8738,46.9898,7.793286323547363
sub-059,02,control,control,right,word_STG,22.1816,41.2902,29.6438,8.680008888244629
sub-059,02,control,control,left,evc,70.2683,66.0408,49.6822,5.480465412139893
sub-059,02,control,control,right,evc,19.5518,74.9693,46.3543,5.42356538772583
sub-062,01,control,control,left,face,69.6721,35.3505,27.1644,6.472737789154053
sub-062,01,control,control,right,face,23.4942,37.4001,28.8005,14.456389427185059
sub-062,01,control,control,left,house,48.3447,17.0315,30.0711,11.577164649963379
sub-062,01,control,control,right,house,27.954,42.6946,31.5125,13.311589241027832
sub-062,01,control,control,left,object,67.9369,23.2596,33.9221,11.735588073730469
sub-062,01,control,control,right,object,21.6989,24.4634,34.5333,10.61806583404541
sub-062,01,control,control,left,word,55.8115,30.9533,29.24,4.259210109710693
sub-062,01,control,control,right,word,34.7806,32.7244,28.4931,3.0702033042907715
sub-062,01,control,control,left,house_PPA,56.8629,41.6597,29.0384,9.332195281982422
sub-062,01,control,control,right,house_PPA,27.8587,44.116,29.941,12.292060852050781
sub-062,01,control,control,left,house_TOS,48.3447,17.0315,30.0711,11.577164649963379
sub-062,01,control,control,right,house_TOS,27.954,42.6946,31.5125,13.311589241027832
sub-062,01,control,control,left,face_FFA,69.6721,35.3505,27.1644,6.472737789154053
sub-062,01,control,control,right,face_FFA,23.4942,37.4001,28.8005,14.456389427185059
sub-062,01,control,control,left,face_STS,69.6721,35.3505,27.1644,6.472737789154053
sub-062,01,control,control,right,face_STS,23.4942,37.4001,28.8005,14.456389427185059
sub-062,01,control,control,left,object_LOC,67.9369,23.2596,33.9221,11.735588073730469
sub-062,01,control,control,right,object_LOC,21.6989,24.4634,34.5333,10.61806583404541
sub-062,01,control,control,left,object_pF,67.4746,38.8596,26.4746,12.313072204589844
sub-062,01,control,control,right,object_pF,21.6518,40.7513,25.0376,11.803035736083984
sub-062,01,control,control,left,word_STG,71.4255,40.074,29.5949,12.706831932067871
sub-062,01,control,control,right,word_STG,19.0768,34.0851,26.8401,5.741737365722656
sub-062,01,control,control,left,evc,67.1903,80.0639,40.5812,5.698441028594971
sub-062,01,control,control,right,evc,19.1372,80.5118,37.8054,5.946118354797363
sub-062,02,control,control,left,face,69.1704,35.5171,27.7777,9.299610137939453
sub-062,02,control,control,right,face,23.4942,37.4001,28.8005,15.976076126098633
sub-062,02,control,control,left,house,59.7856,40.0943,32.907,13.236160278320312
sub-062,02,control,control,right,house,27.3834,42.5822,30.9643,15.212959289550781
sub-062,02,control,control,left,object,63.57,23.764,32.8841,11.408437728881836
sub-062,02,control,control,right,object,22.2351,24.4363,34.5008,9.280900001525879
sub-062,02,control,control,left,word,67.978,33.8795,25.7929,3.454174280166626
sub-062,02,control,control,right,word,31.3995,34.0291,25.9552,3.375744342803955
sub-062,02,control,control,left,house_PPA,56.8629,41.6597,29.0384,11.664300918579102
sub-062,02,control,control,right,house_PPA,27.8587,44.116,29.941,13.775238037109375
sub-062,02,control,control,left,house_TOS,59.7856,40.0943,32.907,13.236160278320312
sub-062,02,control,control,right,house_TOS,27.3834,42.5822,30.9643,15.212959289550781
sub-062,02,control,control,left,face_FFA,69.1704,35.5171,27.7777,9.299610137939453
sub-062,02,control,control,right,face_FFA,23.4942,37.4001,28.8005,15.976076126098633
sub-062,02,control,control,left,face_STS,69.7066,35.49,27.7451,9.58132553100586
sub-062,02,control,control,right,face_STS,23.4942,37.4001,28.8005,15.976076126098633
sub-062,02,control,control,left,object_LOC,63.57,23.764,32.8841,11.408437728881836
sub-062,02,control,control,right,object_LOC,22.2351,24.4363,34.5008,9.280900001525879
sub-062,02,control,control,left,object_pF,67.4746,38.8596,26.4746,11.806386947631836
sub-062,02,control,control,right,object_pF,21.7039,39.7572,25.8917,8.700715065002441
sub-062,02,control,control,left,word_VWFA,55.6873,41.2952,27.3611,2.7600619792938232
sub-062,02,control,control,left,word_STG,71.4255,40.074,29.5949,12.122411727905273
sub-062,02,control,control,right,word_STG,17.0532,33.4784,28.9858,5.36625337600708
sub-062,02,control,control,left,evc,68.3139,81.4225,41.4044,5.021505355834961
sub-062,02,control,control,right,evc,18.0393,79.8596,37.4263,4.702130317687988
sub-064,01,control,control,left,face,64.1756,42.7604,22.8823,7.3981733322143555
sub-064,01,control,control,right,face,24.2907,41.497,29.8691,6.941613674163818
sub-064,01,control,control,left,house,48.8163,18.7996,34.8547,9.942915916442871
sub-064,01,control,control,right,house,38.4397,22.2484,34.6361,11.967927932739258
sub-064,01,control,control,left,object,68.3676,28.1936,32.978,11.440540313720703
sub-064,01,control,control,right,object,22.8359,27.1767,35.8118,8.915736198425293
sub-064,01,control,control,left,word,66.1144,38.15,25.618,4.394800186157227
sub-064,01,control,control,right,word,27.7901,50.6502,21.5549,2.950709819793701
sub-064,01,control,control,left,house_PPA,55.1188,44.1855,31.8135,7.020617485046387
sub-064,01,control,control,right,house_PPA,33.7811,46.8407,30.5334,6.040019989013672
sub-064,01,control,control,left,house_TOS,59.5745,17.7537,43.275,12.03664779663086
sub-064,01,control,control,right,house_TOS,32.9665,19.5521,43.3057,12.948756217956543
sub-064,01,control,control,left,face_FFA,64.1756,42.7604,22.8823,7.3981733322143555
sub-064,01,control,control,right,face_FFA,24.2907,41.497,29.8691,6.941613674163818
sub-064,01,control,control,left,face_STS,66.1011,37.5968,25.7357,3.771942138671875
sub-064,01,control,control,right,face_STS,22.3061,43.0945,26.613,3.9258193969726562
sub-064,01,control,control,left,object_LOC,68.3676,28.1936,32.978,11.440540313720703
sub-064,01,control,control,right,object_LOC,22.8359,27.1767,35.8118,8.915736198425293
sub-064,01,control,control,left,object_pF,65.0348,39.9971,28.7024,7.438093185424805
sub-064,01,control,control,right,object_pF,25.3354,41.4964,29.8758,9.775543212890625
sub-064,01,control,control,left,word_VWFA,66.1519,44.1158,28.9941,4.049801349639893
sub-064,01,control,control,right,word_VWFA,27.7901,50.6502,21.5549,2.950709819793701
sub-064,01,control,control,left,word_STG,67.459,34.4032,32.2312,11.632083892822266
sub-064,01,control,control,right,word_STG,18.9442,47.1162,62.9015,3.8073654174804688
sub-064,01,control,control,left,evc,71.173,79.4745,44.7276,3.3592734336853027
sub-064,01,control,control,right,evc,16.3092,69.7875,37.1534,3.095301866531372
sub-064,02,control,control,left,face,64.6641,42.4535,24.1121,8.062167167663574
sub-064,02,control,control,right,face,23.7684,41.4973,29.8658,8.747305870056152
sub-064,02,control,control,left,house,55.1291,44.0622,31.2591,8.396538734436035
sub-064,02,control,control,right,house,40.4564,18.1279,34.3645,9.407610893249512
sub-064,02,control,control,left,object,65.8606,29.7915,29.7185,10.994230270385742
sub-064,02,control,control,right,object,22.3003,26.6238,35.9262,8.146759986877441
sub-064,02,control,control,left,word,67.4807,32.0035,29.2578,5.764204502105713
sub-064,02,control,control,right,word,25.6064,64.0494,14.0432,4.3702239990234375
sub-064,02,control,control,left,house_PPA,55.1291,44.0622,31.2591,8.396538734436035
sub-064,02,control,control,right,house_PPA,34.2442,43.2743,30.1341,7.757564067840576
sub-064,02,control,control,left,house_TOS,58.1193,18.551,39.0311,9.50688648223877
sub-064,02,control,control,right,house_TOS,40.4564,18.1279,34.3645,9.407610893249512
sub-064,02,control,control,left,face_FFA,64.6641,42.4535,24.1121,8.062167167663574
sub-064,02,control,control,right,face_FFA,23.7684,41.4973,29.8658,8.747305870056152
sub-064,02,control,control,left,face_STS,53.3305,42.4238,62.9551,3.2142341136932373
sub-064,02,control,control,right,face_STS,22.7812,42.2344,27.9605,5.124971389770508
sub-064,02,control,control,left,object_LOC,65.8606,29.7915,29.7185,10.994230270385742
sub-064,02,control,control,right,object_LOC,22.3003,26.6238,35.9262,8.146759986877441
sub-064,02,control,control,left,object_pF,65.3782,31.4515,29.3621,9.655394554138184
sub-064,02,control,control,right,object_pF,25.3825,42.3562,28.5317,9.241130828857422
sub-064,02,control,control,left,word_VWFA,66.7183,44.2988,27.2165,5.722327709197998
sub-064,02,control,control,right,word_VWFA,25.6064,64.0494,14.0432,4.3702239990234375
sub-064,02,control,control,left,word_STG,67.459,34.4032,32.2312,11.935507774353027
sub-064,02,control,control,right,word_STG,19.6371,42.3595,28.4948,6.019171237945557
sub-064,02,control,control,left,evc,71.1863,80.0277,44.6099,6.878387451171875
sub-064,02,control,control,right,evc,16.9137,80.9188,42.9177,3.0443437099456787
sub-066,01,OTC,right,right,face,23.0787,37.249,29.1541,11.027703285217285
sub-066,01,OTC,right,right,house,27.5756,41.8956,32.9973,11.18743896484375
sub-066,01,OTC,right,right,object,20.2849,29.3196,41.337,17.405147552490234
sub-066,01,OTC,right,right,word,30.4337,31.0546,27.7874,5.1809306144714355
sub-066,01,OTC,right,right,house_PPA,29.8246,44.1302,30.7992,9.466951370239258
sub-066,01,OTC,right,right,house_TOS,27.5756,41.8956,32.9973,11.18743896484375
sub-066,01,OTC,right,right,face_FFA,23.0787,37.249,29.1541,11.027703285217285
sub-066,01,OTC,right,right,face_STS,23.0787,37.249,29.1541,11.027703285217285
sub-066,01,OTC,right,right,object_LOC,20.2849,29.3196,41.337,17.405147552490234
sub-066,01,OTC,right,right,object_pF,25.3247,40.3166,27.2576,13.03353214263916
sub-066,01,OTC,right,right,word_VWFA,28.6751,50.3397,25.7303,3.7800824642181396
sub-066,01,OTC,right,right,word_STG,19.0686,54.8785,50.1581,14.06847858428955
sub-066,01,OTC,right,right,evc,27.4773,70.4227,48.9193,8.46721076965332
sub-067,02,control,control,left,face,67.4923,32.3537,25.1566,4.358263969421387
sub-067,02,control,control,right,face,26.0814,34.9656,30.5694,6.661748886108398
sub-067,02,control,control,left,house,55.4936,42.4914,31.8644,5.82971715927124
sub-067,02,control,control,right,house,30.974,41.2296,33.1256,5.676689147949219
sub-067,02,control,control,left,object,70.3167,29.2743,34.6146,9.62488079071045
sub-067,02,control,control,right,object,17.9556,31.3727,34.3932,6.829259872436523
sub-067,02,control,control,left,word,67.398,43.4086,21.6576,3.165288209915161
sub-067,02,control,control,right,word,29.0798,59.1891,15.0227,2.457745313644409
sub-067,02,control,control,left,house_PPA,55.4936,42.4914,31.8644,5.82971715927124
sub-067,02,control,control,right,house_PPA,34.7399,46.5349,30.7598,4.4784255027771
sub-067,02,control,control,left,house_TOS,55.4936,42.4914,31.8644,5.82971715927124
sub-067,02,control,control,right,house_TOS,30.0296,20.1994,35.8652,7.0078511238098145
sub-067,02,control,control,left,face_FFA,67.4923,32.3537,25.1566,4.358263969421387
sub-067,02,control,control,right,face_FFA,26.0814,34.9656,30.5694,6.661748886108398
sub-067,02,control,control,left,face_STS,67.4915,33.0965,25.5758,4.3229498863220215
sub-067,02,control,control,right,face_STS,22.816,32.9547,29.9249,5.163299560546875
sub-067,02,control,control,left,object_LOC,70.3167,29.2743,34.6146,9.62488079071045
sub-067,02,control,control,right,object_LOC,17.9556,31.3727,34.3932,6.829259872436523
sub-067,02,control,control,left,object_pF,68.0697,33.1269,29.4876,6.428010940551758
sub-067,02,control,control,right,object_pF,26.5741,37.8799,26.3707,5.709808349609375
sub-067,02,control,control,left,word_VWFA,67.398,43.4086,21.6576,3.165288209915161
sub-067,02,control,control,right,word_VWFA,29.0798,59.1891,15.0227,2.457745313644409
sub-067,02,control,control,left,word_STG,66.9429,39.9766,29.9462,5.381196975708008
sub-067,02,control,control,right,word_STG,22.3723,53.518,56.1378,4.555121421813965
sub-067,02,control,control,left,evc,75.0111,70.4662,37.8937,5.002662658691406
sub-068,02,control,control,left,face,64.1749,44.0741,29.7432,13.458335876464844
sub-068,02,control,control,right,face,24.4884,35.7021,28.0478,15.353206634521484
sub-068,02,control,control,left,house,51.274,18.1798,32.2164,11.491129875183105
sub-068,02,control,control,right,house,36.2494,19.2105,33.3783,9.536534309387207
sub-068,02,control,control,left,object,64.151,31.0929,32.7111,11.615861892700195
sub-068,02,control,control,right,object,26.044,23.8457,36.2819,11.031712532043457
sub-068,02,control,control,left,word,64.1967,37.928,25.3703,10.72339916229248
sub-068,02,control,control,right,word,27.2082,42.4609,22.0628,2.84498929977417
sub-068,02,control,control,left,house_PPA,57.1958,41.7139,30.6029,7.454253673553467
sub-068,02,control,control,right,house_PPA,35.2232,48.4196,27.9474,7.289184093475342
sub-068,02,control,control,left,house_TOS,51.274,18.1798,32.2164,11.491129875183105
sub-068,02,control,control,right,house_TOS,36.2494,19.2105,33.3783,9.536534309387207
sub-068,02,control,control,left,face_FFA,64.1749,44.0741,29.7432,13.458335876464844
sub-068,02,control,control,right,face_FFA,24.4884,35.7021,28.0478,15.353206634521484
sub-068,02,control,control,left,face_STS,65.2649,37.6449,26.1466,12.228686332702637
sub-068,02,control,control,right,face_STS,23.9492,35.9532,28.5649,11.557914733886719
sub-068,02,control,control,left,object_LOC,64.151,31.0929,32.7111,11.615861892700195
sub-068,02,control,control,right,object_LOC,26.044,23.8457,36.2819,11.031712532043457
sub-068,02,control,control,left,object_pF,64.6947,32.3444,31.5566,11.450592041015625
sub-068,02,control,control,right,object_pF,27.7239,44.1297,25.8075,13.08961296081543
sub-068,02,control,control,left,word_VWFA,64.1823,46.5785,28.681,8.820446968078613
sub-068,02,control,control,right,word_VWFA,24.4916,45.3962,28.3777,2.7910056114196777
sub-068,02,control,control,left,word_STG,66.3064,30.8294,30.9627,11.003140449523926
sub-068,02,control,control,right,word_STG,18.9984,58.0493,52.0906,5.89225435256958
sub-068,02,control,control,left,evc,68.3762,69.3104,47.6801,6.198429107666016
sub-068,02,control,control,right,evc,27.6027,69.6112,49.2642,4.411179542541504
sub-068,03,control,control,left,face,64.185,37.6462,27.3934,13.563194274902344
sub-068,03,control,control,right,face,24.4899,36.203,27.8353,14.74995231628418
sub-068,03,control,control,left,house,47.5025,18.4557,35.1959,10.179430961608887
sub-068,03,control,control,right,house,33.0559,43.4342,31.2875,11.022215843200684
sub-068,03,control,control,left,object,64.6888,31.5826,32.5142,10.672185897827148
sub-068,03,control,control,right,object,22.8588,29.9648,31.0832,10.24155330657959
sub-068,03,control,control,left,word,64.1938,38.168,25.903,10.981365203857422
sub-068,03,control,control,right,word,24.493,44.6554,28.0575,2.543484926223755
sub-068,03,control,control,left,house_PPA,57.7307,42.4437,30.9388,9.587191581726074
sub-068,03,control,control,right,house_PPA,35.2217,47.9187,28.1599,9.980378150939941
sub-068,03,control,control,left,house_TOS,61.3814,25.9303,47.537,10.275038719177246
sub-068,03,control,control,right,house_TOS,33.0559,43.4342,31.2875,11.022215843200684
sub-068,03,control,control,left,face_FFA,64.185,37.6462,27.3934,13.563194274902344
sub-068,03,control,control,right,face_FFA,24.4899,36.203,27.8353,14.74995231628418
sub-068,03,control,control,left,face_STS,65.262,37.8849,26.6794,12.295876502990723
sub-068,03,control,control,right,face_STS,23.9492,35.9532,28.5649,11.183852195739746
sub-068,03,control,control,left,object_LOC,64.6888,31.5826,32.5142,10.672185897827148
sub-068,03,control,control,right,object_LOC,22.8588,29.9648,31.0832,10.24155330657959
sub-068,03,control,control,left,object_pF,64.6932,33.0853,31.8769,10.661299705505371
sub-068,03,control,control,right,object_pF,27.7224,43.6288,26.02,12.93074893951416
sub-068,03,control,control,left,word_VWFA,64.1749,44.0741,29.7432,8.106783866882324
sub-068,03,control,control,right,word_VWFA,24.493,44.6554,28.0575,2.543484926223755
sub-068,03,control,control,left,word_STG,66.3064,30.8294,30.9627,10.946428298950195
sub-068,03,control,control,right,word_STG,18.9896,57.5275,53.581,5.268712043762207
sub-068,03,control,control,left,evc,66.7735,77.5561,47.3228,5.772264003753662
sub-068,03,control,control,right,evc,25.9968,69.4045,48.6847,4.157809257507324
sub-069,01,OTC,right,right,face,24.1889,37.2615,23.8821,3.7716617584228516
sub-069,01,OTC,right,right,house,41.6392,19.0239,32.5925,3.377643585205078
sub-069,01,OTC,right,right,object,22.4983,19.3551,39.8797,6.617507457733154
sub-069,01,OTC,right,right,word,23.6263,36.7443,24.0999,6.185850143432617
sub-069,01,OTC,right,right,house_PPA,34.301,65.5951,22.4356,3.2664191722869873
sub-069,01,OTC,right,right,house_TOS,30.9243,29.0596,49.8467,3.58626127243042
sub-069,01,OTC,right,right,face_FFA,24.1889,37.2615,23.8821,3.7716617584228516
sub-069,01,OTC,right,right,face_STS,25.2706,53.5213,60.4695,5.019259929656982
sub-069,01,OTC,right,right,object_LOC,22.4983,19.3551,39.8797,6.617507457733154
sub-069,01,OTC,right,right,object_pF,28.127,34.4056,27.4909,3.0413060188293457
sub-069,01,OTC,right,right,word_VWFA,24.1858,44.0168,22.2961,5.399921894073486
sub-069,01,OTC,right,right,word_STG,12.9239,43.699,29.8125,6.408870697021484
sub-069,01,OTC,right,right,evc,19.6426,67.3092,50.4948,3.6983795166015625
sub-070,02,nonOTC,right,right,face,22.5728,32.4697,27.9736,12.958816528320312
sub-070,02,nonOTC,right,right,house,32.4261,43.0724,32.7874,18.313392639160156
sub-070,02,nonOTC,right,right,object,23.6624,23.4727,35.5449,13.086238861083984
sub-070,02,nonOTC,right,right,word,20.3753,39.582,25.9141,5.421285629272461
sub-070,02,nonOTC,right,right,house_PPA,32.4291,44.1227,30.97,16.154788970947266
sub-070,02,nonOTC,right,right,house_TOS,32.4261,43.0724,32.7874,18.313392639160156
sub-070,02,nonOTC,right,right,face_FFA,22.5728,32.4697,27.9736,12.958816528320312
sub-070,02,nonOTC,right,right,face_STS,22.5623,39.2253,29.3724,12.890329360961914
sub-070,02,nonOTC,right,right,object_LOC,23.6624,23.4727,35.5449,13.086238861083984
sub-070,02,nonOTC,right,right,object_pF,25.8557,34.8851,30.7693,9.36068344116211
sub-070,02,nonOTC,right,right,word_VWFA,31.3439,46.2989,24.6665,2.4126439094543457
sub-070,02,nonOTC,right,right,word_STG,20.3738,39.8202,26.4597,5.7296671867370605
sub-071,01,control,control,left,face,64.7443,39.0837,25.8062,7.692440986633301
sub-071,01,control,control,right,face,24.5625,32.0586,29.5085,8.816739082336426
sub-071,01,control,control,left,house,59.6019,37.6555,35.2932,10.854801177978516
sub-071,01,control,control,right,house,29.824,39.4747,34.9666,11.362007141113281
sub-071,01,control,control,left,object,69.01,28.9004,34.9364,8.292237281799316
sub-071,01,control,control,right,object,22.4945,25.5004,31.2545,9.46608829498291
sub-071,01,control,control,left,word,65.7807,37.5144,24.6363,4.38761043548584
sub-071,01,control,control,right,word,28.1696,36.7264,24.2136,3.6775453090667725
sub-071,01,control,control,left,house_PPA,54.8364,45.3773,28.5584,4.673345565795898
sub-071,01,control,control,right,house_PPA,34.4299,51.3704,25.0843,6.210779190063477
sub-071,01,control,control,left,house_TOS,59.6019,37.6555,35.2932,10.854801177978516
sub-071,01,control,control,right,house_TOS,29.824,39.4747,34.9666,11.362007141113281
sub-071,01,control,control,left,face_FFA,64.7443,39.0837,25.8062,7.692440986633301
sub-071,01,control,control,right,face_FFA,24.5625,32.0586,29.5085,8.816739082336426
sub-071,01,control,control,left,face_STS,66.8826,30.1555,30.5569,8.103565216064453
sub-071,01,control,control,right,face_STS,22.4531,39.385,28.0239,5.626550674438477
sub-071,01,control,control,left,object_LOC,69.01,28.9004,34.9364,8.292237281799316
sub-071,01,control,control,right,object_LOC,22.4945,25.5004,31.2545,9.46608829498291
sub-071,01,control,control,left,object_pF,67.3954,33.2074,29.7864,6.429340839385986
sub-071,01,control,control,right,object_pF,23.5343,35.1739,31.8633,8.38874626159668
sub-071,01,control,control,left,word_VWFA,66.8439,42.4099,27.4445,2.684242010116577
sub-071,01,control,control,right,word_VWFA,25.5359,50.9789,23.3318,3.2465012073516846
sub-071,01,control,control,left,word_STG,46.2755,40.8289,66.0193,6.667032718658447
sub-071,01,control,control,right,word_STG,43.1277,41.4611,64.4511,4.84885311126709
sub-071,01,control,control,left,evc,72.1763,78.721,44.8893,3.524439573287964
sub-071,01,control,control,right,evc,17.8229,81.2584,41.6033,4.561071395874023
sub-072,01,nonOTC,left,left,face,61.3501,42.7863,25.5983,14.18094253540039
sub-072,01,nonOTC,left,left,house,55.7131,43.8918,31.0642,8.565215110778809
sub-072,01,nonOTC,left,left,object,64.7233,28.9544,36.6041,10.728292465209961
sub-072,01,nonOTC,left,left,word,65.8485,38.1574,28.6888,7.292052745819092
sub-072,01,nonOTC,left,left,house_PPA,55.7131,43.8918,31.0642,8.565215110778809
sub-072,01,nonOTC,left,left,house_TOS,56.8339,22.0342,50.2187,9.213472366333008
sub-072,01,nonOTC,left,left,face_FFA,61.3501,42.7863,25.5983,14.18094253540039
sub-072,01,nonOTC,left,left,face_STS,66.972,36.4368,30.3502,9.294543266296387
sub-072,01,nonOTC,left,left,object_LOC,64.7233,28.9544,36.6041,10.728292465209961
sub-072,01,nonOTC,left,left,object_pF,59.6618,42.1025,26.9587,7.795397758483887
sub-072,01,nonOTC,left,left,word_VWFA,68.1006,43.112,23.179,4.615608215332031
sub-072,01,nonOTC,left,left,word_STG,65.2857,38.6681,28.5394,10.304919242858887
sub-072,01,nonOTC,left,left,evc,63.4787,79.2258,43.2039,6.372490882873535
sub-072,02,nonOTC,left,left,face,61.3501,42.7863,25.5983,20.65831184387207
sub-072,02,nonOTC,left,left,house,57.3967,41.4668,34.0886,11.715874671936035
sub-072,02,nonOTC,left,left,object,66.9746,25.5508,38.1808,15.856863021850586
sub-072,02,nonOTC,left,left,word,65.8472,39.1686,28.3912,15.724580764770508
sub-072,02,nonOTC,left,left,house_PPA,56.2749,43.0315,31.8949,8.160379409790039
sub-072,02,nonOTC,left,left,house_TOS,56.2708,21.6897,50.8992,14.168784141540527
sub-072,02,nonOTC,left,left,face_FFA,61.3501,42.7863,25.5983,20.65831184387207
sub-072,02,nonOTC,left,left,face_STS,66.9784,34.9578,29.0507,14.750777244567871
sub-072,02,nonOTC,left,left,object_LOC,66.9746,25.5508,38.1808,15.856863021850586
sub-072,02,nonOTC,left,left,object_pF,61.3544,36.1762,29.2789,10.645733833312988
sub-072,02,nonOTC,left,left,word_VWFA,65.8475,40.0238,27.5612,11.635285377502441
sub-072,02,nonOTC,left,left,word_STG,65.8472,39.1686,28.3912,17.873640060424805
sub-072,02,nonOTC,left,left,evc,67.9795,82.7991,38.6756,4.815113067626953
sub-073,02,nonOTC,left,left,face,62.7825,43.8407,24.5246,13.069230079650879
sub-073,02,nonOTC,left,left,house,52.3421,19.5721,30.4939,10.9265775680542
sub-073,02,nonOTC,left,left,object,72.7407,29.2977,35.3008,15.15778923034668
sub-073,02,nonOTC,left,left,word,66.457,31.727,27.116,6.0160393714904785
sub-073,02,nonOTC,left,left,house_PPA,54.938,41.63,30.1359,8.15361499786377
sub-073,02,nonOTC,left,left,house_TOS,62.2885,16.6259,37.618,12.608988761901855
sub-073,02,nonOTC,left,left,face_FFA,62.7825,43.8407,24.5246,13.069230079650879
sub-073,02,nonOTC,left,left,face_STS,68.0269,30.9995,25.5294,3.8007283210754395
sub-073,02,nonOTC,left,left,object_LOC,72.7407,29.2977,35.3008,15.15778923034668
sub-073,02,nonOTC,left,left,object_pF,66.9808,31.2256,27.3535,13.526511192321777
sub-073,02,nonOTC,left,left,word_VWFA,67.4862,49.2046,23.1953,4.760368824005127
sub-073,02,nonOTC,left,left,word_STG,66.9802,31.9567,27.6438,13.92204761505127
sub-073,02,nonOTC,left,left,evc,67.4755,70.8164,50.0281,5.085655212402344
sub-074,01,OTC,left,left,face,68.8294,43.5805,23.3984,3.093095302581787
sub-074,01,OTC,left,left,house,56.9042,43.8911,29.1237,5.267068862915039
sub-074,01,OTC,left,left,object,68.7821,22.9254,33.4964,5.496211528778076
sub-074,01,OTC,left,left,word,66.648,44.6495,28.1382,2.526594877243042
sub-074,01,OTC,left,left,house_PPA,56.9042,43.8911,29.1237,5.267068862915039
sub-074,01,OTC,left,left,house_TOS,56.36,43.5517,29.9044,5.206228256225586
sub-074,01,OTC,left,left,face_FFA,68.8294,43.5805,23.3984,3.093095302581787
sub-074,01,OTC,left,left,face_STS,69.9008,35.5417,25.2834,3.090641736984253
sub-074,01,OTC,left,left,object_LOC,68.7821,22.9254,33.4964,5.496211528778076
sub-074,01,OTC,left,left,object_pF,63.9257,37.2566,31.7165,3.3033385276794434
sub-074,01,OTC,left,left,word_VWFA,66.648,44.6495,28.1382,2.526594877243042
sub-074,01,OTC,left,left,word_STG,69.8901,39.8502,28.7334,2.6126039028167725
sub-075,01,OTC,left,left,face,64.7209,35.5083,29.8344,6.544384002685547
sub-075,01,OTC,left,left,house,53.7436,29.3868,35.4618,4.378281116485596
sub-075,01,OTC,left,left,object,66.8618,25.3104,39.3418,5.759211540222168
sub-075,01,OTC,left,left,word,57.0768,39.5129,25.9725,3.658005952835083
sub-075,01,OTC,left,left,house_PPA,55.9788,45.2527,27.2511,3.721266031265259
sub-075,01,OTC,left,left,house_TOS,58.0332,22.1115,54.1171,4.822498321533203
sub-075,01,OTC,left,left,face_FFA,64.7209,35.5083,29.8344,6.544384002685547
sub-075,01,OTC,left,left,face_STS,72.321,59.7177,46.1391,5.298670768737793
sub-075,01,OTC,left,left,object_LOC,66.8618,25.3104,39.3418,5.759211540222168
sub-075,01,OTC,left,left,object_pF,60.3513,41.6706,28.3606,5.352160930633545
sub-075,01,OTC,left,left,word_VWFA,57.0764,40.3308,26.1557,3.2896924018859863
sub-075,01,OTC,left,left,word_STG,62.3597,42.5273,67.6674,3.687065362930298
sub-075,01,OTC,left,left,evc,69.0653,66.8438,40.648,2.857668399810791
sub-076,01,OTC,left,left,face,66.8686,48.0933,26.5092,11.306879043579102
sub-076,01,OTC,left,left,house,45.4508,17.5901,33.1335,5.576662540435791
sub-076,01,OTC,left,left,object,61.4198,25.1799,43.3401,6.340877056121826
sub-076,01,OTC,left,left,word,68.7045,32.5184,26.9615,6.307309627532959
sub-076,01,OTC,left,left,house_PPA,55.7065,43.7527,25.1711,4.360923767089844
sub-076,01,OTC,left,left,house_TOS,56.171,19.0306,43.8539,6.625093460083008
sub-076,01,OTC,left,left,face_FFA,66.8686,48.0933,26.5092,11.306879043579102
sub-076,01,OTC,left,left,face_STS,67.5426,39.5801,29.0814,8.2699613571167
sub-076,01,OTC,left,left,object_LOC,61.4198,25.1799,43.3401,6.340877056121826
sub-076,01,OTC,left,left,object_pF,60.6256,38.6346,31.8134,5.77987003326416
sub-076,01,OTC,left,left,word_VWFA,66.8686,48.2829,27.0318,5.1355767250061035
sub-076,01,OTC,left,left,word_STG,70.1858,40.8811,27.4083,6.462071895599365
sub-076,01,OTC,left,left,evc,65.9036,81.9661,40.0089,5.027116298675537
sub-077,01,OTC,left,left,face,62.3821,39.5195,26.3202,11.860494613647461
sub-077,01,OTC,left,left,house,55.3213,41.6475,32.7707,9.799751281738281
sub-077,01,OTC,left,left,object,66.7716,30.8568,28.4414,11.241206169128418
sub-077,01,OTC,left,left,word,69.4897,34.6795,27.9345,5.254711627960205
sub-077,01,OTC,left,left,house_PPA,55.3161,41.9488,31.8746,9.164538383483887
sub-077,01,OTC,left,left,house_TOS,55.3213,41.6475,32.7707,9.799751281738281
sub-077,01,OTC,left,left,face_FFA,62.3821,39.5195,26.3202,11.860494613647461
sub-077,01,OTC,left,left,face_STS,71.1482,36.7116,32.8122,8.346400260925293
sub-077,01,OTC,left,left,object_LOC,66.7716,30.8568,28.4414,11.241206169128418
sub-077,01,OTC,left,left,object_pF,64.0194,41.9411,27.2872,12.255975723266602
sub-077,01,OTC,left,left,word_VWFA,62.3376,55.0291,22.867,4.575005531311035
sub-077,01,OTC,left,left,word_STG,70.5858,34.3606,28.8224,13.97812271118164
sub-077,01,OTC,left,left,evc,70.0223,82.9866,41.1598,5.674285888671875
sub-078,01,OTC,right,right,face,24.1201,42.5803,28.4496,14.423320770263672
sub-078,01,OTC,right,right,house,30.0868,43.8053,32.5758,13.922182083129883
sub-078,01,OTC,right,right,object,24.1309,31.1017,33.356,17.483051300048828
sub-078,01,OTC,right,right,word,23.5182,53.0336,21.3525,3.706620216369629
sub-078,01,OTC,right,right,house_PPA,34.2719,45.5957,30.8907,11.144858360290527
sub-078,01,OTC,right,right,house_TOS,30.0868,43.8053,32.5758,13.922182083129883
sub-078,01,OTC,right,right,face_FFA,24.1201,42.5803,28.4496,14.423320770263672
sub-078,01,OTC,right,right,face_STS,22.9261,42.334,27.9006,13.887430191040039
sub-078,01,OTC,right,right,object_LOC,24.1309,31.1017,33.356,17.483051300048828
sub-078,01,OTC,right,right,object_pF,21.7319,40.2573,29.0421,16.882156372070312
sub-078,01,OTC,right,right,word_VWFA,23.5182,53.0336,21.3525,3.706620216369629
sub-078,01,OTC,right,right,word_STG,22.9283,36.8492,31.5916,9.162575721740723
sub-078,01,OTC,right,right,evc,16.2517,80.3497,40.1682,7.044774055480957
sub-079,01,OTC,right,right,face,25.2679,38.5348,28.7621,18.809310913085938
sub-079,01,OTC,right,right,house,37.5694,21.6288,31.8557,14.739338874816895
sub-079,01,OTC,right,right,object,23.1229,29.7628,32.854,13.000669479370117
sub-079,01,OTC,right,right,word,25.2818,38.0232,26.0487,2.5896379947662354
sub-079,01,OTC,right,right,house_PPA,35.1119,44.765,32.3137,9.701166152954102
sub-079,01,OTC,right,right,house_TOS,37.5694,21.6288,31.8557,14.739338874816895
sub-079,01,OTC,right,right,face_FFA,25.2679,38.5348,28.7621,18.809310913085938
sub-079,01,OTC,right,right,face_STS,23.7134,37.8392,28.5022,11.79129409790039
sub-079,01,OTC,right,right,object_LOC,23.1229,29.7628,32.854,13.000669479370117
sub-079,01,OTC,right,right,object_pF,26.3401,42.4557,26.3424,10.67029857635498
sub-079,01,OTC,right,right,word_VWFA,30.6943,64.0526,11.5496,2.311328411102295
sub-079,01,OTC,right,right,word_STG,19.0265,37.294,32.9081,3.9993059635162354
sub-079,01,OTC,right,right,evc,17.6885,81.3138,38.9896,4.650350093841553
sub-079,02,OTC,right,right,face,25.7916,38.8375,28.0287,17.020410537719727
sub-079,02,OTC,right,right,house,38.0874,22.5494,32.6056,13.53683090209961
sub-079,02,OTC,right,right,object,22.073,28.4332,34.0676,12.902469635009766
sub-079,02,OTC,right,right,word,30.3989,30.9845,28.7125,3.451901435852051
sub-079,02,OTC,right,right,house_PPA,35.6344,46.2039,32.8224,4.966142177581787
sub-079,02,OTC,right,right,house_TOS,38.0874,22.5494,32.6056,13.53683090209961
sub-079,02,OTC,right,right,face_FFA,25.7916,38.8375,28.0287,17.020410537719727
sub-079,02,OTC,right,right,face_STS,23.7071,37.527,29.2379,8.86438274383545
sub-079,02,OTC,right,right,object_LOC,22.073,28.4332,34.0676,12.902469635009766
sub-079,02,OTC,right,right,object_pF,26.3446,42.9739,26.1011,11.870899200439453
sub-079,02,OTC,right,right,word_VWFA,26.5342,62.4679,13.4855,3.318418502807617
sub-079,02,OTC,right,right,word_STG,19.0265,37.294,32.9081,7.335078239440918
sub-079,02,OTC,right,right,evc,16.6494,80.8146,39.2264,5.505013942718506
sub-081,02,nonOTC,right,right,face,21.7221,36.957,28.6843,10.161717414855957
sub-081,02,nonOTC,right,right,house,36.8494,19.2149,33.8465,8.669014930725098
sub-081,02,nonOTC,right,right,object,21.7094,32.4922,36.2311,11.762625694274902
sub-081,02,nonOTC,right,right,word,21.7283,36.4585,25.6971,3.992887258529663
sub-081,02,nonOTC,right,right,house_PPA,31.9815,43.371,29.8446,5.166090488433838
sub-081,02,nonOTC,right,right,house_TOS,36.8494,19.2149,33.8465,8.669014930725098
sub-081,02,nonOTC,right,right,face_FFA,21.7221,36.957,28.6843,10.161717414855957
sub-081,02,nonOTC,right,right,face_STS,21.7221,36.957,28.6843,10.161717414855957
sub-081,02,nonOTC,right,right,object_LOC,21.7094,32.4922,36.2311,11.762625694274902
sub-081,02,nonOTC,right,right,object_pF,24.9609,40.4793,29.1499,4.352738380432129
sub-081,02,nonOTC,right,right,word_VWFA,26.0496,47.5441,23.0946,3.129662036895752
sub-081,02,nonOTC,right,right,word_STG,23.2522,52.3584,69.6363,6.802900314331055
sub-081,02,nonOTC,right,right,evc,15.7422,68.4985,38.2834,3.1876368522644043
sub-083,01,control,control,left,face,66.4674,39.5623,26.114,15.27690315246582
sub-083,01,control,control,right,face,24.4941,41.9653,28.5169,23.020408630371094
sub-083,01,control,control,left,house,49.2287,19.6524,28.1726,11.939352989196777
sub-083,01,control,control,right,house,37.4396,19.5635,32.9691,12.037137031555176
sub-083,01,control,control,left,object,67.2936,28.0414,34.918,21.848419189453125
sub-083,01,control,control,right,object,25.2758,27.5677,33.6905,18.07893943786621
sub-083,01,control,control,left,word,67.5604,43.7299,26.9383,9.922907829284668
sub-083,01,control,control,right,word,30.486,32.4548,26.6395,4.880342483520508
sub-083,01,control,control,left,house_PPA,56.2561,41.9777,31.7459,9.0333833694458
sub-083,01,control,control,right,house_PPA,33.8046,47.2662,27.6982,8.726001739501953
sub-083,01,control,control,left,house_TOS,49.2287,19.6524,28.1726,11.939352989196777
sub-083,01,control,control,right,house_TOS,37.4396,19.5635,32.9691,12.037137031555176
sub-083,01,control,control,left,face_FFA,66.4674,39.5623,26.114,15.27690315246582
sub-083,01,control,control,right,face_FFA,24.4941,41.9653,28.5169,23.020408630371094
sub-083,01,control,control,left,face_STS,66.9772,39.3883,25.5891,15.098342895507812
sub-083,01,control,control,right,face_STS,22.9655,42.4634,28.3505,17.51874542236328
sub-083,01,control,control,left,object_LOC,67.2936,28.0414,34.918,21.848419189453125
sub-083,01,control,control,right,object_LOC,25.2758,27.5677,33.6905,18.07893943786621
sub-083,01,control,control,left,object_pF,62.9184,41.9227,28.2106,18.259883880615234
sub-083,01,control,control,right,object_pF,22.3262,34.8203,28.7728,14.755446434020996
sub-083,01,control,control,left,word_VWFA,67.5604,43.7299,26.9383,9.922907829284668
sub-083,01,control,control,right,word_VWFA,29.264,51.1713,21.0821,2.959700345993042
sub-083,01,control,control,left,word_STG,70.4859,34.9641,30.6509,11.688305854797363
sub-083,01,control,control,right,word_STG,16.6633,33.3849,32.8361,6.416563034057617
sub-083,01,control,control,left,evc,68.9693,68.1836,51.9556,5.611964702606201
sub-083,01,control,control,right,evc,22.4411,73.6722,48.6207,5.98117208480835
sub-084,01,control,control,left,face,58.7489,37.2669,33.8654,4.1906418800354
sub-084,01,control,control,left,house,61.2137,43.8232,31.4564,8.183704376220703
sub-084,01,control,control,right,house,35.7852,47.1011,32.7275,4.323295593261719
sub-084,01,control,control,left,object,71.6146,26.4304,36.4233,9.815752029418945
sub-084,01,control,control,right,object,24.5245,25.4828,42.1994,8.366999626159668
sub-084,01,control,control,left,house_PPA,61.2137,43.8232,31.4564,8.183704376220703
sub-084,01,control,control,right,house_PPA,35.7852,47.1011,32.7275,4.323295593261719
sub-084,01,control,control,left,house_TOS,64.315,19.7369,47.0939,9.564011573791504
sub-084,01,control,control,right,house_TOS,25.8941,19.5735,47.8911,10.723345756530762
sub-084,01,control,control,left,face_FFA,58.7489,37.2669,33.8654,4.1906418800354
sub-084,01,control,control,left,face_STS,45.231,42.2765,63.5979,3.709038019180298
sub-084,01,control,control,right,face_STS,22.7244,52.404,69.1081,5.0173540115356445
sub-084,01,control,control,left,object_LOC,71.6146,26.4304,36.4233,9.815752029418945
sub-084,01,control,control,right,object_LOC,24.5245,25.4828,42.1994,8.366999626159668
sub-084,01,control,control,left,object_pF,61.1689,39.5904,33.9743,3.9325082302093506
sub-084,01,control,control,left,word_STG,69.2925,34.8029,33.9846,10.28680419921875
sub-084,01,control,control,right,word_STG,14.1657,57.2136,57.365,4.327843189239502
sub-084,01,control,control,left,evc,70.4964,66.3622,38.9387,4.777620315551758
sub-084,01,control,control,right,evc,20.0922,68.287,38.5999,5.0919976234436035
sub-085,01,control,control,left,face,66.722,44.0987,28.1239,12.818048477172852
sub-085,01,control,control,right,face,22.7577,38.6211,24.6722,14.447555541992188
sub-085,01,control,control,left,house,61.2476,40.7418,33.1357,13.414728164672852
sub-085,01,control,control,right,house,35.0806,24.7803,34.2652,13.099739074707031
sub-085,01,control,control,left,object,71.2086,27.7675,36.0791,15.558420181274414
sub-085,01,control,control,right,object,18.1625,32.5756,34.5645,14.317222595214844
sub-085,01,control,control,left,word,64.6756,60.3022,19.6584,4.752596855163574
sub-085,01,control,control,right,word,23.4564,50.1922,26.3282,7.161074638366699
sub-085,01,control,control,left,house_PPA,57.3852,42.0034,31.5478,12.044258117675781
sub-085,01,control,control,right,house_PPA,33.1226,46.805,28.6361,8.188661575317383
sub-085,01,control,control,left,house_TOS,61.2476,40.7418,33.1357,13.414728164672852
sub-085,01,control,control,right,house_TOS,35.0806,24.7803,34.2652,13.099739074707031
sub-085,01,control,control,left,face_FFA,66.722,44.0987,28.1239,12.818048477172852
sub-085,01,control,control,right,face_FFA,22.7577,38.6211,24.6722,14.447555541992188
sub-085,01,control,control,left,face_STS,67.1448,39.5708,25.4741,10.321101188659668
sub-085,01,control,control,right,face_STS,22.7577,38.6211,24.6722,14.447555541992188
sub-085,01,control,control,left,object_LOC,71.2086,27.7675,36.0791,15.558420181274414
sub-085,01,control,control,right,object_LOC,18.1625,32.5756,34.5645,14.317222595214844
sub-085,01,control,control,left,object_pF,66.0894,36.8935,28.5952,16.041261672973633
sub-085,01,control,control,right,object_pF,24.6249,36.5067,29.3878,14.845166206359863
sub-085,01,control,control,left,word_VWFA,64.6756,60.3022,19.6584,4.752596855163574
sub-085,01,control,control,right,word_VWFA,23.4564,50.1922,26.3282,7.161074638366699
sub-085,01,control,control,left,word_STG,67.0541,38.2751,32.8048,12.391570091247559
sub-085,01,control,control,right,word_STG,19.2263,36.3217,32.8489,9.148295402526855
sub-085,01,control,control,left,evc,67.7976,80.2393,41.3093,8.947230339050293
sub-085,01,control,control,right,evc,16.0318,78.4677,45.8744,7.432285308837891
sub-086,02,nonOTC,left,left,face,65.9033,33.5123,25.1997,18.081113815307617
sub-086,02,nonOTC,left,left,house,57.5099,39.0034,34.4489,6.681082725524902
sub-086,02,nonOTC,left,left,object,67.4481,25.1388,31.066,7.657402038574219
sub-086,02,nonOTC,left,left,word,67.4656,42.162,27.9819,5.2818217277526855
sub-086,02,nonOTC,left,left,house_PPA,53.8589,42.2229,32.3997,4.348172187805176
sub-086,02,nonOTC,left,left,house_TOS,57.5099,39.0034,34.4489,6.681082725524902
sub-086,02,nonOTC,left,left,face_FFA,65.9033,33.5123,25.1997,18.081113815307617
sub-086,02,nonOTC,left,left,face_STS,66.4276,34.6588,24.9054,14.376182556152344
sub-086,02,nonOTC,left,left,object_LOC,67.4481,25.1388,31.066,7.657402038574219
sub-086,02,nonOTC,left,left,object_pF,60.6546,37.0735,31.8054,7.5949506759643555
sub-086,02,nonOTC,left,left,word_VWFA,67.4656,42.162,27.9819,5.2818217277526855
sub-086,02,nonOTC,left,left,word_STG,78.3717,56.2376,50.5494,9.809795379638672
sub-086,02,nonOTC,left,left,evc,68.996,67.7424,42.0527,4.5091552734375
sub-087,01,control,control,left,face,66.1828,31.0189,28.2899,12.04991626739502
sub-087,01,control,control,right,face,24.8542,33.2763,29.9454,21.18427848815918
sub-087,01,control,control,left,house,52.8245,19.9063,31.9709,14.40090274810791
sub-087,01,control,control,right,house,31.4152,38.5612,34.7057,15.681483268737793
sub-087,01,control,control,left,object,65.7384,28.0863,35.554,11.780900001525879
sub-087,01,control,control,right,object,26.7469,21.6196,36.1065,10.309974670410156
sub-087,01,control,control,left,word,63.147,32.7303,30.8944,13.637084007263184
sub-087,01,control,control,right,word,24.8262,32.5681,29.6438,5.978250503540039
sub-087,01,control,control,left,house_PPA,54.0245,44.2568,29.8001,7.56354284286499
sub-087,01,control,control,right,house_PPA,34.6814,46.831,29.1944,10.925396919250488
sub-087,01,control,control,left,house_TOS,52.8245,19.9063,31.9709,14.40090274810791
sub-087,01,control,control,right,house_TOS,31.4152,38.5612,34.7057,15.681483268737793
sub-087,01,control,control,left,face_FFA,66.1828,31.0189,28.2899,12.04991626739502
sub-087,01,control,control,right,face_FFA,24.8542,33.2763,29.9454,21.18427848815918
sub-087,01,control,control,left,face_STS,66.7158,30.7228,29.0439,10.110320091247559
sub-087,01,control,control,right,face_STS,23.8632,35.5024,29.5802,19.066112518310547
sub-087,01,control,control,left,object_LOC,65.7384,28.0863,35.554,11.780900001525879
sub-087,01,control,control,right,object_LOC,26.7469,21.6196,36.1065,10.309974670410156
sub-087,01,control,control,left,object_pF,64.8368,37.517,29.758,10.798828125
sub-087,01,control,control,right,object_pF,25.5041,41.6579,24.5539,8.884751319885254
sub-087,01,control,control,left,word_VWFA,63.7858,42.9153,22.6925,9.689920425415039
sub-087,01,control,control,right,word_VWFA,22.6315,53.7374,20.8381,2.5500669479370117
sub-087,01,control,control,left,word_STG,66.986,38.8441,30.2653,18.41633415222168
sub-087,01,control,control,right,word_STG,19.8905,43.1509,29.3741,5.382378101348877
sub-087,01,control,control,left,evc,67.9503,75.6403,47.288,8.195832252502441
sub-087,01,control,control,right,evc,18.1445,78.2078,44.834,3.873751401901245
sub-088,01,control,control,left,face,61.7081,38.9496,26.306,7.509253025054932
sub-088,01,control,control,right,face,24.1066,38.4473,29.7679,11.042689323425293
sub-088,01,control,control,left,house,52.9012,20.4242,32.4182,10.046462059020996
sub-088,01,control,control,right,house,30.3279,41.3224,34.9041,11.939133644104004
sub-088,01,control,control,left,object,70.3801,30.2716,35.4521,14.578341484069824
sub-088,01,control,control,right,object,19.0037,32.2774,36.6556,13.27471923828125
sub-088,01,control,control,left,word,64.4051,36.7963,25.9484,8.266191482543945
sub-088,01,control,control,right,word,26.1167,31.8955,29.492,3.007549524307251
sub-088,01,control,control,left,house_PPA,54.731,44.2844,31.8252,8.297591209411621
sub-088,01,control,control,right,house_PPA,32.5606,44.2028,27.6181,8.853633880615234
sub-088,01,control,control,left,house_TOS,52.9012,20.4242,32.4182,10.046462059020996
sub-088,01,control,control,right,house_TOS,31.9239,18.0276,45.0352,17.143688201904297
sub-088,01,control,control,left,face_FFA,61.7081,38.9496,26.306,7.509253025054932
sub-088,01,control,control,right,face_FFA,24.1066,38.4473,29.7679,11.042689323425293
sub-088,01,control,control,left,face_STS,65.4221,31.7465,32.8755,9.023774147033691
sub-088,01,control,control,right,face_STS,23.5412,38.2104,29.2298,10.395732879638672
sub-088,01,control,control,left,object_LOC,70.3801,30.2716,35.4521,14.578341484069824
sub-088,01,control,control,right,object_LOC,19.0037,32.2774,36.6556,13.27471923828125
sub-088,01,control,control,left,object_pF,64.3358,33.916,27.9436,15.412002563476562
sub-088,01,control,control,right,object_pF,24.6356,38.4635,27.1238,13.594347953796387
sub-088,01,control,control,left,word_VWFA,64.4735,39.4073,24.7353,6.094788074493408
sub-088,01,control,control,right,word_VWFA,29.6091,60.5688,13.4978,2.9586825370788574
sub-088,01,control,control,left,word_STG,65.5233,37.017,26.4851,16.31787872314453
sub-088,01,control,control,right,word_STG,22.8261,32.4984,30.5788,6.865971088409424
sub-088,01,control,control,left,evc,67.9757,75.7145,43.9616,7.107490062713623
sub-088,01,control,control,right,evc,23.5656,69.1554,49.0298,5.2521071434021
sub-089,01,OTC,left,left,face,65.6647,31.3851,27.9897,10.259478569030762
sub-089,01,OTC,left,left,house,47.5524,18.5403,28.481,16.703157424926758
sub-089,01,OTC,left,left,object,66.7187,27.2649,29.9285,14.157535552978516
sub-089,01,OTC,left,left,word,67.8131,39.1659,23.0219,13.08609676361084
sub-089,01,OTC,left,left,house_PPA,57.171,41.7427,28.2547,6.143654823303223
sub-089,01,OTC,left,left,house_TOS,47.5524,18.5403,28.481,16.703157424926758
sub-089,01,OTC,left,left,face_FFA,65.6647,31.3851,27.9897,10.259478569030762
sub-089,01,OTC,left,left,face_STS,68.8823,41.6218,22.4888,9.476428031921387
sub-089,01,OTC,left,left,object_LOC,66.7187,27.2649,29.9285,14.157535552978516
sub-089,01,OTC,left,left,object_pF,60.3561,35.8375,25.2923,7.944368839263916
sub-089,01,OTC,left,left,word_VWFA,67.8161,40.7278,22.9201,10.036261558532715
sub-089,01,OTC,left,left,word_STG,69.922,30.5367,25.8104,16.362131118774414
sub-089,01,OTC,left,left,evc,63.5794,70.1062,49.7976,4.359619140625
sub-090,01,OTC,right,right,face,26.4544,45.3456,28.8978,12.107819557189941
sub-090,01,OTC,right,right,house,34.3988,44.0137,31.7611,12.111013412475586
sub-090,01,OTC,right,right,object,18.9316,27.7252,36.5426,9.897601127624512
sub-090,01,OTC,right,right,word,26.4514,44.841,29.1963,10.119492530822754
sub-090,01,OTC,right,right,house_PPA,34.3988,44.0137,31.7611,12.111013412475586
sub-090,01,OTC,right,right,house_TOS,34.3988,44.0137,31.7611,12.111013412475586
sub-090,01,OTC,right,right,face_FFA,26.4544,45.3456,28.8978,12.107819557189941
sub-090,01,OTC,right,right,face_STS,23.7535,34.4371,31.8546,7.447664260864258
sub-090,01,OTC,right,right,object_LOC,18.9316,27.7252,36.5426,9.897601127624512
sub-090,01,OTC,right,right,object_pF,29.6488,44.9781,27.0011,4.661032676696777
sub-090,01,OTC,right,right,word_VWFA,26.4514,44.841,29.1963,10.119492530822754
sub-091,01,OTC,left,left,face,63.4627,38.4148,30.2975,15.8798828125
sub-091,01,OTC,left,left,house,56.9567,39.3016,35.3118,14.853519439697266
sub-091,01,OTC,left,left,object,66.8037,22.5419,36.5673,15.384888648986816
sub-091,01,OTC,left,left,word,62.9115,41.7135,30.8511,6.124227523803711
sub-091,01,OTC,left,left,house_PPA,53.6586,46.1033,32.3627,9.86766529083252
sub-091,01,OTC,left,left,house_TOS,59.2258,22.8046,44.5314,15.717424392700195
sub-091,01,OTC,left,left,face_FFA,63.4627,38.4148,30.2975,15.8798828125
sub-091,01,OTC,left,left,face_STS,68.9092,30.0895,26.5686,12.194326400756836
sub-091,01,OTC,left,left,object_LOC,66.8037,22.5419,36.5673,15.384888648986816
sub-091,01,OTC,left,left,object_pF,60.2308,32.2156,33.0615,11.119356155395508
sub-091,01,OTC,left,left,word_VWFA,62.9115,41.7135,30.8511,6.124227523803711
sub-091,01,OTC,left,left,word_STG,68.9186,36.9576,32.868,14.316804885864258
sub-091,01,OTC,left,left,evc,67.2794,65.844,49.4776,4.2927727699279785
sub-092,01,OTC,right,right,face,27.6229,40.3894,26.806,10.174108505249023
sub-092,01,OTC,right,right,house,31.9592,38.4389,33.9773,7.245665073394775
sub-092,01,OTC,right,right,object,21.1254,26.1615,31.3142,7.847762107849121
sub-092,01,OTC,right,right,word,25.4585,36.687,29.7437,7.601208209991455
sub-092,01,OTC,right,right,house_PPA,38.4553,43.3597,31.0953,4.602727890014648
sub-092,01,OTC,right,right,house_TOS,31.9592,38.4389,33.9773,7.245665073394775
sub-092,01,OTC,right,right,face_FFA,27.6229,40.3894,26.806,10.174108505249023
sub-092,01,OTC,right,right,face_STS,22.2053,40.9492,22.1643,5.307735443115234
sub-092,01,OTC,right,right,object_LOC,21.1254,26.1615,31.3142,7.847762107849121
sub-092,01,OTC,right,right,object_pF,26.5397,38.0777,27.2141,6.062690258026123
sub-092,01,OTC,right,right,word_VWFA,24.3765,44.7306,28.0571,5.465987682342529
sub-092,01,OTC,right,right,word_STG,19.5254,58.5351,51.0553,11.730957984924316
sub-092,01,OTC,right,right,evc,18.9761,73.1392,35.6673,2.891313314437866
sub-093,01,control,control,left,face,61.1246,39.2199,27.925,8.821751594543457
sub-093,01,control,control,right,face,27.0113,38.8385,28.752,11.555476188659668
sub-093,01,control,control,left,house,55.4868,27.8371,31.1581,9.776785850524902
sub-093,01,control,control,right,house,31.6219,30.9359,32.4518,10.676230430603027
sub-093,01,control,control,left,object,64.5793,27.3679,30.7095,12.392632484436035
sub-093,01,control,control,right,object,24.7868,27.3544,32.0186,10.334894180297852
sub-093,01,control,control,left,word,62.217,41.2443,25.2836,9.570030212402344
sub-093,01,control,control,right,word,26.7462,62.1414,12.8605,4.525730133056641
sub-093,01,control,control,left,house_PPA,53.2132,44.767,30.6945,5.465865612030029
sub-093,01,control,control,right,house_PPA,35.0223,43.1827,31.3476,8.709574699401855
sub-093,01,control,control,left,house_TOS,59.7007,21.7433,44.6183,10.277003288269043
sub-093,01,control,control,right,house_TOS,31.2738,18.1392,45.4646,12.788248062133789
sub-093,01,control,control,left,face_FFA,61.1246,39.2199,27.925,8.821751594543457
sub-093,01,control,control,right,face_FFA,27.0113,38.8385,28.752,11.555476188659668
sub-093,01,control,control,left,face_STS,44.2708,45.8481,72.1575,3.6334445476531982
sub-093,01,control,control,right,face_STS,22.9648,40.6165,24.9849,4.10207462310791
sub-093,01,control,control,left,object_LOC,64.5793,27.3679,30.7095,12.392632484436035
sub-093,01,control,control,right,object_LOC,24.7868,27.3544,32.0186,10.334894180297852
sub-093,01,control,control,left,object_pF,61.1045,42.4066,26.678,11.726956367492676
sub-093,01,control,control,right,object_pF,25.8702,39.4033,28.533,10.321101188659668
sub-093,01,control,control,left,word_VWFA,62.217,41.2443,25.2836,9.570030212402344
sub-093,01,control,control,right,word_VWFA,26.7462,62.1414,12.8605,4.525730133056641
sub-093,01,control,control,left,word_STG,78.4446,58.4297,41.9269,8.04119873046875
sub-093,01,control,control,right,word_STG,18.3937,56.434,55.7474,5.207980632781982
sub-093,01,control,control,left,evc,67.0289,82.003,38.8802,3.3415324687957764
sub-093,01,control,control,right,evc,23.8908,79.8998,44.0918,3.056248664855957
sub-094,01,control,control,left,face,65.5963,34.144,29.3204,13.847288131713867
sub-094,01,control,control,right,face,27.0307,37.8013,30.8245,18.389270782470703
sub-094,01,control,control,left,house,60.7053,40.5942,32.9579,13.377732276916504
sub-094,01,control,control,right,house,33.9591,43.1788,31.3689,15.813385009765625
sub-094,01,control,control,left,object,66.1379,20.6234,32.7678,13.285218238830566
sub-094,01,control,control,right,object,21.6861,23.4184,34.4852,12.73823356628418
sub-094,01,control,control,left,word,66.1935,42.0855,22.4406,3.4578182697296143
sub-094,01,control,control,right,word,26.0417,47.0202,22.1522,9.316607475280762
sub-094,01,control,control,left,house_PPA,58.5684,42.8235,32.0351,11.959614753723145
sub-094,01,control,control,right,house_PPA,34.5023,42.9622,30.8378,14.276816368103027
sub-094,01,control,control,left,house_TOS,59.5371,19.0813,46.4213,14.63613510131836
sub-094,01,control,control,right,house_TOS,33.9591,43.1788,31.3689,15.813385009765625
sub-094,01,control,control,left,face_FFA,65.5963,34.144,29.3204,13.847288131713867
sub-094,01,control,control,right,face_FFA,27.0307,37.8013,30.8245,18.389270782470703
sub-094,01,control,control,left,face_STS,66.1313,34.1246,29.3395,12.979293823242188
sub-094,01,control,control,right,face_STS,22.8423,42.4391,22.6302,2.642495632171631
sub-094,01,control,control,left,object_LOC,66.1379,20.6234,32.7678,13.285218238830566
sub-094,01,control,control,right,object_LOC,21.6861,23.4184,34.4852,12.73823356628418
sub-094,01,control,control,left,object_pF,66.1448,31.5786,29.0855,13.462630271911621
sub-094,01,control,control,right,object_pF,26.5181,35.6153,29.7897,11.861454010009766
sub-094,01,control,control,left,word_VWFA,66.1935,42.0855,22.4406,3.4578182697296143
sub-094,01,control,control,right,word_VWFA,26.0417,47.0202,22.1522,9.316607475280762
sub-094,01,control,control,left,word_STG,66.6692,30.1427,30.2897,8.675453186035156
sub-094,01,control,control,right,word_STG,17.4999,60.8125,56.1067,9.594014167785645
sub-094,01,control,control,left,evc,65.2456,81.4609,41.4677,5.748863220214844
sub-094,01,control,control,right,evc,19.7545,81.8922,41.581,3.2813940048217773
sub-095,01,control,control,left,face,65.2855,31.8151,29.5705,10.640666007995605
sub-095,01,control,control,right,face,25.5118,44.8523,26.4509,13.61627197265625
sub-095,01,control,control,left,house,51.2612,20.1192,33.237,10.575370788574219
sub-095,01,control,control,right,house,38.8746,19.3197,34.4466,10.874950408935547
sub-095,01,control,control,left,object,63.0652,21.9447,35.4784,7.868721008300781
sub-095,01,control,control,right,object,26.4577,20.9319,37.9019,6.517412185668945
sub-095,01,control,control,left,word,65.3297,39.9598,25.6779,6.599435806274414
sub-095,01,control,control,right,word,25.4992,45.713,27.3906,3.159951686859131
sub-095,01,control,control,left,house_PPA,56.6464,43.4428,31.5189,6.300272464752197
sub-095,01,control,control,right,house_PPA,35.1317,46.8522,31.2326,8.224623680114746
sub-095,01,control,control,left,house_TOS,51.2612,20.1192,33.237,10.575370788574219
sub-095,01,control,control,right,house_TOS,38.8746,19.3197,34.4466,10.874950408935547
sub-095,01,control,control,left,face_FFA,65.2855,31.8151,29.5705,10.640666007995605
sub-095,01,control,control,right,face_FFA,25.5118,44.8523,26.4509,13.61627197265625
sub-095,01,control,control,left,face_STS,65.2706,32.1561,30.7176,8.819437980651855
sub-095,01,control,control,right,face_STS,22.8382,39.3375,25.498,2.635709047317505
sub-095,01,control,control,left,object_LOC,63.0652,21.9447,35.4784,7.868721008300781
sub-095,01,control,control,right,object_LOC,26.4577,20.9319,37.9019,6.517412185668945
sub-095,01,control,control,left,object_pF,65.2524,35.4366,31.9748,5.548462867736816
sub-095,01,control,control,right,object_pF,27.1579,44.6809,23.9203,6.103034019470215
sub-095,01,control,control,left,word_VWFA,65.332,40.4795,25.4705,6.377656936645508
sub-095,01,control,control,right,word_VWFA,25.4992,45.713,27.3906,3.159951686859131
sub-095,01,control,control,left,word_STG,76.9153,55.3781,44.3098,10.35894775390625
sub-095,01,control,control,right,word_STG,15.4219,58.7832,57.659,3.3834259510040283
sub-095,01,control,control,left,evc,67.2667,82.083,40.2618,3.9350640773773193
sub-095,01,control,control,right,evc,22.0873,74.5575,40.3249,4.533256530761719
sub-096,01,control,control,left,face,66.3611,39.6305,27.6583,22.469223022460938
sub-096,01,control,control,right,face,25.0695,40.3556,23.7575,13.279428482055664
sub-096,01,control,control,left,house,52.0415,20.5465,30.4607,13.55869197845459
sub-096,01,control,control,right,house,35.9879,19.0121,32.9245,11.809748649597168
sub-096,01,control,control,left,object,63.2589,25.6939,35.9156,14.16424560546875
sub-096,01,control,control,right,object,21.9468,24.8907,34.0356,15.69127082824707
sub-096,01,control,control,left,word,67.395,34.0052,30.9773,4.33207893371582
sub-096,01,control,control,right,word,26.0051,61.5795,16.6062,3.560147762298584
sub-096,01,control,control,left,house_PPA,59.029,42.2892,31.2837,5.405218124389648
sub-096,01,control,control,right,house_PPA,31.1157,43.3028,30.6067,8.078393936157227
sub-096,01,control,control,left,house_TOS,52.0415,20.5465,30.4607,13.55869197845459
sub-096,01,control,control,right,house_TOS,35.9879,19.0121,32.9245,11.809748649597168
sub-096,01,control,control,left,face_FFA,66.3611,39.6305,27.6583,22.469223022460938
sub-096,01,control,control,right,face_FFA,25.0695,40.3556,23.7575,13.279428482055664
sub-096,01,control,control,left,face_STS,66.3611,39.6305,27.6583,22.469223022460938
sub-096,01,control,control,right,face_STS,23.9537,34.7322,31.5578,10.308612823486328
sub-096,01,control,control,left,object_LOC,63.2589,25.6939,35.9156,14.16424560546875
sub-096,01,control,control,right,object_LOC,21.9468,24.8907,34.0356,15.69127082824707
sub-096,01,control,control,left,object_pF,65.8855,37.5538,26.6231,12.317394256591797
sub-096,01,control,control,right,object_pF,26.0763,41.2515,24.7115,13.368887901306152
sub-096,01,control,control,left,word_VWFA,65.326,40.6061,27.15,2.776366949081421
sub-096,01,control,control,right,word_VWFA,26.0051,61.5795,16.6062,3.560147762298584
sub-096,01,control,control,left,word_STG,68.4199,32.2654,32.496,10.950738906860352
sub-096,01,control,control,right,word_STG,20.4544,31.4247,26.9855,5.695677280426025
sub-096,01,control,control,left,evc,73.5406,71.8945,40.0448,3.4806458950042725
sub-096,01,control,control,right,evc,19.2987,79.4006,33.6113,3.4107775688171387
sub-097,01,control,control,left,face,65.0901,37.1127,29.0627,22.09329605102539
sub-097,01,control,control,right,face,22.2667,38.5837,24.7362,19.271930694580078
sub-097,01,control,control,left,house,52.6244,19.5964,31.2864,13.759346961975098
sub-097,01,control,control,right,house,33.015,44.9735,29.4792,15.549202919006348
sub-097,01,control,control,left,object,66.5892,23.4785,28.7085,18.066692352294922
sub-097,01,control,control,right,object,18.9437,26.7108,29.439,13.95764446258545
sub-097,01,control,control,left,word,67.2034,33.0314,27.9476,9.295679092407227
sub-097,01,control,control,right,word,23.8544,35.6071,23.2413,10.785293579101562
sub-097,01,control,control,left,house_PPA,53.3608,44.6076,30.8848,11.366158485412598
sub-097,01,control,control,right,house_PPA,33.015,44.9735,29.4792,15.549202919006348
sub-097,01,control,control,left,house_TOS,52.6244,19.5964,31.2864,13.759346961975098
sub-097,01,control,control,right,house_TOS,33.015,44.9735,29.4792,15.549202919006348
sub-097,01,control,control,left,face_FFA,65.0901,37.1127,29.0627,22.09329605102539
sub-097,01,control,control,right,face_FFA,22.2667,38.5837,24.7362,19.271930694580078
sub-097,01,control,control,left,face_STS,65.0901,37.1127,29.0627,22.09329605102539
sub-097,01,control,control,right,face_STS,22.2667,38.5837,24.7362,19.271930694580078
sub-097,01,control,control,left,object_LOC,66.5892,23.4785,28.7085,18.066692352294922
sub-097,01,control,control,right,object_LOC,18.9437,26.7108,29.439,13.95764446258545
sub-097,01,control,control,left,object_pF,68.8404,35.9334,25.6937,14.259361267089844
sub-097,01,control,control,right,object_pF,26.5909,42.9403,23.2448,12.01278305053711
sub-097,01,control,control,left,word_VWFA,64.1293,48.4557,22.6486,3.54790997505188
sub-097,01,control,control,right,word_VWFA,25.0418,51.2674,26.0508,3.9115490913391113
sub-097,01,control,control,left,word_STG,67.734,32.4765,28.1387,16.465450286865234
sub-097,01,control,control,right,word_STG,20.6003,32.0022,26.9943,11.880064010620117
sub-097,01,control,control,left,evc,69.6531,76.7675,41.2669,7.08416223526001
sub-097,01,control,control,right,evc,19.3317,78.5016,37.472,6.423658847808838
sub-108,01,OTC,right,right,face,27.8059,37.2319,27.4813,10.597580909729004
sub-108,01,OTC,right,right,house,42.9499,21.0225,31.6283,9.488259315490723
sub-108,01,OTC,right,right,object,25.677,23.9048,33.1301,9.849096298217773
sub-108,01,OTC,right,right,word,31.572,42.2559,24.6808,8.499037742614746
sub-108,01,OTC,right,right,house_PPA,33.1865,43.4301,30.6869,3.6060523986816406
sub-108,01,OTC,right,right,house_TOS,42.9499,21.0225,31.6283,9.488259315490723
sub-108,01,OTC,right,right,face_FFA,27.8059,37.2319,27.4813,10.597580909729004
sub-108,01,OTC,right,right,face_STS,43.4348,41.5267,63.3382,5.294286727905273
sub-108,01,OTC,right,right,object_LOC,25.677,23.9048,33.1301,9.849096298217773
sub-108,01,OTC,right,right,object_pF,28.8933,33.7147,27.0071,4.081679344177246
sub-108,01,OTC,right,right,word_VWFA,32.1108,42.5299,25.2127,8.122136116027832
sub-108,01,OTC,right,right,word_STG,16.4298,54.9359,47.4276,7.573794364929199
sub-108,01,OTC,right,right,evc,22.3264,72.4984,39.9631,2.4158084392547607
sub-108,02,OTC,right,right,face,28.8495,53.4936,19.9478,17.978681564331055
sub-108,02,OTC,right,right,house,28.8495,53.4936,19.9478,19.327468872070312
sub-108,02,OTC,right,right,object,22.9755,25.993,28.3572,41.97035217285156
sub-108,02,OTC,right,right,word,26.1618,48.9688,21.2274,24.944263458251953
sub-108,02,OTC,right,right,house_PPA,28.8495,53.4936,19.9478,19.327468872070312
sub-108,02,OTC,right,right,house_TOS,30.5275,25.1456,44.297,6.989895343780518
sub-108,02,OTC,right,right,face_FFA,28.8495,53.4936,19.9478,17.978681564331055
sub-108,02,OTC,right,right,face_STS,12.6933,39.2806,28.6698,8.223044395446777
sub-108,02,OTC,right,right,object_LOC,22.9755,25.993,28.3572,41.97035217285156
sub-108,02,OTC,right,right,object_pF,20.2492,38.8567,24.2394,4.424241542816162
sub-108,02,OTC,right,right,word_VWFA,26.1618,48.9688,21.2274,24.944263458251953
sub-108,02,OTC,right,right,word_STG,12.6933,39.2806,28.6698,18.466583251953125
sub-108,02,OTC,right,right,evc,22.3124,78.2139,43.4087,2.500304698944092
