subject_id,group,partition,category,threshold,li
sub-001,control,whole,face,0.25,-0.2038665215896813
sub-001,control,whole,face,0.5,-0.21488543853236636
sub-001,control,whole,face,0.75,-0.24207939320492447
sub-001,control,whole,face,1.0,-0.2663886942661619
sub-001,control,whole,face,1.25,-0.29722311382752137
sub-001,control,whole,face,1.5,-0.3283682165691053
sub-001,control,whole,face,1.75,-0.3682486500765984
sub-001,control,whole,face,2.0,-0.3978497114065868
sub-001,control,whole,face,2.25,-0.41446794133409176
sub-001,control,whole,face,2.5,-0.4318338179262535
sub-001,control,whole,face,2.75,-0.4441024112099963
sub-001,control,whole,face,3.0,-0.4598882918353758
sub-001,control,whole,face,3.25,-0.47419142126356173
sub-001,control,whole,face,3.5,-0.48043616417881985
sub-001,control,whole,face,3.75,-0.4891747930441002
sub-001,control,whole,face,4.0,-0.4955796128467025
sub-001,control,whole,face,4.25,-0.5042009872071814
sub-001,control,whole,face,4.5,-0.4991419108896719
sub-001,control,whole,face,4.75,-0.5017527519696625
sub-001,control,whole,face,5.0,-0.49217574245990897
sub-001,control,lateral,face,0.25,-0.27028915288199096
sub-001,control,lateral,face,0.5,-0.29807988247340605
sub-001,control,lateral,face,0.75,-0.3396738367997216
sub-001,control,lateral,face,1.0,-0.3809570365777231
sub-001,control,lateral,face,1.25,-0.4229185549733301
sub-001,control,lateral,face,1.5,-0.4703598883759002
sub-001,control,lateral,face,1.75,-0.512846568737048
sub-001,control,lateral,face,2.0,-0.547145866140886
sub-001,control,lateral,face,2.25,-0.5701234571163362
sub-001,control,lateral,face,2.5,-0.5999039843400308
sub-001,control,lateral,face,2.75,-0.6071666526051956
sub-001,control,lateral,face,3.0,-0.6167498280664295
sub-001,control,lateral,face,3.25,-0.6199094050219662
sub-001,control,lateral,face,3.5,-0.6404858879427502
sub-001,control,lateral,face,3.75,-0.6430267911857527
sub-001,control,lateral,face,4.0,-0.6535135172652607
sub-001,control,lateral,face,4.25,-0.6499709222323032
sub-001,control,lateral,face,4.5,-0.6564430035562024
sub-001,control,lateral,face,4.75,-0.6497503748651716
sub-001,control,lateral,face,5.0,-0.6457030572726415
sub-001,control,medial,face,0.25,-0.08842413728113481
sub-001,control,medial,face,0.5,-0.0821455432873346
sub-001,control,medial,face,0.75,-0.06286520298408849
sub-001,control,medial,face,1.0,-0.061123857497934794
sub-001,control,medial,face,1.25,-0.057894001539922385
sub-001,control,medial,face,1.5,-0.032668627899411315
sub-001,control,medial,face,1.75,-0.05964759383507115
sub-001,control,medial,face,2.0,-0.0491952816963282
sub-001,control,medial,face,2.25,-0.05240640100166868
sub-001,control,medial,face,2.5,-0.06157997588001903
sub-001,control,medial,face,2.75,-0.05308442063719972
sub-001,control,medial,face,3.0,-0.07379467556445163
sub-001,control,medial,face,3.25,-0.11562058719829582
sub-001,control,medial,face,3.5,-0.13538670211437587
sub-001,control,medial,face,3.75,-0.14946080619462637
sub-001,control,medial,face,4.0,-0.16945872303425372
sub-001,control,medial,face,4.25,-0.19022304939387855
sub-001,control,medial,face,4.5,-0.20428548075329847
sub-001,control,medial,face,4.75,-0.23153283704318794
sub-001,control,medial,face,5.0,-0.22308571659031007
sub-001,control,whole,house,0.25,-0.02682008285160848
sub-001,control,whole,house,0.5,-0.020139367128894272
sub-001,control,whole,house,0.75,-0.026342289968221612
sub-001,control,whole,house,1.0,-0.018040989072511095
sub-001,control,whole,house,1.25,-0.012708359988960265
sub-001,control,whole,house,1.5,-0.004847861166370776
sub-001,control,whole,house,1.75,-0.003594955773733483
sub-001,control,whole,house,2.0,-0.00018680776667632127
sub-001,control,whole,house,2.25,-0.007190912148572759
sub-001,control,whole,house,2.5,-0.005675492027453277
sub-001,control,whole,house,2.75,-0.017851696617665926
sub-001,control,whole,house,3.0,-0.021713202870376078
sub-001,control,whole,house,3.25,-0.0021260693333628755
sub-001,control,whole,house,3.5,-0.004207841686139688
sub-001,control,whole,house,3.75,-0.011260086955254654
sub-001,control,whole,house,4.0,-0.008921476435469082
sub-001,control,whole,house,4.25,0.007739191158458087
sub-001,control,whole,house,4.5,0.0031337264615204498
sub-001,control,whole,house,4.75,0.004764141536248769
sub-001,control,whole,house,5.0,-0.003102076661899059
sub-001,control,lateral,house,0.25,-0.028947290499769393
sub-001,control,lateral,house,0.5,-0.039310884488292626
sub-001,control,lateral,house,0.75,-0.04633262462440967
sub-001,control,lateral,house,1.0,-0.03836556234071248
sub-001,control,lateral,house,1.25,-0.0434528270957178
sub-001,control,lateral,house,1.5,-0.04403332843338476
sub-001,control,lateral,house,1.75,-0.04190746975323674
sub-001,control,lateral,house,2.0,-0.039100444133674465
sub-001,control,lateral,house,2.25,-0.0420958042744152
sub-001,control,lateral,house,2.5,-0.039261291294035106
sub-001,control,lateral,house,2.75,-0.03263434672296143
sub-001,control,lateral,house,3.0,-0.03292999578793204
sub-001,control,lateral,house,3.25,-0.02456877553356892
sub-001,control,lateral,house,3.5,-0.015281442292183964
sub-001,control,lateral,house,3.75,-0.010570420496617048
sub-001,control,lateral,house,4.0,-0.0026179596146128858
sub-001,control,lateral,house,4.25,0.011817204168173933
sub-001,control,lateral,house,4.5,0.005014093345824177
sub-001,control,lateral,house,4.75,0.010606942562927282
sub-001,control,lateral,house,5.0,-0.00018110510609910618
sub-001,control,medial,house,0.25,-0.021083396136336915
sub-001,control,medial,house,0.5,-0.012563136708503293
sub-001,control,medial,house,0.75,-0.01790071027934681
sub-001,control,medial,house,1.0,0.009060437100001628
sub-001,control,medial,house,1.25,0.020161411929194354
sub-001,control,medial,house,1.5,0.03414944037709256
sub-001,control,medial,house,1.75,0.03622313724771313
sub-001,control,medial,house,2.0,0.05377710275721797
sub-001,control,medial,house,2.25,0.04016960779686297
sub-001,control,medial,house,2.5,0.02208149468800399
sub-001,control,medial,house,2.75,0.01049626207597982
sub-001,control,medial,house,3.0,0.016362140407497807
sub-001,control,medial,house,3.25,0.04268710463045146
sub-001,control,medial,house,3.5,0.01736125480044155
sub-001,control,medial,house,3.75,0.0030057491404156
sub-001,control,medial,house,4.0,-0.009442838796039134
sub-001,control,medial,house,4.25,0.000553312879668862
sub-001,control,medial,house,4.5,-0.013707642672780051
sub-001,control,medial,house,4.75,-0.010743744584235887
sub-001,control,medial,house,5.0,-0.01672104044265842
sub-001,control,whole,object,0.25,0.025503883655452288
sub-001,control,whole,object,0.5,0.02823168616867796
sub-001,control,whole,object,0.75,0.032414477169187314
sub-001,control,whole,object,1.0,0.035166542420373884
sub-001,control,whole,object,1.25,0.034458711525965094
sub-001,control,whole,object,1.5,0.04138247548136698
sub-001,control,whole,object,1.75,0.043985728619707884
sub-001,control,whole,object,2.0,0.06327289857893931
sub-001,control,whole,object,2.25,0.07303031840551782
sub-001,control,whole,object,2.5,0.09583786327452622
sub-001,control,whole,object,2.75,0.10735245603269324
sub-001,control,whole,object,3.0,0.11909110681700781
sub-001,control,whole,object,3.25,0.14947077779281034
sub-001,control,whole,object,3.5,0.1812666536432642
sub-001,control,whole,object,3.75,0.21398116662227668
sub-001,control,whole,object,4.0,0.2491024499610822
sub-001,control,whole,object,4.25,0.27658751444752533
sub-001,control,whole,object,4.5,0.2983932351470603
sub-001,control,whole,object,4.75,0.3132486075153514
sub-001,control,whole,object,5.0,0.38646467547965124
sub-001,control,lateral,object,0.25,0.02477518144105167
sub-001,control,lateral,object,0.5,0.03261761164253401
sub-001,control,lateral,object,0.75,0.03416933936482726
sub-001,control,lateral,object,1.0,0.03966576764115496
sub-001,control,lateral,object,1.25,0.041480493903897526
sub-001,control,lateral,object,1.5,0.05100137069706718
sub-001,control,lateral,object,1.75,0.05553699912228487
sub-001,control,lateral,object,2.0,0.0647333681933816
sub-001,control,lateral,object,2.25,0.0835806320444065
sub-001,control,lateral,object,2.5,0.10577932109924441
sub-001,control,lateral,object,2.75,0.11631770538326458
sub-001,control,lateral,object,3.0,0.13045582485062826
sub-001,control,lateral,object,3.25,0.14915775812937646
sub-001,control,lateral,object,3.5,0.18261533309631153
sub-001,control,lateral,object,3.75,0.20290480912756653
sub-001,control,lateral,object,4.0,0.22758970756887842
sub-001,control,lateral,object,4.25,0.25563880261451866
sub-001,control,lateral,object,4.5,0.27323628444625303
sub-001,control,lateral,object,4.75,0.29599549131336006
sub-001,control,lateral,object,5.0,0.36405419004071166
sub-001,control,medial,object,0.25,0.01495022997256763
sub-001,control,medial,object,0.5,0.02571524598558647
sub-001,control,medial,object,0.75,0.023490211977588063
sub-001,control,medial,object,1.0,0.020398930662011323
sub-001,control,medial,object,1.25,0.013328278730342915
sub-001,control,medial,object,1.5,0.02338835128552357
sub-001,control,medial,object,1.75,0.03577535702143658
sub-001,control,medial,object,2.0,0.05222029032293639
sub-001,control,medial,object,2.25,0.0704299353613031
sub-001,control,medial,object,2.5,0.06465178880418238
sub-001,control,medial,object,2.75,0.08328285806823478
sub-001,control,medial,object,3.0,0.08715778560859899
sub-001,control,medial,object,3.25,0.14406899460267478
sub-001,control,medial,object,3.5,0.19294176161433937
sub-001,control,medial,object,3.75,0.2825761992197808
sub-001,control,medial,object,4.0,0.4011140367910137
sub-001,control,medial,object,4.25,0.4260192180262302
sub-001,control,medial,object,4.5,0.4927465538909599
sub-001,control,medial,object,4.75,0.4982570186022261
sub-001,control,medial,object,5.0,0.6173260332041338
sub-001,control,whole,word,0.25,0.3614634423131902
sub-001,control,whole,word,0.5,0.387347005197053
sub-001,control,whole,word,0.75,0.4192117991202817
sub-001,control,whole,word,1.0,0.4849594581880887
sub-001,control,whole,word,1.25,0.5139321902622098
sub-001,control,whole,word,1.5,0.5465290477601957
sub-001,control,whole,word,1.75,0.5967134880243288
sub-001,control,whole,word,2.0,0.651164280672312
sub-001,control,whole,word,2.25,0.6974000185918934
sub-001,control,whole,word,2.5,0.7215092735983384
sub-001,control,whole,word,2.75,0.7483363617289995
sub-001,control,whole,word,3.0,0.7890753520493945
sub-001,control,whole,word,3.25,0.8009756144560811
sub-001,control,whole,word,3.5,0.818391303078225
sub-001,control,whole,word,3.75,0.8455355474418336
sub-001,control,whole,word,4.0,0.8738824768354744
sub-001,control,whole,word,4.25,0.886228852346256
sub-001,control,whole,word,4.5,0.8985929503698367
sub-001,control,whole,word,4.75,0.8900646044331648
sub-001,control,whole,word,5.0,0.9424371551711686
sub-001,control,lateral,word,0.25,0.4770020348737047
sub-001,control,lateral,word,0.5,0.5005795575705424
sub-001,control,lateral,word,0.75,0.5216210953478945
sub-001,control,lateral,word,1.0,0.5792181090188397
sub-001,control,lateral,word,1.25,0.6041657462197713
sub-001,control,lateral,word,1.5,0.6530764849739851
sub-001,control,lateral,word,1.75,0.7067976320025775
sub-001,control,lateral,word,2.0,0.7596457752041244
sub-001,control,lateral,word,2.25,0.801072976733025
sub-001,control,lateral,word,2.5,0.8121785488789496
sub-001,control,lateral,word,2.75,0.8188164624816209
sub-001,control,lateral,word,3.0,0.8296349724667909
sub-001,control,lateral,word,3.25,0.8175155418125878
sub-001,control,lateral,word,3.5,0.8432570905269331
sub-001,control,lateral,word,3.75,0.8499537202103844
sub-001,control,lateral,word,4.0,0.8642739740586615
sub-001,control,lateral,word,4.25,0.8802627519618679
sub-001,control,lateral,word,4.5,0.8823371033368221
sub-001,control,lateral,word,4.75,0.8921569875979672
sub-001,control,lateral,word,5.0,0.9294892726047953
sub-001,control,medial,word,0.25,0.16417488037159852
sub-001,control,medial,word,0.5,0.20175909388204974
sub-001,control,medial,word,0.75,0.20951527355889382
sub-001,control,medial,word,1.0,0.26055268993067804
sub-001,control,medial,word,1.25,0.30910883799078614
sub-001,control,medial,word,1.5,0.28363681285364534
sub-001,control,medial,word,1.75,0.2972218900059792
sub-001,control,medial,word,2.0,0.2990391671728042
sub-001,control,medial,word,2.25,0.34467872184668996
sub-001,control,medial,word,2.5,0.3710961813936866
sub-001,control,medial,word,2.75,0.38634228350232847
sub-001,control,medial,word,3.0,0.536231014630157
sub-001,control,medial,word,3.25,0.671928360762335
sub-001,control,medial,word,3.5,0.6732480664103896
sub-001,control,medial,word,3.75,0.8621837516334836
sub-001,control,medial,word,4.0,0.963375344624628
sub-001,control,medial,word,4.25,0.9748660011012953
sub-001,control,medial,word,4.5,1.0
sub-001,control,medial,word,4.75,1.0
sub-001,control,medial,word,5.0,1.0
sub-004,OTC,whole,face,0.25,-0.3978377449245699
sub-004,OTC,whole,face,0.5,-0.4493244251346282
sub-004,OTC,whole,face,0.75,-0.46959960126983336
sub-004,OTC,whole,face,1.0,-0.48882210991805336
sub-004,OTC,whole,face,1.25,-0.5157042972133749
sub-004,OTC,whole,face,1.5,-0.5135019698662743
sub-004,OTC,whole,face,1.75,-0.4615715500844608
sub-004,OTC,whole,face,2.0,-0.32797745367081454
sub-004,OTC,whole,face,2.25,-0.0368596178464266
sub-004,OTC,whole,face,2.5,0.3856398150176038
sub-004,OTC,whole,face,2.75,0.7487066431510876
sub-004,OTC,whole,face,3.0,1.0
sub-004,OTC,whole,face,3.25,1.0
sub-004,OTC,lateral,face,0.25,-0.4769464578440454
sub-004,OTC,lateral,face,0.5,-0.5250648507888097
sub-004,OTC,lateral,face,0.75,-0.5488305903266266
sub-004,OTC,lateral,face,1.0,-0.5901978533096807
sub-004,OTC,lateral,face,1.25,-0.6346783495178929
sub-004,OTC,lateral,face,1.5,-0.6703662229193943
sub-004,OTC,lateral,face,1.75,-0.6638416525664631
sub-004,OTC,lateral,face,2.0,-0.6227685709014671
sub-004,OTC,lateral,face,2.25,-0.4018466583936223
sub-004,OTC,lateral,face,2.5,-0.11145158109863992
sub-004,OTC,lateral,face,2.75,0.06797385620915031
sub-004,OTC,medial,face,0.25,-0.12006664990563382
sub-004,OTC,medial,face,0.5,-0.1307171005159492
sub-004,OTC,medial,face,0.75,-0.1375233352867075
sub-004,OTC,medial,face,1.0,-0.08203872677842225
sub-004,OTC,medial,face,1.25,-0.030695294473271018
sub-004,OTC,medial,face,1.5,0.15449562594597774
sub-004,OTC,medial,face,1.75,0.33365863961052883
sub-004,OTC,medial,face,2.0,0.6852880197757454
sub-004,OTC,medial,face,2.25,0.9173969662590948
sub-004,OTC,medial,face,2.5,1.0
sub-004,OTC,medial,face,2.75,1.0
sub-004,OTC,medial,face,3.0,1.0
sub-004,OTC,whole,house,0.25,0.1400498537172721
sub-004,OTC,whole,house,0.5,0.18547457208201212
sub-004,OTC,whole,house,0.75,0.24414258810077347
sub-004,OTC,whole,house,1.0,0.30309927230143763
sub-004,OTC,whole,house,1.25,0.37095154691611376
sub-004,OTC,whole,house,1.5,0.4542494713425387
sub-004,OTC,whole,house,1.75,0.5691763074392991
sub-004,OTC,whole,house,2.0,0.676826961876856
sub-004,OTC,whole,house,2.25,0.7836233556313467
sub-004,OTC,whole,house,2.5,0.8256526322763895
sub-004,OTC,whole,house,2.75,0.8623780778163116
sub-004,OTC,whole,house,3.0,0.8797732563104251
sub-004,OTC,whole,house,3.25,0.9083104979945974
sub-004,OTC,whole,house,3.5,0.9370728067103061
sub-004,OTC,whole,house,3.75,0.9721900819989636
sub-004,OTC,whole,house,4.0,1.0
sub-004,OTC,whole,house,4.25,1.0
sub-004,OTC,whole,house,4.5,1.0
sub-004,OTC,whole,house,4.75,1.0
sub-004,OTC,whole,house,5.0,1.0
sub-004,OTC,lateral,house,0.25,0.12415459492573266
sub-004,OTC,lateral,house,0.5,0.15540226774856455
sub-004,OTC,lateral,house,0.75,0.21233226090154755
sub-004,OTC,lateral,house,1.0,0.25777071510585065
sub-004,OTC,lateral,house,1.25,0.31499995653796814
sub-004,OTC,lateral,house,1.5,0.39412412732471486
sub-004,OTC,lateral,house,1.75,0.49364091545749417
sub-004,OTC,lateral,house,2.0,0.5906586424285131
sub-004,OTC,lateral,house,2.25,0.7279013533344545
sub-004,OTC,lateral,house,2.5,0.7775852380667735
sub-004,OTC,lateral,house,2.75,0.7983253270477529
sub-004,OTC,lateral,house,3.0,0.8163561581128004
sub-004,OTC,lateral,house,3.25,0.8473183681417774
sub-004,OTC,lateral,house,3.5,0.8827401231393971
sub-004,OTC,lateral,house,3.75,0.9536339888436841
sub-004,OTC,lateral,house,4.0,0.997342534962703
sub-004,OTC,lateral,house,4.25,1.0
sub-004,OTC,lateral,house,4.5,1.0
sub-004,OTC,lateral,house,4.75,1.0
sub-004,OTC,lateral,house,5.0,1.0
sub-004,OTC,medial,house,0.25,0.18313566110930263
sub-004,OTC,medial,house,0.5,0.2563630034010764
sub-004,OTC,medial,house,0.75,0.3367140209955779
sub-004,OTC,medial,house,1.0,0.4248905233162789
sub-004,OTC,medial,house,1.25,0.5407719657121713
sub-004,OTC,medial,house,1.5,0.6367581434641164
sub-004,OTC,medial,house,1.75,0.7714045321679741
sub-004,OTC,medial,house,2.0,0.8845962438057555
sub-004,OTC,medial,house,2.25,0.9354103471633606
sub-004,OTC,medial,house,2.5,0.9338072111773397
sub-004,OTC,medial,house,2.75,0.982662437349731
sub-004,OTC,medial,house,3.0,0.9937264660673053
sub-004,OTC,medial,house,3.25,1.0
sub-004,OTC,medial,house,3.5,1.0
sub-004,OTC,medial,house,3.75,1.0
sub-004,OTC,medial,house,4.0,1.0
sub-004,OTC,medial,house,4.25,1.0
sub-004,OTC,medial,house,4.5,1.0
sub-004,OTC,medial,house,4.75,1.0
sub-004,OTC,medial,house,5.0,1.0
sub-004,OTC,whole,object,0.25,0.11024091551375773
sub-004,OTC,whole,object,0.5,0.14685212809547568
sub-004,OTC,whole,object,0.75,0.20126280692377538
sub-004,OTC,whole,object,1.0,0.2846421962901248
sub-004,OTC,whole,object,1.25,0.38053692554280055
sub-004,OTC,whole,object,1.5,0.5179309923094537
sub-004,OTC,whole,object,1.75,0.6455177247091288
sub-004,OTC,whole,object,2.0,0.7650936975765004
sub-004,OTC,whole,object,2.25,0.8543483869925054
sub-004,OTC,whole,object,2.5,0.9099662187176395
sub-004,OTC,whole,object,2.75,0.9399143735293023
sub-004,OTC,whole,object,3.0,0.963266104252506
sub-004,OTC,whole,object,3.25,0.9851949594834081
sub-004,OTC,whole,object,3.5,0.9972527673864943
sub-004,OTC,whole,object,3.75,1.0
sub-004,OTC,whole,object,4.0,1.0
sub-004,OTC,whole,object,4.25,1.0
sub-004,OTC,whole,object,4.5,1.0
sub-004,OTC,whole,object,4.75,1.0
sub-004,OTC,whole,object,5.0,1.0
sub-004,OTC,lateral,object,0.25,0.09815718941244153
sub-004,OTC,lateral,object,0.5,0.12220420447376946
sub-004,OTC,lateral,object,0.75,0.1731075439035494
sub-004,OTC,lateral,object,1.0,0.24580294943279932
sub-004,OTC,lateral,object,1.25,0.33620170433345753
sub-004,OTC,lateral,object,1.5,0.47573052087273837
sub-004,OTC,lateral,object,1.75,0.6236100202823532
sub-004,OTC,lateral,object,2.0,0.7582971343622841
sub-004,OTC,lateral,object,2.25,0.8440662839152578
sub-004,OTC,lateral,object,2.5,0.894714821403203
sub-004,OTC,lateral,object,2.75,0.9281943785149964
sub-004,OTC,lateral,object,3.0,0.9563041221592773
sub-004,OTC,lateral,object,3.25,0.9832037377257069
sub-004,OTC,lateral,object,3.5,0.9970383896138368
sub-004,OTC,lateral,object,3.75,1.0
sub-004,OTC,lateral,object,4.0,1.0
sub-004,OTC,lateral,object,4.25,1.0
sub-004,OTC,lateral,object,4.5,1.0
sub-004,OTC,lateral,object,4.75,1.0
sub-004,OTC,lateral,object,5.0,1.0
sub-004,OTC,medial,object,0.25,0.14648668258065536
sub-004,OTC,medial,object,0.5,0.1963370579025308
sub-004,OTC,medial,object,0.75,0.2753779143757613
sub-004,OTC,medial,object,1.0,0.37656631599442975
sub-004,OTC,medial,object,1.25,0.49353968290233424
sub-004,OTC,medial,object,1.5,0.6289344130526513
sub-004,OTC,medial,object,1.75,0.7108162922556115
sub-004,OTC,medial,object,2.0,0.7902642013520932
sub-004,OTC,medial,object,2.25,0.8945413966466971
sub-004,OTC,medial,object,2.5,0.9640655481868724
sub-004,OTC,medial,object,2.75,0.992340407670393
sub-004,OTC,medial,object,3.0,1.0
sub-004,OTC,medial,object,3.25,1.0
sub-004,OTC,medial,object,3.5,1.0
sub-004,OTC,medial,object,3.75,1.0
sub-004,OTC,medial,object,4.0,1.0
sub-004,OTC,medial,object,4.25,1.0
sub-004,OTC,medial,object,4.5,1.0
sub-004,OTC,medial,object,4.75,1.0
sub-004,OTC,whole,word,0.25,-0.3450867379401562
sub-004,OTC,whole,word,0.5,-0.378554018546876
sub-004,OTC,whole,word,0.75,-0.3631007054527107
sub-004,OTC,whole,word,1.0,-0.3743859838750018
sub-004,OTC,whole,word,1.25,-0.3236926230587003
sub-004,OTC,whole,word,1.5,-0.09105266326010207
sub-004,OTC,whole,word,1.75,0.39696270434036224
sub-004,OTC,whole,word,2.0,0.9821406663511926
sub-004,OTC,whole,word,2.25,1.0
sub-004,OTC,whole,word,2.5,1.0
sub-004,OTC,lateral,word,0.25,-0.40572554368036223
sub-004,OTC,lateral,word,0.5,-0.4664919143783337
sub-004,OTC,lateral,word,0.75,-0.44017011101374337
sub-004,OTC,lateral,word,1.0,-0.4510640395485633
sub-004,OTC,lateral,word,1.25,-0.3712711724836423
sub-004,OTC,lateral,word,1.5,-0.08279810716057019
sub-004,OTC,lateral,word,1.75,0.5528685151326661
sub-004,OTC,lateral,word,2.0,1.0
sub-004,OTC,lateral,word,2.25,1.0
sub-004,OTC,medial,word,0.25,-0.2316846311576684
sub-004,OTC,medial,word,0.5,-0.25739327521059985
sub-004,OTC,medial,word,0.75,-0.26026762640339934
sub-004,OTC,medial,word,1.0,-0.2853759812893919
sub-004,OTC,medial,word,1.25,-0.25454468212221926
sub-004,OTC,medial,word,1.5,-0.08407076431958566
sub-004,OTC,medial,word,1.75,0.16807374443738077
sub-004,OTC,medial,word,2.0,0.8566481137909707
sub-005,OTC,whole,face,0.25,0.004473117981206916
sub-005,OTC,whole,face,0.5,0.000841492408285929
sub-005,OTC,whole,face,0.75,0.012733909294803749
sub-005,OTC,whole,face,1.0,0.011993837492784458
sub-005,OTC,whole,face,1.25,0.010604369781206172
sub-005,OTC,whole,face,1.5,-0.0009825818081303588
sub-005,OTC,whole,face,1.75,-0.0084641369156001
sub-005,OTC,whole,face,2.0,-0.013809883540600951
sub-005,OTC,whole,face,2.25,-0.018799965233309634
sub-005,OTC,whole,face,2.5,-0.02483498151055477
sub-005,OTC,whole,face,2.75,-0.012650198904957277
sub-005,OTC,whole,face,3.0,-0.0013046836326889922
sub-005,OTC,whole,face,3.25,0.00304262968011328
sub-005,OTC,whole,face,3.5,0.01156103558327329
sub-005,OTC,whole,face,3.75,0.03377732603248818
sub-005,OTC,whole,face,4.0,0.035336638537100194
sub-005,OTC,whole,face,4.25,0.03615952746416413
sub-005,OTC,whole,face,4.5,0.03516687649925959
sub-005,OTC,whole,face,4.75,0.056178462746824184
sub-005,OTC,whole,face,5.0,0.0607746013333343
sub-005,OTC,lateral,face,0.25,-0.014448638065266533
sub-005,OTC,lateral,face,0.5,0.0028051516818075072
sub-005,OTC,lateral,face,0.75,0.03397555499859636
sub-005,OTC,lateral,face,1.0,0.025621363674189265
sub-005,OTC,lateral,face,1.25,0.02588213796241439
sub-005,OTC,lateral,face,1.5,0.003835415888177274
sub-005,OTC,lateral,face,1.75,-0.008095108304424862
sub-005,OTC,lateral,face,2.0,-0.024580429158789708
sub-005,OTC,lateral,face,2.25,-0.038956580368965744
sub-005,OTC,lateral,face,2.5,-0.04906924796966755
sub-005,OTC,lateral,face,2.75,-0.05490918303208428
sub-005,OTC,lateral,face,3.0,-0.059885010184079414
sub-005,OTC,lateral,face,3.25,-0.08181055578202263
sub-005,OTC,lateral,face,3.5,-0.06316034218133613
sub-005,OTC,lateral,face,3.75,-0.09946506324501934
sub-005,OTC,lateral,face,4.0,-0.10393552294689767
sub-005,OTC,lateral,face,4.25,-0.13352733035144812
sub-005,OTC,lateral,face,4.5,-0.15553021271096687
sub-005,OTC,lateral,face,4.75,-0.18347410265185832
sub-005,OTC,lateral,face,5.0,-0.16650554531170098
sub-005,OTC,medial,face,0.25,0.007622156258179355
sub-005,OTC,medial,face,0.5,0.00016028514788239814
sub-005,OTC,medial,face,0.75,-0.0005449451513036823
sub-005,OTC,medial,face,1.0,-0.008079964588684995
sub-005,OTC,medial,face,1.25,-0.0052604939477794875
sub-005,OTC,medial,face,1.5,-0.0025529380349194344
sub-005,OTC,medial,face,1.75,-0.01318879981913481
sub-005,OTC,medial,face,2.0,0.010885518764437097
sub-005,OTC,medial,face,2.25,-0.00036694822869798196
sub-005,OTC,medial,face,2.5,0.021868679244601376
sub-005,OTC,medial,face,2.75,0.04819405392622
sub-005,OTC,medial,face,3.0,0.09573190388207115
sub-005,OTC,medial,face,3.25,0.1483888204109998
sub-005,OTC,medial,face,3.5,0.20342633090801157
sub-005,OTC,medial,face,3.75,0.24018017607663888
sub-005,OTC,medial,face,4.0,0.2797537443355834
sub-005,OTC,medial,face,4.25,0.31899055722804154
sub-005,OTC,medial,face,4.5,0.3763307668686344
sub-005,OTC,medial,face,4.75,0.42397017641338586
sub-005,OTC,medial,face,5.0,0.43758996543859185
sub-005,OTC,whole,house,0.25,-0.22627460380749714
sub-005,OTC,whole,house,0.5,-0.22977916682931857
sub-005,OTC,whole,house,0.75,-0.22360465957792341
sub-005,OTC,whole,house,1.0,-0.21179439794697139
sub-005,OTC,whole,house,1.25,-0.20706518375683217
sub-005,OTC,whole,house,1.5,-0.1981149736116484
sub-005,OTC,whole,house,1.75,-0.17282752135474044
sub-005,OTC,whole,house,2.0,-0.14835927488425762
sub-005,OTC,whole,house,2.25,-0.12131472497014478
sub-005,OTC,whole,house,2.5,-0.09375434115890241
sub-005,OTC,whole,house,2.75,-0.045843672182387524
sub-005,OTC,whole,house,3.0,-0.01766418536735013
sub-005,OTC,whole,house,3.25,-0.0034055984818191732
sub-005,OTC,whole,house,3.5,0.010168358233002908
sub-005,OTC,whole,house,3.75,0.027741024531882735
sub-005,OTC,whole,house,4.0,0.032531079191177745
sub-005,OTC,whole,house,4.25,0.04578555988921902
sub-005,OTC,whole,house,4.5,0.06280740158633064
sub-005,OTC,whole,house,4.75,0.06608981277331258
sub-005,OTC,whole,house,5.0,0.04573268554577286
sub-005,OTC,lateral,house,0.25,-0.34250010682545456
sub-005,OTC,lateral,house,0.5,-0.3454519835109845
sub-005,OTC,lateral,house,0.75,-0.3254938414430219
sub-005,OTC,lateral,house,1.0,-0.303902850452317
sub-005,OTC,lateral,house,1.25,-0.2955077788573598
sub-005,OTC,lateral,house,1.5,-0.2895183086943202
sub-005,OTC,lateral,house,1.75,-0.26467161019212254
sub-005,OTC,lateral,house,2.0,-0.24817035550196512
sub-005,OTC,lateral,house,2.25,-0.22169084093671285
sub-005,OTC,lateral,house,2.5,-0.19493632466797733
sub-005,OTC,lateral,house,2.75,-0.15166085192492543
sub-005,OTC,lateral,house,3.0,-0.14476716647297097
sub-005,OTC,lateral,house,3.25,-0.09620441527003164
sub-005,OTC,lateral,house,3.5,-0.07447471901064516
sub-005,OTC,lateral,house,3.75,-0.04103655050707408
sub-005,OTC,lateral,house,4.0,-0.057520056253553935
sub-005,OTC,lateral,house,4.25,-0.00884447302210569
sub-005,OTC,lateral,house,4.5,-0.005317653857104188
sub-005,OTC,lateral,house,4.75,0.03964594568698461
sub-005,OTC,lateral,house,5.0,0.04352548693097999
sub-005,OTC,medial,house,0.25,-0.14865712784237486
sub-005,OTC,medial,house,0.5,-0.14860829746339885
sub-005,OTC,medial,house,0.75,-0.15830864638105893
sub-005,OTC,medial,house,1.0,-0.14808936707696013
sub-005,OTC,medial,house,1.25,-0.1392731306403478
sub-005,OTC,medial,house,1.5,-0.12655558749385767
sub-005,OTC,medial,house,1.75,-0.0943920302724154
sub-005,OTC,medial,house,2.0,-0.06671621838792413
sub-005,OTC,medial,house,2.25,-0.043344957275900146
sub-005,OTC,medial,house,2.5,0.002997058968736177
sub-005,OTC,medial,house,2.75,0.05913889902242523
sub-005,OTC,medial,house,3.0,0.09134407811274586
sub-005,OTC,medial,house,3.25,0.09044953352842963
sub-005,OTC,medial,house,3.5,0.12529993204425716
sub-005,OTC,medial,house,3.75,0.12126057166327663
sub-005,OTC,medial,house,4.0,0.1340007022901798
sub-005,OTC,medial,house,4.25,0.10838628305813337
sub-005,OTC,medial,house,4.5,0.12419605796305869
sub-005,OTC,medial,house,4.75,0.09864889919037809
sub-005,OTC,medial,house,5.0,0.07267344175197347
sub-005,OTC,whole,object,0.25,0.1152949479270137
sub-005,OTC,whole,object,0.5,0.1474477545751986
sub-005,OTC,whole,object,0.75,0.174491212684634
sub-005,OTC,whole,object,1.0,0.20012066292436792
sub-005,OTC,whole,object,1.25,0.23135136940621714
sub-005,OTC,whole,object,1.5,0.2491039662338495
sub-005,OTC,whole,object,1.75,0.26829163436785636
sub-005,OTC,whole,object,2.0,0.2722308143804763
sub-005,OTC,whole,object,2.25,0.2764774970437883
sub-005,OTC,whole,object,2.5,0.28288059437995355
sub-005,OTC,whole,object,2.75,0.2849737492168265
sub-005,OTC,whole,object,3.0,0.2867625593116151
sub-005,OTC,whole,object,3.25,0.28835419574971904
sub-005,OTC,whole,object,3.5,0.2697533176309006
sub-005,OTC,whole,object,3.75,0.25144286683564077
sub-005,OTC,whole,object,4.0,0.2280140681361088
sub-005,OTC,whole,object,4.25,0.22322453587220373
sub-005,OTC,whole,object,4.5,0.1883765095970199
sub-005,OTC,whole,object,4.75,0.15331986409788498
sub-005,OTC,whole,object,5.0,0.12490044441442119
sub-005,OTC,lateral,object,0.25,0.06586846953325295
sub-005,OTC,lateral,object,0.5,0.08576685517244459
sub-005,OTC,lateral,object,0.75,0.10489006996648902
sub-005,OTC,lateral,object,1.0,0.12459224353882271
sub-005,OTC,lateral,object,1.25,0.16444928575096227
sub-005,OTC,lateral,object,1.5,0.16870811580213657
sub-005,OTC,lateral,object,1.75,0.18826419733294145
sub-005,OTC,lateral,object,2.0,0.19238612189070467
sub-005,OTC,lateral,object,2.25,0.20771785830641204
sub-005,OTC,lateral,object,2.5,0.2108133611519748
sub-005,OTC,lateral,object,2.75,0.2062449790016962
sub-005,OTC,lateral,object,3.0,0.20040584803934164
sub-005,OTC,lateral,object,3.25,0.20177423282175672
sub-005,OTC,lateral,object,3.5,0.18738101975484436
sub-005,OTC,lateral,object,3.75,0.15690953877046698
sub-005,OTC,lateral,object,4.0,0.14332700781657376
sub-005,OTC,lateral,object,4.25,0.126515759550173
sub-005,OTC,lateral,object,4.5,0.06618103621880007
sub-005,OTC,lateral,object,4.75,0.03405197604902052
sub-005,OTC,lateral,object,5.0,0.008781032379665134
sub-005,OTC,medial,object,0.25,0.1991208535492049
sub-005,OTC,medial,object,0.5,0.26570136626068147
sub-005,OTC,medial,object,0.75,0.33581045185190234
sub-005,OTC,medial,object,1.0,0.39559175248017486
sub-005,OTC,medial,object,1.25,0.4374139557836688
sub-005,OTC,medial,object,1.5,0.4775922964512634
sub-005,OTC,medial,object,1.75,0.5333922788670304
sub-005,OTC,medial,object,2.0,0.569067899512173
sub-005,OTC,medial,object,2.25,0.5872514290189267
sub-005,OTC,medial,object,2.5,0.6035601719825959
sub-005,OTC,medial,object,2.75,0.6112921518094372
sub-005,OTC,medial,object,3.0,0.5963126874011953
sub-005,OTC,medial,object,3.25,0.6052016979277657
sub-005,OTC,medial,object,3.5,0.5852363811220347
sub-005,OTC,medial,object,3.75,0.5904385225107317
sub-005,OTC,medial,object,4.0,0.5989549251710522
sub-005,OTC,medial,object,4.25,0.5968992769764335
sub-005,OTC,medial,object,4.5,0.6400253693982757
sub-005,OTC,medial,object,4.75,0.6469538138019809
sub-005,OTC,medial,object,5.0,0.6114591658149378
sub-005,OTC,whole,word,0.25,0.1388748200440507
sub-005,OTC,whole,word,0.5,0.15271468030133373
sub-005,OTC,whole,word,0.75,0.1524727711096068
sub-005,OTC,whole,word,1.0,0.15882285110410135
sub-005,OTC,whole,word,1.25,0.15790851878697695
sub-005,OTC,whole,word,1.5,0.1749279788403421
sub-005,OTC,whole,word,1.75,0.18199189525921494
sub-005,OTC,whole,word,2.0,0.16664904774718728
sub-005,OTC,whole,word,2.25,0.1704483195276273
sub-005,OTC,whole,word,2.5,0.1606705110229757
sub-005,OTC,whole,word,2.75,0.1608989393191575
sub-005,OTC,whole,word,3.0,0.18442954862870584
sub-005,OTC,whole,word,3.25,0.18520484711517216
sub-005,OTC,whole,word,3.5,0.19327026094030905
sub-005,OTC,whole,word,3.75,0.19538361569624108
sub-005,OTC,whole,word,4.0,0.23679239741308336
sub-005,OTC,whole,word,4.25,0.28667458135776264
sub-005,OTC,whole,word,4.5,0.2995441658602547
sub-005,OTC,whole,word,4.75,0.341408466598091
sub-005,OTC,whole,word,5.0,0.3875079279540124
sub-005,OTC,lateral,word,0.25,0.27396728827665096
sub-005,OTC,lateral,word,0.5,0.3033181174874201
sub-005,OTC,lateral,word,0.75,0.34856570115204605
sub-005,OTC,lateral,word,1.0,0.4032862229271695
sub-005,OTC,lateral,word,1.25,0.47335883977450044
sub-005,OTC,lateral,word,1.5,0.5396621589442774
sub-005,OTC,lateral,word,1.75,0.6030279705835057
sub-005,OTC,lateral,word,2.0,0.6695710822257798
sub-005,OTC,lateral,word,2.25,0.7491334017691094
sub-005,OTC,lateral,word,2.5,0.817786745829645
sub-005,OTC,lateral,word,2.75,0.8698527705910185
sub-005,OTC,lateral,word,3.0,0.9309844245271357
sub-005,OTC,lateral,word,3.25,0.941006681516831
sub-005,OTC,lateral,word,3.5,0.9507437114808376
sub-005,OTC,lateral,word,3.75,0.9628083386115656
sub-005,OTC,lateral,word,4.0,0.9729246961827501
sub-005,OTC,lateral,word,4.25,0.9779794365571759
sub-005,OTC,lateral,word,4.5,0.9876459602621482
sub-005,OTC,lateral,word,4.75,0.9952549233667946
sub-005,OTC,lateral,word,5.0,0.9946160908131478
sub-005,OTC,medial,word,0.25,0.06214688985775398
sub-005,OTC,medial,word,0.5,0.05650531440085128
sub-005,OTC,medial,word,0.75,0.03863186239762308
sub-005,OTC,medial,word,1.0,0.022173509981353378
sub-005,OTC,medial,word,1.25,-0.01740285845840331
sub-005,OTC,medial,word,1.5,-0.04600974542295267
sub-005,OTC,medial,word,1.75,-0.08799686613879269
sub-005,OTC,medial,word,2.0,-0.15782988491489167
sub-005,OTC,medial,word,2.25,-0.21781952495823875
sub-005,OTC,medial,word,2.5,-0.30180488289877855
sub-005,OTC,medial,word,2.75,-0.3500781354367053
sub-005,OTC,medial,word,3.0,-0.39913441758120854
sub-005,OTC,medial,word,3.25,-0.4383092017177721
sub-005,OTC,medial,word,3.5,-0.4635903845274524
sub-005,OTC,medial,word,3.75,-0.5607584283017845
sub-005,OTC,medial,word,4.0,-0.5937074003187126
sub-005,OTC,medial,word,4.25,-0.6213379002966318
sub-005,OTC,medial,word,4.5,-0.6493949032073546
sub-005,OTC,medial,word,4.75,-0.6686987827467644
sub-005,OTC,medial,word,5.0,-0.7071524826990253
sub-008,OTC,whole,face,0.25,-0.05279052175162827
sub-008,OTC,whole,face,0.5,-0.047130032687947666
sub-008,OTC,whole,face,0.75,-0.028418830581343833
sub-008,OTC,whole,face,1.0,-0.011725453904437187
sub-008,OTC,whole,face,1.25,0.008890505558230446
sub-008,OTC,whole,face,1.5,0.051307071180619064
sub-008,OTC,whole,face,1.75,0.08829756676114689
sub-008,OTC,whole,face,2.0,0.14368830938402602
sub-008,OTC,whole,face,2.25,0.19578431176028624
sub-008,OTC,whole,face,2.5,0.2645072227077378
sub-008,OTC,whole,face,2.75,0.3300410035360292
sub-008,OTC,whole,face,3.0,0.4032684354835304
sub-008,OTC,whole,face,3.25,0.48923491311154244
sub-008,OTC,whole,face,3.5,0.564160018178599
sub-008,OTC,whole,face,3.75,0.6266249249181037
sub-008,OTC,whole,face,4.0,0.6661128942719717
sub-008,OTC,whole,face,4.25,0.6944432641347295
sub-008,OTC,whole,face,4.5,0.7223110502627612
sub-008,OTC,whole,face,4.75,0.742388457005924
sub-008,OTC,whole,face,5.0,0.755130148608066
sub-008,OTC,lateral,face,0.25,-0.11953973812041647
sub-008,OTC,lateral,face,0.5,-0.11689462746829411
sub-008,OTC,lateral,face,0.75,-0.1022104301756219
sub-008,OTC,lateral,face,1.0,-0.09193797076144923
sub-008,OTC,lateral,face,1.25,-0.06681918954903115
sub-008,OTC,lateral,face,1.5,-0.030664412012329875
sub-008,OTC,lateral,face,1.75,0.021210767784476964
sub-008,OTC,lateral,face,2.0,0.08730623249581415
sub-008,OTC,lateral,face,2.25,0.16007244662772163
sub-008,OTC,lateral,face,2.5,0.2475099792752181
sub-008,OTC,lateral,face,2.75,0.3583213640780452
sub-008,OTC,lateral,face,3.0,0.4856686252315856
sub-008,OTC,lateral,face,3.25,0.5994195481428509
sub-008,OTC,lateral,face,3.5,0.717623620029665
sub-008,OTC,lateral,face,3.75,0.8046338294560624
sub-008,OTC,lateral,face,4.0,0.8648575929908972
sub-008,OTC,lateral,face,4.25,0.9001876146099487
sub-008,OTC,lateral,face,4.5,0.939195636985303
sub-008,OTC,lateral,face,4.75,0.9630182274147736
sub-008,OTC,lateral,face,5.0,0.9851773467255586
sub-008,OTC,medial,face,0.25,0.060835669875601565
sub-008,OTC,medial,face,0.5,0.07189993437562475
sub-008,OTC,medial,face,0.75,0.09341225092659694
sub-008,OTC,medial,face,1.0,0.1196676435669523
sub-008,OTC,medial,face,1.25,0.15503060453427212
sub-008,OTC,medial,face,1.5,0.20080427570760268
sub-008,OTC,medial,face,1.75,0.2225808870031246
sub-008,OTC,medial,face,2.0,0.26231400102507957
sub-008,OTC,medial,face,2.25,0.28486498693697837
sub-008,OTC,medial,face,2.5,0.279762625916368
sub-008,OTC,medial,face,2.75,0.2727609041823772
sub-008,OTC,medial,face,3.0,0.25457263464559704
sub-008,OTC,medial,face,3.25,0.264832602857575
sub-008,OTC,medial,face,3.5,0.24866133005394184
sub-008,OTC,medial,face,3.75,0.2520145193878114
sub-008,OTC,medial,face,4.0,0.19999818068117045
sub-008,OTC,medial,face,4.25,0.21554924561258823
sub-008,OTC,medial,face,4.5,0.19943623872444013
sub-008,OTC,medial,face,4.75,0.16877825023816403
sub-008,OTC,medial,face,5.0,0.15492948514409993
sub-008,OTC,whole,house,0.25,-0.03480853378531809
sub-008,OTC,whole,house,0.5,-0.019708047773080824
sub-008,OTC,whole,house,0.75,-0.001521547821686657
sub-008,OTC,whole,house,1.0,0.028174488198027862
sub-008,OTC,whole,house,1.25,0.0748703497509086
sub-008,OTC,whole,house,1.5,0.13653544807369333
sub-008,OTC,whole,house,1.75,0.2076518672517517
sub-008,OTC,whole,house,2.0,0.2918195330118373
sub-008,OTC,whole,house,2.25,0.3762260108203466
sub-008,OTC,whole,house,2.5,0.4430734159988571
sub-008,OTC,whole,house,2.75,0.4879362629295356
sub-008,OTC,whole,house,3.0,0.5243091031430352
sub-008,OTC,whole,house,3.25,0.5441332770801651
sub-008,OTC,whole,house,3.5,0.5626445375817518
sub-008,OTC,whole,house,3.75,0.5781779080933538
sub-008,OTC,whole,house,4.0,0.6002757017413165
sub-008,OTC,whole,house,4.25,0.5987778423423006
sub-008,OTC,whole,house,4.5,0.5956452961297455
sub-008,OTC,whole,house,4.75,0.576659709144305
sub-008,OTC,whole,house,5.0,0.5588408085436396
sub-008,OTC,lateral,house,0.25,-0.22603167788409967
sub-008,OTC,lateral,house,0.5,-0.2333691085937058
sub-008,OTC,lateral,house,0.75,-0.2276009938639688
sub-008,OTC,lateral,house,1.0,-0.19702926412668698
sub-008,OTC,lateral,house,1.25,-0.16798464251995351
sub-008,OTC,lateral,house,1.5,-0.10393879633269931
sub-008,OTC,lateral,house,1.75,-0.02374369990812648
sub-008,OTC,lateral,house,2.0,0.07208193194115599
sub-008,OTC,lateral,house,2.25,0.21052631600747096
sub-008,OTC,lateral,house,2.5,0.34226823788630656
sub-008,OTC,lateral,house,2.75,0.4650044420221318
sub-008,OTC,lateral,house,3.0,0.5720201715101292
sub-008,OTC,lateral,house,3.25,0.6150980334037695
sub-008,OTC,lateral,house,3.5,0.6994865611106896
sub-008,OTC,lateral,house,3.75,0.7825325010875858
sub-008,OTC,lateral,house,4.0,0.8876652271118339
sub-008,OTC,lateral,house,4.25,0.9026359785374514
sub-008,OTC,lateral,house,4.5,1.0
sub-008,OTC,lateral,house,4.75,1.0
sub-008,OTC,lateral,house,5.0,1.0
sub-008,OTC,medial,house,0.25,0.23918525641015329
sub-008,OTC,medial,house,0.5,0.25100358861388916
sub-008,OTC,medial,house,0.75,0.2935812343204842
sub-008,OTC,medial,house,1.0,0.31589956929267954
sub-008,OTC,medial,house,1.25,0.3435346143354829
sub-008,OTC,medial,house,1.5,0.38197758597398646
sub-008,OTC,medial,house,1.75,0.42022947507376
sub-008,OTC,medial,house,2.0,0.4569237466269637
sub-008,OTC,medial,house,2.25,0.49313705504207866
sub-008,OTC,medial,house,2.5,0.5028996418770518
sub-008,OTC,medial,house,2.75,0.515723895777878
sub-008,OTC,medial,house,3.0,0.5048845070934497
sub-008,OTC,medial,house,3.25,0.5126449642468096
sub-008,OTC,medial,house,3.5,0.508327126983135
sub-008,OTC,medial,house,3.75,0.5176007882695377
sub-008,OTC,medial,house,4.0,0.5161308582456338
sub-008,OTC,medial,house,4.25,0.5099228495615575
sub-008,OTC,medial,house,4.5,0.49947061307795154
sub-008,OTC,medial,house,4.75,0.48838064073510296
sub-008,OTC,medial,house,5.0,0.4759036246265746
sub-008,OTC,whole,object,0.25,0.3373754724382186
sub-008,OTC,whole,object,0.5,0.40259491555387783
sub-008,OTC,whole,object,0.75,0.4828798329730546
sub-008,OTC,whole,object,1.0,0.548890082115133
sub-008,OTC,whole,object,1.25,0.6149342902477462
sub-008,OTC,whole,object,1.5,0.6891215803990075
sub-008,OTC,whole,object,1.75,0.7626060103616328
sub-008,OTC,whole,object,2.0,0.8296872327335649
sub-008,OTC,whole,object,2.25,0.9123082076073117
sub-008,OTC,whole,object,2.5,0.9601496790464649
sub-008,OTC,whole,object,2.75,0.9830007976197348
sub-008,OTC,whole,object,3.0,0.9970060780902418
sub-008,OTC,whole,object,3.25,0.9977611264333699
sub-008,OTC,whole,object,3.5,1.0
sub-008,OTC,whole,object,3.75,1.0
sub-008,OTC,whole,object,4.0,1.0
sub-008,OTC,whole,object,4.25,1.0
sub-008,OTC,whole,object,4.5,1.0
sub-008,OTC,whole,object,4.75,1.0
sub-008,OTC,whole,object,5.0,1.0
sub-008,OTC,lateral,object,0.25,0.3523967964324216
sub-008,OTC,lateral,object,0.5,0.4292920277300383
sub-008,OTC,lateral,object,0.75,0.5153881120086818
sub-008,OTC,lateral,object,1.0,0.5853882079791233
sub-008,OTC,lateral,object,1.25,0.6366841074386236
sub-008,OTC,lateral,object,1.5,0.7018276168392947
sub-008,OTC,lateral,object,1.75,0.7551040142535952
sub-008,OTC,lateral,object,2.0,0.826741072745056
sub-008,OTC,lateral,object,2.25,0.9178319839034537
sub-008,OTC,lateral,object,2.5,0.9683474152092056
sub-008,OTC,lateral,object,2.75,0.9956597099457781
sub-008,OTC,lateral,object,3.0,1.0
sub-008,OTC,lateral,object,3.25,1.0
sub-008,OTC,lateral,object,3.5,1.0
sub-008,OTC,lateral,object,3.75,1.0
sub-008,OTC,lateral,object,4.0,1.0
sub-008,OTC,lateral,object,4.25,1.0
sub-008,OTC,lateral,object,4.5,1.0
sub-008,OTC,lateral,object,4.75,1.0
sub-008,OTC,lateral,object,5.0,1.0
sub-008,OTC,medial,object,0.25,0.3161797492575689
sub-008,OTC,medial,object,0.5,0.36956873262952045
sub-008,OTC,medial,object,0.75,0.43573930811749106
sub-008,OTC,medial,object,1.0,0.5084117973710303
sub-008,OTC,medial,object,1.25,0.5833852435078967
sub-008,OTC,medial,object,1.5,0.6867360828688631
sub-008,OTC,medial,object,1.75,0.7678452764883158
sub-008,OTC,medial,object,2.0,0.8412789647755742
sub-008,OTC,medial,object,2.25,0.9087499715670779
sub-008,OTC,medial,object,2.5,0.9537621778826562
sub-008,OTC,medial,object,2.75,0.9756755142799391
sub-008,OTC,medial,object,3.0,0.9863966146615623
sub-008,OTC,medial,object,3.25,0.9976161445155107
sub-008,OTC,medial,object,3.5,1.0
sub-008,OTC,medial,object,3.75,1.0
sub-008,OTC,medial,object,4.0,1.0
sub-008,OTC,medial,object,4.25,1.0
sub-008,OTC,medial,object,4.5,1.0
sub-008,OTC,medial,object,4.75,1.0
sub-008,OTC,medial,object,5.0,1.0
sub-008,OTC,whole,word,0.25,0.08391590390399513
sub-008,OTC,whole,word,0.5,0.1256851482763688
sub-008,OTC,whole,word,0.75,0.17102343925854105
sub-008,OTC,whole,word,1.0,0.22951735115174277
sub-008,OTC,whole,word,1.25,0.23535046375221516
sub-008,OTC,whole,word,1.5,0.3056522852613768
sub-008,OTC,whole,word,1.75,0.3830651691555048
sub-008,OTC,whole,word,2.0,0.49246529882780865
sub-008,OTC,whole,word,2.25,0.6528211893004804
sub-008,OTC,whole,word,2.5,0.831453872015101
sub-008,OTC,whole,word,2.75,0.9409836804183545
sub-008,OTC,whole,word,3.0,1.0
sub-008,OTC,whole,word,3.25,1.0
sub-008,OTC,whole,word,3.5,1.0
sub-008,OTC,whole,word,3.75,1.0
sub-008,OTC,lateral,word,0.25,0.35496786786356493
sub-008,OTC,lateral,word,0.5,0.45279688548904395
sub-008,OTC,lateral,word,0.75,0.5438167662688363
sub-008,OTC,lateral,word,1.0,0.626800476786411
sub-008,OTC,lateral,word,1.25,0.7094411273207697
sub-008,OTC,lateral,word,1.5,0.8320082578170919
sub-008,OTC,lateral,word,1.75,0.9214185676710558
sub-008,OTC,lateral,word,2.0,0.9678429529250696
sub-008,OTC,lateral,word,2.25,1.0
sub-008,OTC,lateral,word,2.5,1.0
sub-008,OTC,lateral,word,2.75,1.0
sub-008,OTC,lateral,word,3.0,1.0
sub-008,OTC,lateral,word,3.25,1.0
sub-008,OTC,lateral,word,3.5,1.0
sub-008,OTC,lateral,word,3.75,1.0
sub-008,OTC,medial,word,0.25,-0.3215454897569605
sub-008,OTC,medial,word,0.5,-0.3590688137830066
sub-008,OTC,medial,word,0.75,-0.3777856463360326
sub-008,OTC,medial,word,1.0,-0.3674050366348071
sub-008,OTC,medial,word,1.25,-0.5284032215388221
sub-008,OTC,medial,word,1.5,-0.6430430599203996
sub-008,OTC,medial,word,1.75,-0.7673586865105431
sub-008,OTC,medial,word,2.0,-0.8714745313470016
sub-008,OTC,medial,word,2.25,-0.9519188593418568
sub-008,OTC,medial,word,2.5,-1.0
sub-010,OTC,whole,face,0.25,-0.08071572563187837
sub-010,OTC,whole,face,0.5,-0.12413854968309755
sub-010,OTC,whole,face,0.75,-0.17880573050481074
sub-010,OTC,whole,face,1.0,-0.23898638344919065
sub-010,OTC,whole,face,1.25,-0.3062244812460772
sub-010,OTC,whole,face,1.5,-0.3869615058049874
sub-010,OTC,whole,face,1.75,-0.5014926248111735
sub-010,OTC,whole,face,2.0,-0.6222156976204452
sub-010,OTC,whole,face,2.25,-0.7410259541085885
sub-010,OTC,whole,face,2.5,-0.8370191554300146
sub-010,OTC,whole,face,2.75,-0.8823000263152412
sub-010,OTC,whole,face,3.0,-0.8949167782542289
sub-010,OTC,whole,face,3.25,-0.8983131031144963
sub-010,OTC,whole,face,3.5,-0.8948492074950792
sub-010,OTC,whole,face,3.75,-0.8911663406391803
sub-010,OTC,whole,face,4.0,-0.8847707691896731
sub-010,OTC,whole,face,4.25,-0.8852811037778122
sub-010,OTC,whole,face,4.5,-0.8802973785719381
sub-010,OTC,whole,face,4.75,-0.8837225846676502
sub-010,OTC,whole,face,5.0,-0.8714237663087558
sub-010,OTC,lateral,face,0.25,-0.055356820370067394
sub-010,OTC,lateral,face,0.5,-0.1030206637832298
sub-010,OTC,lateral,face,0.75,-0.16752816449187236
sub-010,OTC,lateral,face,1.0,-0.23448431151418764
sub-010,OTC,lateral,face,1.25,-0.30127824081193905
sub-010,OTC,lateral,face,1.5,-0.4126392841882647
sub-010,OTC,lateral,face,1.75,-0.52789134074588
sub-010,OTC,lateral,face,2.0,-0.6822167393616115
sub-010,OTC,lateral,face,2.25,-0.8303897224924438
sub-010,OTC,lateral,face,2.5,-0.9303458271864989
sub-010,OTC,lateral,face,2.75,-0.9990154420592262
sub-010,OTC,lateral,face,3.0,-1.0
sub-010,OTC,lateral,face,3.25,-1.0
sub-010,OTC,lateral,face,3.5,-1.0
sub-010,OTC,lateral,face,3.75,-1.0
sub-010,OTC,lateral,face,4.0,-1.0
sub-010,OTC,lateral,face,4.25,-1.0
sub-010,OTC,lateral,face,4.5,-1.0
sub-010,OTC,lateral,face,4.75,-1.0
sub-010,OTC,lateral,face,5.0,-1.0
sub-010,OTC,medial,face,0.25,-0.164207647947724
sub-010,OTC,medial,face,0.5,-0.18457781654625324
sub-010,OTC,medial,face,0.75,-0.2196667719598503
sub-010,OTC,medial,face,1.0,-0.26830540741149417
sub-010,OTC,medial,face,1.25,-0.3132836739899733
sub-010,OTC,medial,face,1.5,-0.3415822041885621
sub-010,OTC,medial,face,1.75,-0.3555206614104015
sub-010,OTC,medial,face,2.0,-0.3860549297458913
sub-010,OTC,medial,face,2.25,-0.37128112879553
sub-010,OTC,medial,face,2.5,-0.37298595593728695
sub-010,OTC,medial,face,2.75,-0.3059208584870632
sub-010,OTC,medial,face,3.0,-0.30793609479967315
sub-010,OTC,medial,face,3.25,-0.2533794192490783
sub-010,OTC,medial,face,3.5,-0.0991918401801171
sub-010,OTC,medial,face,3.75,-0.015897296347123332
sub-010,OTC,medial,face,4.0,-0.0429299950607545
sub-010,OTC,medial,face,4.25,-0.02130992697030433
sub-010,OTC,medial,face,4.5,-0.04685722487580073
sub-010,OTC,medial,face,4.75,-0.22894206409477905
sub-010,OTC,medial,face,5.0,-0.2314273723899393
sub-010,OTC,whole,house,0.25,-0.25559272895863977
sub-010,OTC,whole,house,0.5,-0.3150095917561409
sub-010,OTC,whole,house,0.75,-0.37957673350764026
sub-010,OTC,whole,house,1.0,-0.44307255042702015
sub-010,OTC,whole,house,1.25,-0.5262018181744393
sub-010,OTC,whole,house,1.5,-0.6374716554035256
sub-010,OTC,whole,house,1.75,-0.7203644676116713
sub-010,OTC,whole,house,2.0,-0.8516132285334349
sub-010,OTC,whole,house,2.25,-0.9121565269281383
sub-010,OTC,whole,house,2.5,-0.9747400153651491
sub-010,OTC,whole,house,2.75,-0.9786415355321698
sub-010,OTC,whole,house,3.0,-0.9906745730613515
sub-010,OTC,whole,house,3.25,-0.9963313788367382
sub-010,OTC,whole,house,3.5,-0.9992507492507491
sub-010,OTC,whole,house,3.75,-1.0
sub-010,OTC,whole,house,4.0,-1.0
sub-010,OTC,whole,house,4.25,-1.0
sub-010,OTC,whole,house,4.5,-1.0
sub-010,OTC,whole,house,4.75,-1.0
sub-010,OTC,whole,house,5.0,-1.0
sub-010,OTC,lateral,house,0.25,-0.27703689493972145
sub-010,OTC,lateral,house,0.5,-0.35714228390817077
sub-010,OTC,lateral,house,0.75,-0.41699687100464905
sub-010,OTC,lateral,house,1.0,-0.47089360209589887
sub-010,OTC,lateral,house,1.25,-0.5489165816827319
sub-010,OTC,lateral,house,1.5,-0.6673057124494719
sub-010,OTC,lateral,house,1.75,-0.7580341857726168
sub-010,OTC,lateral,house,2.0,-0.8734311877746203
sub-010,OTC,lateral,house,2.25,-0.9258526833576955
sub-010,OTC,lateral,house,2.5,-0.9757715887175179
sub-010,OTC,lateral,house,2.75,-0.9747816218027695
sub-010,OTC,lateral,house,3.0,-0.9693560664732568
sub-010,OTC,lateral,house,3.25,-0.9960085029744473
sub-010,OTC,lateral,house,3.5,-1.0
sub-010,OTC,lateral,house,3.75,-1.0
sub-010,OTC,lateral,house,4.0,-1.0
sub-010,OTC,lateral,house,4.25,-1.0
sub-010,OTC,lateral,house,4.5,-1.0
sub-010,OTC,medial,house,0.25,-0.2253011860215192
sub-010,OTC,medial,house,0.5,-0.26678569575463734
sub-010,OTC,medial,house,0.75,-0.3403597532577358
sub-010,OTC,medial,house,1.0,-0.4116845627801833
sub-010,OTC,medial,house,1.25,-0.497597734351374
sub-010,OTC,medial,house,1.5,-0.6101257112716064
sub-010,OTC,medial,house,1.75,-0.7099813109281153
sub-010,OTC,medial,house,2.0,-0.8430467944655123
sub-010,OTC,medial,house,2.25,-0.9144719796485553
sub-010,OTC,medial,house,2.5,-0.9787772615684917
sub-010,OTC,medial,house,2.75,-0.9935211058112434
sub-010,OTC,medial,house,3.0,-1.0
sub-010,OTC,medial,house,3.25,-1.0
sub-010,OTC,medial,house,3.5,-0.9993649893692417
sub-010,OTC,medial,house,3.75,-1.0
sub-010,OTC,medial,house,4.0,-1.0
sub-010,OTC,medial,house,4.25,-1.0
sub-010,OTC,medial,house,4.5,-1.0
sub-010,OTC,medial,house,4.75,-1.0
sub-010,OTC,medial,house,5.0,-1.0
sub-010,OTC,whole,object,0.25,-0.3701681055287133
sub-010,OTC,whole,object,0.5,-0.44843616627781097
sub-010,OTC,whole,object,0.75,-0.5039363102567436
sub-010,OTC,whole,object,1.0,-0.5724380282719133
sub-010,OTC,whole,object,1.25,-0.6280378560033797
sub-010,OTC,whole,object,1.5,-0.6818576174231474
sub-010,OTC,whole,object,1.75,-0.7570804509888849
sub-010,OTC,whole,object,2.0,-0.8313787678594734
sub-010,OTC,whole,object,2.25,-0.9114354848889774
sub-010,OTC,whole,object,2.5,-0.9594597554425209
sub-010,OTC,whole,object,2.75,-0.9760698053320543
sub-010,OTC,whole,object,3.0,-0.991391247441505
sub-010,OTC,whole,object,3.25,-0.9909009858278077
sub-010,OTC,whole,object,3.5,-0.9949438681018169
sub-010,OTC,whole,object,3.75,-0.9982363797162043
sub-010,OTC,whole,object,4.0,-1.0
sub-010,OTC,whole,object,4.25,-1.0
sub-010,OTC,whole,object,4.5,-1.0
sub-010,OTC,whole,object,4.75,-1.0
sub-010,OTC,whole,object,5.0,-1.0
sub-010,OTC,lateral,object,0.25,-0.45135343221766644
sub-010,OTC,lateral,object,0.5,-0.5580521871764709
sub-010,OTC,lateral,object,0.75,-0.6450168364678817
sub-010,OTC,lateral,object,1.0,-0.730951181040494
sub-010,OTC,lateral,object,1.25,-0.8122416669182928
sub-010,OTC,lateral,object,1.5,-0.857469346630835
sub-010,OTC,lateral,object,1.75,-0.9038286768566967
sub-010,OTC,lateral,object,2.0,-0.9509042586216546
sub-010,OTC,lateral,object,2.25,-0.9820449126214678
sub-010,OTC,lateral,object,2.5,-0.9966424297480037
sub-010,OTC,lateral,object,2.75,-0.9995704864502909
sub-010,OTC,lateral,object,3.0,-1.0
sub-010,OTC,lateral,object,3.25,-1.0
sub-010,OTC,lateral,object,3.5,-1.0
sub-010,OTC,lateral,object,3.75,-1.0
sub-010,OTC,lateral,object,4.0,-1.0
sub-010,OTC,lateral,object,4.25,-1.0
sub-010,OTC,lateral,object,4.5,-1.0
sub-010,OTC,lateral,object,4.75,-1.0
sub-010,OTC,lateral,object,5.0,-1.0
sub-010,OTC,medial,object,0.25,-0.16361217411357096
sub-010,OTC,medial,object,0.5,-0.16612116449449676
sub-010,OTC,medial,object,0.75,-0.14832032211919222
sub-010,OTC,medial,object,1.0,-0.11410208853300029
sub-010,OTC,medial,object,1.25,-0.06865068529210717
sub-010,OTC,medial,object,1.5,-0.09748169404517847
sub-010,OTC,medial,object,1.75,-0.1825315966878778
sub-010,OTC,medial,object,2.0,-0.280596283088781
sub-010,OTC,medial,object,2.25,-0.49032152142052
sub-010,OTC,medial,object,2.5,-0.7134342092137571
sub-010,OTC,medial,object,2.75,-0.8121808672027423
sub-010,OTC,medial,object,3.0,-0.9065224247852871
sub-010,OTC,medial,object,3.25,-0.9059904007054592
sub-010,OTC,medial,object,3.5,-0.94851661173396
sub-010,OTC,medial,object,3.75,-0.9745625165066932
sub-010,OTC,medial,object,4.0,-1.0
sub-010,OTC,medial,object,4.25,-1.0
sub-010,OTC,medial,object,4.5,-1.0
sub-010,OTC,medial,object,4.75,-1.0
sub-010,OTC,medial,object,5.0,-1.0
sub-010,OTC,whole,word,0.25,0.1937409144822212
sub-010,OTC,whole,word,0.5,0.18409624442789685
sub-010,OTC,whole,word,0.75,0.1607354102280354
sub-010,OTC,whole,word,1.0,0.15881014223737153
sub-010,OTC,whole,word,1.25,0.14747428553735834
sub-010,OTC,whole,word,1.5,0.10397952234764016
sub-010,OTC,whole,word,1.75,0.08400846748635633
sub-010,OTC,whole,word,2.0,0.006126128115445545
sub-010,OTC,whole,word,2.25,-0.002484226885979356
sub-010,OTC,whole,word,2.5,0.11062104277106118
sub-010,OTC,whole,word,2.75,0.2565817383186359
sub-010,OTC,whole,word,3.0,0.5113026819923371
sub-010,OTC,lateral,word,0.25,0.4091657940476644
sub-010,OTC,lateral,word,0.5,0.4208738141532518
sub-010,OTC,lateral,word,0.75,0.4097092548170429
sub-010,OTC,lateral,word,1.0,0.4082410819939038
sub-010,OTC,lateral,word,1.25,0.37931205386844913
sub-010,OTC,lateral,word,1.5,0.31977110802941255
sub-010,OTC,lateral,word,1.75,0.2547388277452336
sub-010,OTC,lateral,word,2.0,0.17873328045496364
sub-010,OTC,lateral,word,2.25,0.23546038295980473
sub-010,OTC,lateral,word,2.5,0.36911404966082756
sub-010,OTC,lateral,word,2.75,0.46778690429087516
sub-010,OTC,lateral,word,3.0,0.7685885543028401
sub-010,OTC,medial,word,0.25,-0.2023465358820658
sub-010,OTC,medial,word,0.5,-0.23752655843752352
sub-010,OTC,medial,word,0.75,-0.27180378031029995
sub-010,OTC,medial,word,1.0,-0.2855229090679359
sub-010,OTC,medial,word,1.25,-0.28425157099566656
sub-010,OTC,medial,word,1.5,-0.2780454084277892
sub-010,OTC,medial,word,1.75,-0.2271870002028561
sub-010,OTC,medial,word,2.0,-0.2934920420530348
sub-010,OTC,medial,word,2.25,-0.35833274346771715
sub-010,OTC,medial,word,2.5,-0.4369763133388344
sub-010,OTC,medial,word,2.75,-0.40528804528804535
sub-016,control,whole,face,0.25,-0.1618259357509238
sub-016,control,whole,face,0.5,-0.17760359875386353
sub-016,control,whole,face,0.75,-0.18651399793183518
sub-016,control,whole,face,1.0,-0.1952138091767318
sub-016,control,whole,face,1.25,-0.21450686245661668
sub-016,control,whole,face,1.5,-0.2356946392489834
sub-016,control,whole,face,1.75,-0.24738563022891502
sub-016,control,whole,face,2.0,-0.25329411433718796
sub-016,control,whole,face,2.25,-0.24815381538549042
sub-016,control,whole,face,2.5,-0.23981183824347435
sub-016,control,whole,face,2.75,-0.2452607401850538
sub-016,control,whole,face,3.0,-0.22026259599387227
sub-016,control,whole,face,3.25,-0.20713745586720989
sub-016,control,whole,face,3.5,-0.19528495997857917
sub-016,control,whole,face,3.75,-0.19110146472539355
sub-016,control,whole,face,4.0,-0.16583004665432938
sub-016,control,whole,face,4.25,-0.17156868346829426
sub-016,control,whole,face,4.5,-0.17736340469101874
sub-016,control,whole,face,4.75,-0.18774636249464272
sub-016,control,whole,face,5.0,-0.1907748322942253
sub-016,control,lateral,face,0.25,-0.2900422353126089
sub-016,control,lateral,face,0.5,-0.3054462853468835
sub-016,control,lateral,face,0.75,-0.3161548946727226
sub-016,control,lateral,face,1.0,-0.3217481790469213
sub-016,control,lateral,face,1.25,-0.3253060502637407
sub-016,control,lateral,face,1.5,-0.3418772797589476
sub-016,control,lateral,face,1.75,-0.3415550123558335
sub-016,control,lateral,face,2.0,-0.34367690832778114
sub-016,control,lateral,face,2.25,-0.34093637120397857
sub-016,control,lateral,face,2.5,-0.332968281944081
sub-016,control,lateral,face,2.75,-0.33796015663140305
sub-016,control,lateral,face,3.0,-0.318672761954787
sub-016,control,lateral,face,3.25,-0.2948366447486206
sub-016,control,lateral,face,3.5,-0.2955034284833287
sub-016,control,lateral,face,3.75,-0.274860555793914
sub-016,control,lateral,face,4.0,-0.274176801487503
sub-016,control,lateral,face,4.25,-0.2710581456849526
sub-016,control,lateral,face,4.5,-0.28815016414064
sub-016,control,lateral,face,4.75,-0.3000999667583251
sub-016,control,lateral,face,5.0,-0.3051905367067701
sub-016,control,medial,face,0.25,-0.04900278198398415
sub-016,control,medial,face,0.5,-0.06149517542427363
sub-016,control,medial,face,0.75,-0.06073691973776189
sub-016,control,medial,face,1.0,-0.05863799458955457
sub-016,control,medial,face,1.25,-0.07323205205184459
sub-016,control,medial,face,1.5,-0.08676253667753908
sub-016,control,medial,face,1.75,-0.09135313503513323
sub-016,control,medial,face,2.0,-0.0891652659700059
sub-016,control,medial,face,2.25,-0.04661542753053763
sub-016,control,medial,face,2.5,-0.011263552060223446
sub-016,control,medial,face,2.75,-0.016860989682423177
sub-016,control,medial,face,3.0,0.008868812652468458
sub-016,control,medial,face,3.25,0.05093809626339122
sub-016,control,medial,face,3.5,0.05192723444138911
sub-016,control,medial,face,3.75,0.04090199392368147
sub-016,control,medial,face,4.0,0.08467484686394366
sub-016,control,medial,face,4.25,0.09134350475960348
sub-016,control,medial,face,4.5,0.09483037846281799
sub-016,control,medial,face,4.75,0.07396373593445964
sub-016,control,medial,face,5.0,0.07128733795006208
sub-016,control,whole,house,0.25,-0.04985738500699163
sub-016,control,whole,house,0.5,-0.05007170720945138
sub-016,control,whole,house,0.75,-0.0648020446128257
sub-016,control,whole,house,1.0,-0.06555039301492194
sub-016,control,whole,house,1.25,-0.06982766757404554
sub-016,control,whole,house,1.5,-0.07855611449652927
sub-016,control,whole,house,1.75,-0.06445457437142914
sub-016,control,whole,house,2.0,-0.06369554122748804
sub-016,control,whole,house,2.25,-0.06373400198244286
sub-016,control,whole,house,2.5,-0.061680590354147496
sub-016,control,whole,house,2.75,-0.061035116189263376
sub-016,control,whole,house,3.0,-0.06279684612601576
sub-016,control,whole,house,3.25,-0.04668789569399816
sub-016,control,whole,house,3.5,-0.046722258441322655
sub-016,control,whole,house,3.75,-0.04992374017283236
sub-016,control,whole,house,4.0,-0.050382753155497145
sub-016,control,whole,house,4.25,-0.06065776919780128
sub-016,control,whole,house,4.5,-0.07210648303708037
sub-016,control,whole,house,4.75,-0.053087097932915155
sub-016,control,whole,house,5.0,-0.06901151507612906
sub-016,control,lateral,house,0.25,-0.01581238483946386
sub-016,control,lateral,house,0.5,-0.024261470128770425
sub-016,control,lateral,house,0.75,-0.025131339209186185
sub-016,control,lateral,house,1.0,-0.03856526537681439
sub-016,control,lateral,house,1.25,-0.03850946210846654
sub-016,control,lateral,house,1.5,-0.04991269702717876
sub-016,control,lateral,house,1.75,-0.04102171264036333
sub-016,control,lateral,house,2.0,-0.04231288750103366
sub-016,control,lateral,house,2.25,-0.025605525538345834
sub-016,control,lateral,house,2.5,-0.030758724546269024
sub-016,control,lateral,house,2.75,-0.019729132647380458
sub-016,control,lateral,house,3.0,-0.01834913982895911
sub-016,control,lateral,house,3.25,0.02397994302902748
sub-016,control,lateral,house,3.5,0.04270719356093159
sub-016,control,lateral,house,3.75,0.06187451141704254
sub-016,control,lateral,house,4.0,0.07339944745164342
sub-016,control,lateral,house,4.25,0.06534575803308951
sub-016,control,lateral,house,4.5,0.11317305423856844
sub-016,control,lateral,house,4.75,0.13956615491615212
sub-016,control,lateral,house,5.0,0.1612929049245307
sub-016,control,medial,house,0.25,-0.07619040193437876
sub-016,control,medial,house,0.5,-0.07982716187459353
sub-016,control,medial,house,0.75,-0.09783099728791704
sub-016,control,medial,house,1.0,-0.10241555577110294
sub-016,control,medial,house,1.25,-0.11009670318214865
sub-016,control,medial,house,1.5,-0.11320786669190003
sub-016,control,medial,house,1.75,-0.08491517540872673
sub-016,control,medial,house,2.0,-0.10024544247260359
sub-016,control,medial,house,2.25,-0.09982357252012881
sub-016,control,medial,house,2.5,-0.1058814414738999
sub-016,control,medial,house,2.75,-0.12930514720401862
sub-016,control,medial,house,3.0,-0.14300898784774133
sub-016,control,medial,house,3.25,-0.1657554938552455
sub-016,control,medial,house,3.5,-0.18307776493241654
sub-016,control,medial,house,3.75,-0.20598661003115623
sub-016,control,medial,house,4.0,-0.20751353704352052
sub-016,control,medial,house,4.25,-0.27155709786255056
sub-016,control,medial,house,4.5,-0.29338026108828075
sub-016,control,medial,house,4.75,-0.3132269391428255
sub-016,control,medial,house,5.0,-0.352187415711685
sub-016,control,whole,object,0.25,0.014280193051279769
sub-016,control,whole,object,0.5,0.016190354419131633
sub-016,control,whole,object,0.75,0.02708720152264921
sub-016,control,whole,object,1.0,0.039665884868977166
sub-016,control,whole,object,1.25,0.05251745103813758
sub-016,control,whole,object,1.5,0.062163238162648043
sub-016,control,whole,object,1.75,0.074669427198208
sub-016,control,whole,object,2.0,0.08087585711514096
sub-016,control,whole,object,2.25,0.08582606465161394
sub-016,control,whole,object,2.5,0.08685801108999451
sub-016,control,whole,object,2.75,0.09354850464858915
sub-016,control,whole,object,3.0,0.09918515027126425
sub-016,control,whole,object,3.25,0.10725795166914275
sub-016,control,whole,object,3.5,0.10712909242147071
sub-016,control,whole,object,3.75,0.10728271032176391
sub-016,control,whole,object,4.0,0.1006254303232656
sub-016,control,whole,object,4.25,0.11732442421012951
sub-016,control,whole,object,4.5,0.12193165292342421
sub-016,control,whole,object,4.75,0.10624472831556592
sub-016,control,whole,object,5.0,0.11484382802910949
sub-016,control,lateral,object,0.25,0.015047248568353423
sub-016,control,lateral,object,0.5,0.0111643518639554
sub-016,control,lateral,object,0.75,0.018567675965348383
sub-016,control,lateral,object,1.0,0.029270110434596507
sub-016,control,lateral,object,1.25,0.03319754497103425
sub-016,control,lateral,object,1.5,0.045755685467489836
sub-016,control,lateral,object,1.75,0.05237186450287237
sub-016,control,lateral,object,2.0,0.06096970925177883
sub-016,control,lateral,object,2.25,0.06958832310804634
sub-016,control,lateral,object,2.5,0.0774900890696591
sub-016,control,lateral,object,2.75,0.07902940271877194
sub-016,control,lateral,object,3.0,0.08778937777400894
sub-016,control,lateral,object,3.25,0.09217327141525201
sub-016,control,lateral,object,3.5,0.0996565124293431
sub-016,control,lateral,object,3.75,0.10063765330901848
sub-016,control,lateral,object,4.0,0.0881020946680504
sub-016,control,lateral,object,4.25,0.10702125830308816
sub-016,control,lateral,object,4.5,0.09406286239778544
sub-016,control,lateral,object,4.75,0.10154581198874696
sub-016,control,lateral,object,5.0,0.09377525422320286
sub-016,control,medial,object,0.25,0.009606197686844906
sub-016,control,medial,object,0.5,0.029597472367803444
sub-016,control,medial,object,0.75,0.04286292683471017
sub-016,control,medial,object,1.0,0.06579730825788199
sub-016,control,medial,object,1.25,0.0874685865084885
sub-016,control,medial,object,1.5,0.11175006087791674
sub-016,control,medial,object,1.75,0.14022587970170336
sub-016,control,medial,object,2.0,0.13550433300823048
sub-016,control,medial,object,2.25,0.14881787567817858
sub-016,control,medial,object,2.5,0.14485700680139751
sub-016,control,medial,object,2.75,0.15268173814915065
sub-016,control,medial,object,3.0,0.16939216997762901
sub-016,control,medial,object,3.25,0.16451642365538727
sub-016,control,medial,object,3.5,0.18270371750765702
sub-016,control,medial,object,3.75,0.1788326272094029
sub-016,control,medial,object,4.0,0.19037399396269655
sub-016,control,medial,object,4.25,0.2081826386274436
sub-016,control,medial,object,4.5,0.22649296379066058
sub-016,control,medial,object,4.75,0.2370046292982536
sub-016,control,medial,object,5.0,0.24338290900488524
sub-016,control,whole,word,0.25,0.43382700891110404
sub-016,control,whole,word,0.5,0.4841402409270838
sub-016,control,whole,word,0.75,0.5445192163104905
sub-016,control,whole,word,1.0,0.5992529972406591
sub-016,control,whole,word,1.25,0.6567365756978137
sub-016,control,whole,word,1.5,0.7058430726274252
sub-016,control,whole,word,1.75,0.7405860093461234
sub-016,control,whole,word,2.0,0.7692372809298357
sub-016,control,whole,word,2.25,0.8127650134690463
sub-016,control,whole,word,2.5,0.8378050351272961
sub-016,control,whole,word,2.75,0.8567932803566533
sub-016,control,whole,word,3.0,0.8820011283570696
sub-016,control,whole,word,3.25,0.912492658646197
sub-016,control,whole,word,3.5,0.9391225278917787
sub-016,control,whole,word,3.75,0.9514749694682534
sub-016,control,whole,word,4.0,0.9581023165015917
sub-016,control,whole,word,4.25,0.9659210427754893
sub-016,control,whole,word,4.5,0.9647098309835688
sub-016,control,whole,word,4.75,0.9649348777358975
sub-016,control,whole,word,5.0,0.9757849874362634
sub-016,control,lateral,word,0.25,0.5352726292544375
sub-016,control,lateral,word,0.5,0.5835740915882388
sub-016,control,lateral,word,0.75,0.626590632746917
sub-016,control,lateral,word,1.0,0.671800588279638
sub-016,control,lateral,word,1.25,0.6951932397692255
sub-016,control,lateral,word,1.5,0.7264472865354107
sub-016,control,lateral,word,1.75,0.7437349450613372
sub-016,control,lateral,word,2.0,0.7751082485010815
sub-016,control,lateral,word,2.25,0.8181131768450942
sub-016,control,lateral,word,2.5,0.8508828141340946
sub-016,control,lateral,word,2.75,0.8736706905686944
sub-016,control,lateral,word,3.0,0.9114170457184946
sub-016,control,lateral,word,3.25,0.9416306110510209
sub-016,control,lateral,word,3.5,0.9680142835470679
sub-016,control,lateral,word,3.75,0.9799440353218102
sub-016,control,lateral,word,4.0,0.9920089807687942
sub-016,control,lateral,word,4.25,1.0
sub-016,control,lateral,word,4.5,1.0
sub-016,control,lateral,word,4.75,1.0
sub-016,control,lateral,word,5.0,1.0
sub-016,control,medial,word,0.25,0.30290390064489225
sub-016,control,medial,word,0.5,0.34163694977509657
sub-016,control,medial,word,0.75,0.4269809683559132
sub-016,control,medial,word,1.0,0.49034351488461475
sub-016,control,medial,word,1.25,0.5899738031535283
sub-016,control,medial,word,1.5,0.6447143324143338
sub-016,control,medial,word,1.75,0.7189166733996195
sub-016,control,medial,word,2.0,0.7442152671151095
sub-016,control,medial,word,2.25,0.8034657966962174
sub-016,control,medial,word,2.5,0.7974741172059364
sub-016,control,medial,word,2.75,0.8075755509715282
sub-016,control,medial,word,3.0,0.8055140617152755
sub-016,control,medial,word,3.25,0.8140881694821103
sub-016,control,medial,word,3.5,0.8345464931347629
sub-016,control,medial,word,3.75,0.8437896887314201
sub-016,control,medial,word,4.0,0.8393978358209329
sub-016,control,medial,word,4.25,0.8342562856163258
sub-016,control,medial,word,4.5,0.8358550699901711
sub-016,control,medial,word,4.75,0.8205797227795323
sub-016,control,medial,word,5.0,0.874812027180529
sub-018,control,whole,face,0.25,-0.1547835294246146
sub-018,control,whole,face,0.5,-0.16510826644982518
sub-018,control,whole,face,0.75,-0.1710410215334562
sub-018,control,whole,face,1.0,-0.18564071656069625
sub-018,control,whole,face,1.25,-0.2182168141930111
sub-018,control,whole,face,1.5,-0.2523952840824122
sub-018,control,whole,face,1.75,-0.3041125935012386
sub-018,control,whole,face,2.0,-0.35454698995158984
sub-018,control,whole,face,2.25,-0.3887980492718272
sub-018,control,whole,face,2.5,-0.41369613021934465
sub-018,control,whole,face,2.75,-0.41659192752666047
sub-018,control,whole,face,3.0,-0.42920410648277185
sub-018,control,whole,face,3.25,-0.44763113979421737
sub-018,control,whole,face,3.5,-0.45705593341387823
sub-018,control,whole,face,3.75,-0.45646771743433645
sub-018,control,whole,face,4.0,-0.4567335005369339
sub-018,control,whole,face,4.25,-0.4618693817986148
sub-018,control,whole,face,4.5,-0.4365513876795064
sub-018,control,whole,face,4.75,-0.43758792750409325
sub-018,control,whole,face,5.0,-0.4431172025803923
sub-018,control,lateral,face,0.25,-0.16519026650375604
sub-018,control,lateral,face,0.5,-0.1746443440160454
sub-018,control,lateral,face,0.75,-0.19468058140446243
sub-018,control,lateral,face,1.0,-0.21767140188153056
sub-018,control,lateral,face,1.25,-0.2567785979080347
sub-018,control,lateral,face,1.5,-0.3100916210921045
sub-018,control,lateral,face,1.75,-0.3756044104719151
sub-018,control,lateral,face,2.0,-0.4511328201974221
sub-018,control,lateral,face,2.25,-0.4943332492068441
sub-018,control,lateral,face,2.5,-0.5241675538413495
sub-018,control,lateral,face,2.75,-0.5454684078123375
sub-018,control,lateral,face,3.0,-0.5454891138637609
sub-018,control,lateral,face,3.25,-0.5594651863748548
sub-018,control,lateral,face,3.5,-0.5681436629516255
sub-018,control,lateral,face,3.75,-0.5480679467348665
sub-018,control,lateral,face,4.0,-0.544274346332764
sub-018,control,lateral,face,4.25,-0.5508799866271633
sub-018,control,lateral,face,4.5,-0.5338766338553129
sub-018,control,lateral,face,4.75,-0.5156544442888301
sub-018,control,lateral,face,5.0,-0.5173260283672391
sub-018,control,medial,face,0.25,-0.1385653531672512
sub-018,control,medial,face,0.5,-0.13630022605237158
sub-018,control,medial,face,0.75,-0.1065142799177053
sub-018,control,medial,face,1.0,-0.09047438686429547
sub-018,control,medial,face,1.25,-0.09523811968633672
sub-018,control,medial,face,1.5,-0.10404214148709903
sub-018,control,medial,face,1.75,-0.11552045482074896
sub-018,control,medial,face,2.0,-0.13144620278757554
sub-018,control,medial,face,2.25,-0.12536940442801117
sub-018,control,medial,face,2.5,-0.12411331122478023
sub-018,control,medial,face,2.75,-0.11118694934076745
sub-018,control,medial,face,3.0,-0.16370676014117827
sub-018,control,medial,face,3.25,-0.18064190306220237
sub-018,control,medial,face,3.5,-0.19627813921238618
sub-018,control,medial,face,3.75,-0.2121851784402661
sub-018,control,medial,face,4.0,-0.21659258428878408
sub-018,control,medial,face,4.25,-0.24512494000236212
sub-018,control,medial,face,4.5,-0.22335885332262367
sub-018,control,medial,face,4.75,-0.2130227588728778
sub-018,control,medial,face,5.0,-0.23453241268078717
sub-018,control,whole,house,0.25,-0.08038472404588255
sub-018,control,whole,house,0.5,-0.093654718805115
sub-018,control,whole,house,0.75,-0.1011609620938786
sub-018,control,whole,house,1.0,-0.1132949877717893
sub-018,control,whole,house,1.25,-0.12449420114493547
sub-018,control,whole,house,1.5,-0.14317889952712765
sub-018,control,whole,house,1.75,-0.154192360059795
sub-018,control,whole,house,2.0,-0.16642889901711683
sub-018,control,whole,house,2.25,-0.18349744995752026
sub-018,control,whole,house,2.5,-0.1962244250261643
sub-018,control,whole,house,2.75,-0.2077627798747132
sub-018,control,whole,house,3.0,-0.21573811985271743
sub-018,control,whole,house,3.25,-0.23349106246310547
sub-018,control,whole,house,3.5,-0.24888708134851498
sub-018,control,whole,house,3.75,-0.24804530561332694
sub-018,control,whole,house,4.0,-0.25635197354297207
sub-018,control,whole,house,4.25,-0.2573137020611248
sub-018,control,whole,house,4.5,-0.26866783409396394
sub-018,control,whole,house,4.75,-0.2735926153022085
sub-018,control,whole,house,5.0,-0.2826642435563213
sub-018,control,lateral,house,0.25,-0.03387322769963281
sub-018,control,lateral,house,0.5,-0.042831386436579945
sub-018,control,lateral,house,0.75,-0.05809479437661055
sub-018,control,lateral,house,1.0,-0.07215027998584754
sub-018,control,lateral,house,1.25,-0.09358356875274737
sub-018,control,lateral,house,1.5,-0.1072131771911288
sub-018,control,lateral,house,1.75,-0.12128542166699913
sub-018,control,lateral,house,2.0,-0.1448363066663429
sub-018,control,lateral,house,2.25,-0.16102970725407842
sub-018,control,lateral,house,2.5,-0.16969823855596974
sub-018,control,lateral,house,2.75,-0.17347261428076258
sub-018,control,lateral,house,3.0,-0.19510455994897746
sub-018,control,lateral,house,3.25,-0.21075127429388846
sub-018,control,lateral,house,3.5,-0.21650051051709834
sub-018,control,lateral,house,3.75,-0.22194586866375854
sub-018,control,lateral,house,4.0,-0.22854920333724102
sub-018,control,lateral,house,4.25,-0.223399015152248
sub-018,control,lateral,house,4.5,-0.2311401016611717
sub-018,control,lateral,house,4.75,-0.235707429495744
sub-018,control,lateral,house,5.0,-0.24621696298970683
sub-018,control,medial,house,0.25,-0.15227378357284782
sub-018,control,medial,house,0.5,-0.16323643440619828
sub-018,control,medial,house,0.75,-0.17086845375995272
sub-018,control,medial,house,1.0,-0.17808806275205813
sub-018,control,medial,house,1.25,-0.18224602240048451
sub-018,control,medial,house,1.5,-0.2018270738383026
sub-018,control,medial,house,1.75,-0.21417738716132897
sub-018,control,medial,house,2.0,-0.20935856778236275
sub-018,control,medial,house,2.25,-0.2220878009148107
sub-018,control,medial,house,2.5,-0.24780742664034514
sub-018,control,medial,house,2.75,-0.25625657360199944
sub-018,control,medial,house,3.0,-0.2627079382046195
sub-018,control,medial,house,3.25,-0.27155736429120214
sub-018,control,medial,house,3.5,-0.295490114422998
sub-018,control,medial,house,3.75,-0.2908222319194816
sub-018,control,medial,house,4.0,-0.30119779579388867
sub-018,control,medial,house,4.25,-0.3142709898001005
sub-018,control,medial,house,4.5,-0.32665368523887645
sub-018,control,medial,house,4.75,-0.32946346949770666
sub-018,control,medial,house,5.0,-0.34817834210263277
sub-018,control,whole,object,0.25,-0.009285821079268416
sub-018,control,whole,object,0.5,-0.014053897010232835
sub-018,control,whole,object,0.75,-0.020807145840350896
sub-018,control,whole,object,1.0,-0.016718447186868473
sub-018,control,whole,object,1.25,-0.005951381607236928
sub-018,control,whole,object,1.5,-0.00809838705767472
sub-018,control,whole,object,1.75,-0.0041114782993947226
sub-018,control,whole,object,2.0,-0.00139492970337702
sub-018,control,whole,object,2.25,-0.012084409286848818
sub-018,control,whole,object,2.5,-0.014580877887710968
sub-018,control,whole,object,2.75,-0.01541873244278613
sub-018,control,whole,object,3.0,-0.018567412302089872
sub-018,control,whole,object,3.25,-0.020082958068633746
sub-018,control,whole,object,3.5,-0.022403606119379464
sub-018,control,whole,object,3.75,-0.028615312847187768
sub-018,control,whole,object,4.0,-0.027504546776804598
sub-018,control,whole,object,4.25,-0.029273257344867087
sub-018,control,whole,object,4.5,-0.03421717935067083
sub-018,control,whole,object,4.75,-0.03962962252754875
sub-018,control,whole,object,5.0,-0.03502521699428146
sub-018,control,lateral,object,0.25,-0.028566174531673115
sub-018,control,lateral,object,0.5,-0.03408093803368547
sub-018,control,lateral,object,0.75,-0.03962311001563186
sub-018,control,lateral,object,1.0,-0.04466607049403213
sub-018,control,lateral,object,1.25,-0.04780968817865133
sub-018,control,lateral,object,1.5,-0.05172336749702379
sub-018,control,lateral,object,1.75,-0.05579970122006851
sub-018,control,lateral,object,2.0,-0.05322587546062343
sub-018,control,lateral,object,2.25,-0.061925933742869754
sub-018,control,lateral,object,2.5,-0.06742040669979724
sub-018,control,lateral,object,2.75,-0.06270675026340522
sub-018,control,lateral,object,3.0,-0.06554282409493314
sub-018,control,lateral,object,3.25,-0.06686942944898121
sub-018,control,lateral,object,3.5,-0.07181364588189125
sub-018,control,lateral,object,3.75,-0.07614848163202408
sub-018,control,lateral,object,4.0,-0.07673107829276424
sub-018,control,lateral,object,4.25,-0.0796585198636216
sub-018,control,lateral,object,4.5,-0.08554393335393526
sub-018,control,lateral,object,4.75,-0.08891646070251742
sub-018,control,lateral,object,5.0,-0.09109524372804154
sub-018,control,medial,object,0.25,0.027941346405733966
sub-018,control,medial,object,0.5,0.024453084481186594
sub-018,control,medial,object,0.75,0.038837332565353086
sub-018,control,medial,object,1.0,0.05250135430903516
sub-018,control,medial,object,1.25,0.10491636204486024
sub-018,control,medial,object,1.5,0.1371102087866475
sub-018,control,medial,object,1.75,0.1778908948418377
sub-018,control,medial,object,2.0,0.20396297767485666
sub-018,control,medial,object,2.25,0.22566719519371328
sub-018,control,medial,object,2.5,0.24142908344515443
sub-018,control,medial,object,2.75,0.26264138033288736
sub-018,control,medial,object,3.0,0.3078596323545162
sub-018,control,medial,object,3.25,0.35023896560670287
sub-018,control,medial,object,3.5,0.3360517833893125
sub-018,control,medial,object,3.75,0.3539646861896663
sub-018,control,medial,object,4.0,0.3491957661637796
sub-018,control,medial,object,4.25,0.3547385203380929
sub-018,control,medial,object,4.5,0.37270929446232387
sub-018,control,medial,object,4.75,0.3986811309878282
sub-018,control,medial,object,5.0,0.43067847286972843
sub-018,control,whole,word,0.25,0.2956732121963696
sub-018,control,whole,word,0.5,0.31179654755963193
sub-018,control,whole,word,0.75,0.3432106055195538
sub-018,control,whole,word,1.0,0.37682236287262894
sub-018,control,whole,word,1.25,0.4201732984231314
sub-018,control,whole,word,1.5,0.47766614367052357
sub-018,control,whole,word,1.75,0.5368483377489326
sub-018,control,whole,word,2.0,0.601633247223663
sub-018,control,whole,word,2.25,0.6760539793356287
sub-018,control,whole,word,2.5,0.7375039155591836
sub-018,control,whole,word,2.75,0.8046186044094782
sub-018,control,whole,word,3.0,0.8465102205923242
sub-018,control,whole,word,3.25,0.8607312967866672
sub-018,control,whole,word,3.5,0.8756702362623534
sub-018,control,whole,word,3.75,0.8778706354822948
sub-018,control,whole,word,4.0,0.8891334691893669
sub-018,control,whole,word,4.25,0.8928117552447963
sub-018,control,whole,word,4.5,0.9010992775221597
sub-018,control,whole,word,4.75,0.9131352107748167
sub-018,control,whole,word,5.0,0.9157122938756289
sub-018,control,lateral,word,0.25,0.3019018393368402
sub-018,control,lateral,word,0.5,0.3145267329582276
sub-018,control,lateral,word,0.75,0.3209158681958001
sub-018,control,lateral,word,1.0,0.3513356439408452
sub-018,control,lateral,word,1.25,0.38346990006427506
sub-018,control,lateral,word,1.5,0.43117929123259047
sub-018,control,lateral,word,1.75,0.4738388629557538
sub-018,control,lateral,word,2.0,0.5368279809958839
sub-018,control,lateral,word,2.25,0.6158696418168955
sub-018,control,lateral,word,2.5,0.6899341307546829
sub-018,control,lateral,word,2.75,0.7630532031177115
sub-018,control,lateral,word,3.0,0.8158799059470034
sub-018,control,lateral,word,3.25,0.833173683726868
sub-018,control,lateral,word,3.5,0.8470954964581998
sub-018,control,lateral,word,3.75,0.8501759232763227
sub-018,control,lateral,word,4.0,0.8585040469631535
sub-018,control,lateral,word,4.25,0.8669053183267215
sub-018,control,lateral,word,4.5,0.8762812813414793
sub-018,control,lateral,word,4.75,0.897042396648536
sub-018,control,lateral,word,5.0,0.8892484626877051
sub-018,control,medial,word,0.25,0.28546081187048516
sub-018,control,medial,word,0.5,0.3429867773145813
sub-018,control,medial,word,0.75,0.42008311236106993
sub-018,control,medial,word,1.0,0.48176134759838196
sub-018,control,medial,word,1.25,0.6032487966015342
sub-018,control,medial,word,1.5,0.7141160933898204
sub-018,control,medial,word,1.75,0.8514668909308739
sub-018,control,medial,word,2.0,0.9035165419544631
sub-018,control,medial,word,2.25,0.9404588941410081
sub-018,control,medial,word,2.5,0.9614948513059354
sub-018,control,medial,word,2.75,0.9895208877853362
sub-018,control,medial,word,3.0,1.0
sub-018,control,medial,word,3.25,1.0
sub-018,control,medial,word,3.5,1.0
sub-018,control,medial,word,3.75,1.0
sub-018,control,medial,word,4.0,1.0
sub-018,control,medial,word,4.25,1.0
sub-018,control,medial,word,4.5,1.0
sub-018,control,medial,word,4.75,1.0
sub-018,control,medial,word,5.0,1.0
sub-021,OTC,whole,face,0.25,-0.17137074473581954
sub-021,OTC,whole,face,0.5,-0.275071849810361
sub-021,OTC,whole,face,0.75,-0.3966102098665638
sub-021,OTC,whole,face,1.0,-0.5474373309103142
sub-021,OTC,whole,face,1.25,-0.6867207550161573
sub-021,OTC,whole,face,1.5,-0.7691739364983864
sub-021,OTC,whole,face,1.75,-0.8155053373962601
sub-021,OTC,whole,face,2.0,-0.8448795446677202
sub-021,OTC,whole,face,2.25,-0.883017325295023
sub-021,OTC,whole,face,2.5,-0.9077633757342027
sub-021,OTC,whole,face,2.75,-0.922180610872688
sub-021,OTC,whole,face,3.0,-0.9372855910161814
sub-021,OTC,whole,face,3.25,-0.9574219802263508
sub-021,OTC,whole,face,3.5,-0.9614710811931919
sub-021,OTC,whole,face,3.75,-0.9656339988440693
sub-021,OTC,whole,face,4.0,-0.9630393788016306
sub-021,OTC,whole,face,4.25,-0.9674034033828589
sub-021,OTC,whole,face,4.5,-0.9684445113153021
sub-021,OTC,whole,face,4.75,-0.9649021698788195
sub-021,OTC,whole,face,5.0,-0.9719229282787599
sub-021,OTC,lateral,face,0.25,-0.216559246241675
sub-021,OTC,lateral,face,0.5,-0.3408982807624637
sub-021,OTC,lateral,face,0.75,-0.49112560890199936
sub-021,OTC,lateral,face,1.0,-0.6787633326602289
sub-021,OTC,lateral,face,1.25,-0.8444172898408772
sub-021,OTC,lateral,face,1.5,-0.9169343661158054
sub-021,OTC,lateral,face,1.75,-0.9491262184921577
sub-021,OTC,lateral,face,2.0,-0.9740950443662683
sub-021,OTC,lateral,face,2.25,-0.9966804919263306
sub-021,OTC,lateral,face,2.5,-1.0
sub-021,OTC,lateral,face,2.75,-1.0
sub-021,OTC,lateral,face,3.0,-1.0
sub-021,OTC,lateral,face,3.25,-1.0
sub-021,OTC,lateral,face,3.5,-1.0
sub-021,OTC,lateral,face,3.75,-1.0
sub-021,OTC,lateral,face,4.0,-1.0
sub-021,OTC,lateral,face,4.25,-1.0
sub-021,OTC,lateral,face,4.5,-1.0
sub-021,OTC,lateral,face,4.75,-1.0
sub-021,OTC,lateral,face,5.0,-1.0
sub-021,OTC,medial,face,0.25,-0.07596685758421134
sub-021,OTC,medial,face,0.5,-0.12733312765046376
sub-021,OTC,medial,face,0.75,-0.17734417946736578
sub-021,OTC,medial,face,1.0,-0.28691565539695335
sub-021,OTC,medial,face,1.25,-0.39616239833038813
sub-021,OTC,medial,face,1.5,-0.48292056010298556
sub-021,OTC,medial,face,1.75,-0.5398412885981315
sub-021,OTC,medial,face,2.0,-0.6019645469485876
sub-021,OTC,medial,face,2.25,-0.657897876543477
sub-021,OTC,medial,face,2.5,-0.726471933412803
sub-021,OTC,medial,face,2.75,-0.7677283677755122
sub-021,OTC,medial,face,3.0,-0.8242419295999741
sub-021,OTC,medial,face,3.25,-0.8455529188204441
sub-021,OTC,medial,face,3.5,-0.8711831431022833
sub-021,OTC,medial,face,3.75,-0.874547688922741
sub-021,OTC,medial,face,4.0,-0.8847615382451387
sub-021,OTC,medial,face,4.25,-0.9013063714417704
sub-021,OTC,medial,face,4.5,-0.8888093041861526
sub-021,OTC,medial,face,4.75,-0.8808214888430883
sub-021,OTC,medial,face,5.0,-0.8880781303243291
sub-021,OTC,whole,house,0.25,-0.1678732429394815
sub-021,OTC,whole,house,0.5,-0.28059987767788114
sub-021,OTC,whole,house,0.75,-0.3918847435402305
sub-021,OTC,whole,house,1.0,-0.5063562999324256
sub-021,OTC,whole,house,1.25,-0.640788779622306
sub-021,OTC,whole,house,1.5,-0.7483921071534163
sub-021,OTC,whole,house,1.75,-0.815848682077585
sub-021,OTC,whole,house,2.0,-0.879398533567754
sub-021,OTC,whole,house,2.25,-0.916387490893495
sub-021,OTC,whole,house,2.5,-0.956710681426822
sub-021,OTC,whole,house,2.75,-0.9770695206217764
sub-021,OTC,whole,house,3.0,-0.9946948028347816
sub-021,OTC,whole,house,3.25,-1.0
sub-021,OTC,whole,house,3.5,-1.0
sub-021,OTC,whole,house,3.75,-1.0
sub-021,OTC,whole,house,4.0,-1.0
sub-021,OTC,whole,house,4.25,-1.0
sub-021,OTC,whole,house,4.5,-1.0
sub-021,OTC,whole,house,4.75,-1.0
sub-021,OTC,whole,house,5.0,-1.0
sub-021,OTC,lateral,house,0.25,0.1261747274598745
sub-021,OTC,lateral,house,0.5,0.045052737219182896
sub-021,OTC,lateral,house,0.75,-0.04739419455949514
sub-021,OTC,lateral,house,1.0,-0.17308961438241263
sub-021,OTC,lateral,house,1.25,-0.32977124597392254
sub-021,OTC,lateral,house,1.5,-0.4943343405652842
sub-021,OTC,lateral,house,1.75,-0.6066066980273715
sub-021,OTC,lateral,house,2.0,-0.7323148840291542
sub-021,OTC,lateral,house,2.25,-0.8021083311679162
sub-021,OTC,lateral,house,2.5,-0.8879660781721695
sub-021,OTC,lateral,house,2.75,-0.9414714892417777
sub-021,OTC,lateral,house,3.0,-0.9838078017992264
sub-021,OTC,lateral,house,3.25,-1.0
sub-021,OTC,lateral,house,3.5,-1.0
sub-021,OTC,lateral,house,3.75,-1.0
sub-021,OTC,lateral,house,4.0,-1.0
sub-021,OTC,lateral,house,4.25,-1.0
sub-021,OTC,lateral,house,4.5,-1.0
sub-021,OTC,lateral,house,4.75,-1.0
sub-021,OTC,lateral,house,5.0,-1.0
sub-021,OTC,medial,house,0.25,-0.8148609659373769
sub-021,OTC,medial,house,0.5,-0.8942904575704493
sub-021,OTC,medial,house,0.75,-0.9511092726225905
sub-021,OTC,medial,house,1.0,-0.9818749864275172
sub-021,OTC,medial,house,1.25,-1.0
sub-021,OTC,medial,house,1.5,-1.0
sub-021,OTC,medial,house,1.75,-1.0
sub-021,OTC,medial,house,2.0,-1.0
sub-021,OTC,medial,house,2.25,-1.0
sub-021,OTC,medial,house,2.5,-1.0
sub-021,OTC,medial,house,2.75,-1.0
sub-021,OTC,medial,house,3.0,-1.0
sub-021,OTC,medial,house,3.25,-1.0
sub-021,OTC,medial,house,3.5,-1.0
sub-021,OTC,medial,house,3.75,-1.0
sub-021,OTC,medial,house,4.0,-1.0
sub-021,OTC,medial,house,4.25,-1.0
sub-021,OTC,medial,house,4.5,-1.0
sub-021,OTC,medial,house,4.75,-1.0
sub-021,OTC,medial,house,5.0,-1.0
sub-021,OTC,whole,object,0.25,-0.06774568411105351
sub-021,OTC,whole,object,0.5,-0.07365935256225925
sub-021,OTC,whole,object,0.75,-0.09158311919223726
sub-021,OTC,whole,object,1.0,-0.11568565722776356
sub-021,OTC,whole,object,1.25,-0.15333890122019098
sub-021,OTC,whole,object,1.5,-0.19389131316308236
sub-021,OTC,whole,object,1.75,-0.25879237344728173
sub-021,OTC,whole,object,2.0,-0.3406217129956536
sub-021,OTC,whole,object,2.25,-0.43912738814983676
sub-021,OTC,whole,object,2.5,-0.5060169267026869
sub-021,OTC,whole,object,2.75,-0.5874915783997702
sub-021,OTC,whole,object,3.0,-0.6583671559931014
sub-021,OTC,whole,object,3.25,-0.7202119980377907
sub-021,OTC,whole,object,3.5,-0.7651562693153994
sub-021,OTC,whole,object,3.75,-0.8336872555532409
sub-021,OTC,whole,object,4.0,-0.8681686776765098
sub-021,OTC,whole,object,4.25,-0.8872334465896868
sub-021,OTC,whole,object,4.5,-0.9040077572937957
sub-021,OTC,whole,object,4.75,-0.9072587059397124
sub-021,OTC,whole,object,5.0,-0.9143634603743775
sub-021,OTC,lateral,object,0.25,-0.12980494081347424
sub-021,OTC,lateral,object,0.5,-0.14513650576896067
sub-021,OTC,lateral,object,0.75,-0.17085744272359424
sub-021,OTC,lateral,object,1.0,-0.2011432547797191
sub-021,OTC,lateral,object,1.25,-0.25378331687238903
sub-021,OTC,lateral,object,1.5,-0.3080786261622375
sub-021,OTC,lateral,object,1.75,-0.3953772648821768
sub-021,OTC,lateral,object,2.0,-0.4938067797497859
sub-021,OTC,lateral,object,2.25,-0.6365464614973504
sub-021,OTC,lateral,object,2.5,-0.749110870873439
sub-021,OTC,lateral,object,2.75,-0.826277388373604
sub-021,OTC,lateral,object,3.0,-0.8987466285900426
sub-021,OTC,lateral,object,3.25,-0.9376278428710603
sub-021,OTC,lateral,object,3.5,-0.9579408786916827
sub-021,OTC,lateral,object,3.75,-0.9792365963775671
sub-021,OTC,lateral,object,4.0,-0.9901271455995833
sub-021,OTC,lateral,object,4.25,-0.9983109090011146
sub-021,OTC,lateral,object,4.5,-1.0
sub-021,OTC,lateral,object,4.75,-1.0
sub-021,OTC,lateral,object,5.0,-1.0
sub-021,OTC,medial,object,0.25,0.09594000145738246
sub-021,OTC,medial,object,0.5,0.12106468308265551
sub-021,OTC,medial,object,0.75,0.12610217707147733
sub-021,OTC,medial,object,1.0,0.12010318656253616
sub-021,OTC,medial,object,1.25,0.12417364165640903
sub-021,OTC,medial,object,1.5,0.09995927270885567
sub-021,OTC,medial,object,1.75,0.07128138276114704
sub-021,OTC,medial,object,2.0,0.04765565632206254
sub-021,OTC,medial,object,2.25,0.006767184444525423
sub-021,OTC,medial,object,2.5,-0.020843437364826755
sub-021,OTC,medial,object,2.75,-0.1036767199596815
sub-021,OTC,medial,object,3.0,-0.15995281262889052
sub-021,OTC,medial,object,3.25,-0.28480800591707145
sub-021,OTC,medial,object,3.5,-0.3825642754918529
sub-021,OTC,medial,object,3.75,-0.5193676307879136
sub-021,OTC,medial,object,4.0,-0.6123032197894264
sub-021,OTC,medial,object,4.25,-0.6491094519758305
sub-021,OTC,medial,object,4.5,-0.7077224646895516
sub-021,OTC,medial,object,4.75,-0.739459161423915
sub-021,OTC,medial,object,5.0,-0.7508403282777073
sub-021,OTC,whole,word,0.25,-0.14847728670806823
sub-021,OTC,whole,word,0.5,-0.22945880557569712
sub-021,OTC,whole,word,0.75,-0.32553210716105646
sub-021,OTC,whole,word,1.0,-0.46359370931845467
sub-021,OTC,whole,word,1.25,-0.6066609619217419
sub-021,OTC,whole,word,1.5,-0.762677550201465
sub-021,OTC,whole,word,1.75,-0.842762516946895
sub-021,OTC,whole,word,2.0,-0.8647757952095809
sub-021,OTC,whole,word,2.25,-0.9109908603667969
sub-021,OTC,whole,word,2.5,-0.9370248255493641
sub-021,OTC,whole,word,2.75,-0.9828013238281994
sub-021,OTC,whole,word,3.0,-0.9942859061308094
sub-021,OTC,whole,word,3.25,-1.0
sub-021,OTC,whole,word,3.5,-1.0
sub-021,OTC,whole,word,3.75,-1.0
sub-021,OTC,whole,word,4.0,-1.0
sub-021,OTC,whole,word,4.25,-1.0
sub-021,OTC,whole,word,4.5,-1.0
sub-021,OTC,whole,word,4.75,-1.0
sub-021,OTC,whole,word,5.0,-1.0
sub-021,OTC,lateral,word,0.25,-0.2863939157042433
sub-021,OTC,lateral,word,0.5,-0.362753753442202
sub-021,OTC,lateral,word,0.75,-0.45050806687209144
sub-021,OTC,lateral,word,1.0,-0.5645774960513489
sub-021,OTC,lateral,word,1.25,-0.692069166758374
sub-021,OTC,lateral,word,1.5,-0.8143735868227995
sub-021,OTC,lateral,word,1.75,-0.8992329939532019
sub-021,OTC,lateral,word,2.0,-0.924419838224471
sub-021,OTC,lateral,word,2.25,-0.965088862793107
sub-021,OTC,lateral,word,2.5,-0.9738439360446968
sub-021,OTC,lateral,word,2.75,-0.9988199053351854
sub-021,OTC,lateral,word,3.0,-1.0
sub-021,OTC,lateral,word,3.25,-1.0
sub-021,OTC,lateral,word,3.5,-1.0
sub-021,OTC,lateral,word,3.75,-1.0
sub-021,OTC,lateral,word,4.0,-1.0
sub-021,OTC,lateral,word,4.25,-1.0
sub-021,OTC,lateral,word,4.5,-1.0
sub-021,OTC,lateral,word,4.75,-1.0
sub-021,OTC,lateral,word,5.0,-1.0
sub-021,OTC,medial,word,0.25,0.24201100867082986
sub-021,OTC,medial,word,0.5,0.25344221303505493
sub-021,OTC,medial,word,0.75,0.23158512091724356
sub-021,OTC,medial,word,1.0,0.10979445912419235
sub-021,OTC,medial,word,1.25,-0.04333809936703165
sub-021,OTC,medial,word,1.5,-0.21335462948082493
sub-021,OTC,medial,word,1.75,-0.19718744594921248
sub-021,OTC,medial,word,2.0,-0.04806694782821726
sub-021,OTC,medial,word,2.25,0.0028424908424908423
sub-021,OTC,medial,word,2.5,0.07885878489326763
sub-022,control,whole,face,0.25,-0.22979438766533092
sub-022,control,whole,face,0.5,-0.2725573810478796
sub-022,control,whole,face,0.75,-0.32956332605663113
sub-022,control,whole,face,1.0,-0.39438150086990725
sub-022,control,whole,face,1.25,-0.47405968684200095
sub-022,control,whole,face,1.5,-0.5401139255972264
sub-022,control,whole,face,1.75,-0.5720247225172471
sub-022,control,whole,face,2.0,-0.5848659381466274
sub-022,control,whole,face,2.25,-0.5729658698062986
sub-022,control,whole,face,2.5,-0.5561477494478886
sub-022,control,whole,face,2.75,-0.5356012441988971
sub-022,control,whole,face,3.0,-0.5124568734692823
sub-022,control,whole,face,3.25,-0.4886567190963549
sub-022,control,whole,face,3.5,-0.4754089671095465
sub-022,control,whole,face,3.75,-0.4355366419107443
sub-022,control,whole,face,4.0,-0.41503395509364177
sub-022,control,whole,face,4.25,-0.3862080846255082
sub-022,control,whole,face,4.5,-0.3660779349731705
sub-022,control,whole,face,4.75,-0.33754760554466917
sub-022,control,whole,face,5.0,-0.2934041687921163
sub-022,control,lateral,face,0.25,-0.2920843909932333
sub-022,control,lateral,face,0.5,-0.35122209119470604
sub-022,control,lateral,face,0.75,-0.42205261652759757
sub-022,control,lateral,face,1.0,-0.5253656996970055
sub-022,control,lateral,face,1.25,-0.6159427538139858
sub-022,control,lateral,face,1.5,-0.6991611859844941
sub-022,control,lateral,face,1.75,-0.7446066904283611
sub-022,control,lateral,face,2.0,-0.765018360847772
sub-022,control,lateral,face,2.25,-0.7515665256908869
sub-022,control,lateral,face,2.5,-0.7295086149609356
sub-022,control,lateral,face,2.75,-0.712040661610277
sub-022,control,lateral,face,3.0,-0.719581156030446
sub-022,control,lateral,face,3.25,-0.707528804799254
sub-022,control,lateral,face,3.5,-0.6826171586122417
sub-022,control,lateral,face,3.75,-0.6625964925755389
sub-022,control,lateral,face,4.0,-0.6369802781058673
sub-022,control,lateral,face,4.25,-0.609149737350876
sub-022,control,lateral,face,4.5,-0.5834843896546413
sub-022,control,lateral,face,4.75,-0.5457339510608427
sub-022,control,lateral,face,5.0,-0.5157263790050359
sub-022,control,medial,face,0.25,-0.09687627402721377
sub-022,control,medial,face,0.5,-0.06238227294064053
sub-022,control,medial,face,0.75,-0.0383571767328277
sub-022,control,medial,face,1.0,-0.010571532079174727
sub-022,control,medial,face,1.25,0.0036641602528033747
sub-022,control,medial,face,1.5,-0.025157759359425866
sub-022,control,medial,face,1.75,0.04772443450727804
sub-022,control,medial,face,2.0,0.09006862775502807
sub-022,control,medial,face,2.25,0.1371127329251481
sub-022,control,medial,face,2.5,0.14075701743194993
sub-022,control,medial,face,2.75,0.23844324679300835
sub-022,control,medial,face,3.0,0.3235531012094588
sub-022,control,medial,face,3.25,0.3528175902010227
sub-022,control,medial,face,3.5,0.42845182661063236
sub-022,control,medial,face,3.75,0.5237318505722918
sub-022,control,medial,face,4.0,0.5831108728777246
sub-022,control,medial,face,4.25,0.6017858704341652
sub-022,control,medial,face,4.5,0.5433841259322482
sub-022,control,medial,face,4.75,0.5881828547269724
sub-022,control,medial,face,5.0,0.7225750007568191
sub-022,control,whole,house,0.25,0.02017164091255765
sub-022,control,whole,house,0.5,0.03156725599770244
sub-022,control,whole,house,0.75,0.03933134872153793
sub-022,control,whole,house,1.0,0.05600212899313262
sub-022,control,whole,house,1.25,0.06627624403393903
sub-022,control,whole,house,1.5,0.07764831600546908
sub-022,control,whole,house,1.75,0.08152455246904859
sub-022,control,whole,house,2.0,0.09226805655580834
sub-022,control,whole,house,2.25,0.10974081886351986
sub-022,control,whole,house,2.5,0.13088046536877657
sub-022,control,whole,house,2.75,0.13922925634421782
sub-022,control,whole,house,3.0,0.1570279865631831
sub-022,control,whole,house,3.25,0.17528289173525802
sub-022,control,whole,house,3.5,0.21140563786078745
sub-022,control,whole,house,3.75,0.2256498591100626
sub-022,control,whole,house,4.0,0.23763146619455233
sub-022,control,whole,house,4.25,0.24190386320710075
sub-022,control,whole,house,4.5,0.2631610361296371
sub-022,control,whole,house,4.75,0.3012922981457582
sub-022,control,whole,house,5.0,0.30598249760503693
sub-022,control,lateral,house,0.25,0.03843280450608751
sub-022,control,lateral,house,0.5,0.05436027147962345
sub-022,control,lateral,house,0.75,0.06987195275094003
sub-022,control,lateral,house,1.0,0.08964071135009694
sub-022,control,lateral,house,1.25,0.10551678764283517
sub-022,control,lateral,house,1.5,0.12119469146827845
sub-022,control,lateral,house,1.75,0.1336790595463193
sub-022,control,lateral,house,2.0,0.15264600373293213
sub-022,control,lateral,house,2.25,0.17545566447518823
sub-022,control,lateral,house,2.5,0.19764335998567642
sub-022,control,lateral,house,2.75,0.22498080576265303
sub-022,control,lateral,house,3.0,0.25413082485368776
sub-022,control,lateral,house,3.25,0.29852021331367273
sub-022,control,lateral,house,3.5,0.33941036419424925
sub-022,control,lateral,house,3.75,0.3817357136622494
sub-022,control,lateral,house,4.0,0.4135987495012271
sub-022,control,lateral,house,4.25,0.4572534771481084
sub-022,control,lateral,house,4.5,0.49195019611459967
sub-022,control,lateral,house,4.75,0.5573937339800515
sub-022,control,lateral,house,5.0,0.5694954111900026
sub-022,control,medial,house,0.25,-0.04912841530961835
sub-022,control,medial,house,0.5,-0.04572954252214611
sub-022,control,medial,house,0.75,-0.04750566259703119
sub-022,control,medial,house,1.0,-0.05148928270793001
sub-022,control,medial,house,1.25,-0.07331872919738354
sub-022,control,medial,house,1.5,-0.09237406369474398
sub-022,control,medial,house,1.75,-0.11621438234766744
sub-022,control,medial,house,2.0,-0.12234914145609492
sub-022,control,medial,house,2.25,-0.11487438757700115
sub-022,control,medial,house,2.5,-0.1282544119540334
sub-022,control,medial,house,2.75,-0.13602447657073866
sub-022,control,medial,house,3.0,-0.1494084167563559
sub-022,control,medial,house,3.25,-0.16723057135777825
sub-022,control,medial,house,3.5,-0.1270506758081141
sub-022,control,medial,house,3.75,-0.1376373773285368
sub-022,control,medial,house,4.0,-0.14474440200522612
sub-022,control,medial,house,4.25,-0.1438895951985384
sub-022,control,medial,house,4.5,-0.1524254320144993
sub-022,control,medial,house,4.75,-0.1172687362522421
sub-022,control,medial,house,5.0,-0.11814032019885562
sub-022,control,whole,object,0.25,0.14840315994446104
sub-022,control,whole,object,0.5,0.15802313771350057
sub-022,control,whole,object,0.75,0.15987405101068472
sub-022,control,whole,object,1.0,0.16891087443939426
sub-022,control,whole,object,1.25,0.18288439139346674
sub-022,control,whole,object,1.5,0.18004706259701475
sub-022,control,whole,object,1.75,0.18605716557080362
sub-022,control,whole,object,2.0,0.19126193085722354
sub-022,control,whole,object,2.25,0.19324249152123063
sub-022,control,whole,object,2.5,0.18373829342699202
sub-022,control,whole,object,2.75,0.18334460239573633
sub-022,control,whole,object,3.0,0.19392180252265326
sub-022,control,whole,object,3.25,0.19941893510265898
sub-022,control,whole,object,3.5,0.22497482374148323
sub-022,control,whole,object,3.75,0.23458002462299765
sub-022,control,whole,object,4.0,0.2587985059603749
sub-022,control,whole,object,4.25,0.2829376549712339
sub-022,control,whole,object,4.5,0.30179504178835725
sub-022,control,whole,object,4.75,0.31322774329918857
sub-022,control,whole,object,5.0,0.3213237379697518
sub-022,control,lateral,object,0.25,0.19827113385228526
sub-022,control,lateral,object,0.5,0.19939131472902039
sub-022,control,lateral,object,0.75,0.18996916202932643
sub-022,control,lateral,object,1.0,0.18148579402530335
sub-022,control,lateral,object,1.25,0.1794976383916573
sub-022,control,lateral,object,1.5,0.17338926897841234
sub-022,control,lateral,object,1.75,0.14615776009385356
sub-022,control,lateral,object,2.0,0.1450188585848274
sub-022,control,lateral,object,2.25,0.14529330017154451
sub-022,control,lateral,object,2.5,0.12952086050809414
sub-022,control,lateral,object,2.75,0.11599400219730084
sub-022,control,lateral,object,3.0,0.1185790066999114
sub-022,control,lateral,object,3.25,0.1236007438317769
sub-022,control,lateral,object,3.5,0.1409733381757983
sub-022,control,lateral,object,3.75,0.14821322741049361
sub-022,control,lateral,object,4.0,0.1553032654060157
sub-022,control,lateral,object,4.25,0.17526528701048316
sub-022,control,lateral,object,4.5,0.19061292400397395
sub-022,control,lateral,object,4.75,0.20643233650375184
sub-022,control,lateral,object,5.0,0.20113893226195817
sub-022,control,medial,object,0.25,0.07843990081664613
sub-022,control,medial,object,0.5,0.09201200722834248
sub-022,control,medial,object,0.75,0.11239716098121487
sub-022,control,medial,object,1.0,0.13640320387543314
sub-022,control,medial,object,1.25,0.18407547395544185
sub-022,control,medial,object,1.5,0.2278050052756612
sub-022,control,medial,object,1.75,0.26505755920311697
sub-022,control,medial,object,2.0,0.30144218280138796
sub-022,control,medial,object,2.25,0.3330561864292663
sub-022,control,medial,object,2.5,0.3408026087849699
sub-022,control,medial,object,2.75,0.38440936280987714
sub-022,control,medial,object,3.0,0.4350805711801096
sub-022,control,medial,object,3.25,0.4482675338620373
sub-022,control,medial,object,3.5,0.49681847309866983
sub-022,control,medial,object,3.75,0.5375314055954028
sub-022,control,medial,object,4.0,0.5767377484093376
sub-022,control,medial,object,4.25,0.6219415593917753
sub-022,control,medial,object,4.5,0.6570737641046992
sub-022,control,medial,object,4.75,0.7152038086387704
sub-022,control,medial,object,5.0,0.743322833964264
sub-022,control,whole,word,0.25,0.15065983777850442
sub-022,control,whole,word,0.5,0.1590287645472631
sub-022,control,whole,word,0.75,0.17025341757355686
sub-022,control,whole,word,1.0,0.17737200616222604
sub-022,control,whole,word,1.25,0.20061253842529325
sub-022,control,whole,word,1.5,0.22148122796867045
sub-022,control,whole,word,1.75,0.2464815766440418
sub-022,control,whole,word,2.0,0.249674733375292
sub-022,control,whole,word,2.25,0.25764059970272685
sub-022,control,whole,word,2.5,0.2702039216026178
sub-022,control,whole,word,2.75,0.2950197794641098
sub-022,control,whole,word,3.0,0.3226912999253135
sub-022,control,whole,word,3.25,0.3587344565489907
sub-022,control,whole,word,3.5,0.3719986412979008
sub-022,control,whole,word,3.75,0.4094568502663569
sub-022,control,whole,word,4.0,0.40308618033647925
sub-022,control,whole,word,4.25,0.42005112977814724
sub-022,control,whole,word,4.5,0.4346575326641878
sub-022,control,whole,word,4.75,0.46499742556789125
sub-022,control,whole,word,5.0,0.502590441101977
sub-022,control,lateral,word,0.25,0.16032353526255172
sub-022,control,lateral,word,0.5,0.17190546502142698
sub-022,control,lateral,word,0.75,0.18784678258821683
sub-022,control,lateral,word,1.0,0.19638145656122585
sub-022,control,lateral,word,1.25,0.22740567230246841
sub-022,control,lateral,word,1.5,0.24738908529543163
sub-022,control,lateral,word,1.75,0.27902358945600736
sub-022,control,lateral,word,2.0,0.296928948390181
sub-022,control,lateral,word,2.25,0.3358219416080366
sub-022,control,lateral,word,2.5,0.3788278230731991
sub-022,control,lateral,word,2.75,0.45521904082925013
sub-022,control,lateral,word,3.0,0.5436609293051207
sub-022,control,lateral,word,3.25,0.6752305087714093
sub-022,control,lateral,word,3.5,0.7697492492183148
sub-022,control,lateral,word,3.75,0.8431214549022304
sub-022,control,lateral,word,4.0,0.8997249020058437
sub-022,control,lateral,word,4.25,0.9443119376732649
sub-022,control,lateral,word,4.5,0.9706543203360426
sub-022,control,lateral,word,4.75,0.9908131493664081
sub-022,control,lateral,word,5.0,1.0
sub-022,control,medial,word,0.25,0.12317558350295911
sub-022,control,medial,word,0.5,0.13136722225807163
sub-022,control,medial,word,0.75,0.14315307787837875
sub-022,control,medial,word,1.0,0.14196131572032955
sub-022,control,medial,word,1.25,0.163403614822999
sub-022,control,medial,word,1.5,0.17442337994497678
sub-022,control,medial,word,1.75,0.17816209761141635
sub-022,control,medial,word,2.0,0.1732977731162086
sub-022,control,medial,word,2.25,0.14845730524161765
sub-022,control,medial,word,2.5,0.13295727605700758
sub-022,control,medial,word,2.75,0.11508042586540078
sub-022,control,medial,word,3.0,0.06474489259659057
sub-022,control,medial,word,3.25,0.06722445895543244
sub-022,control,medial,word,3.5,0.008563051666534462
sub-022,control,medial,word,3.75,0.01648924574438413
sub-022,control,medial,word,4.0,-0.004305167855536957
sub-022,control,medial,word,4.25,-0.04800653978713305
sub-022,control,medial,word,4.5,-0.05976234727541053
sub-022,control,medial,word,4.75,-0.05663492338641665
sub-022,control,medial,word,5.0,-0.042453402096006135
sub-023,control,whole,face,0.25,-0.09433072974241016
sub-023,control,whole,face,0.5,-0.11765047893593421
sub-023,control,whole,face,0.75,-0.13851998535756938
sub-023,control,whole,face,1.0,-0.1593786463261209
sub-023,control,whole,face,1.25,-0.15691198433313588
sub-023,control,whole,face,1.5,-0.14752905340602784
sub-023,control,whole,face,1.75,-0.1379623523754805
sub-023,control,whole,face,2.0,-0.13842211734541732
sub-023,control,whole,face,2.25,-0.11163931352100157
sub-023,control,whole,face,2.5,-0.04395811790852123
sub-023,control,whole,face,2.75,0.009096953712406639
sub-023,control,whole,face,3.0,0.06488338746511692
sub-023,control,whole,face,3.25,0.13571371467819435
sub-023,control,whole,face,3.5,0.13255801730723363
sub-023,control,whole,face,3.75,0.15822584155784838
sub-023,control,whole,face,4.0,0.16968027656468515
sub-023,control,whole,face,4.25,0.20854257860992856
sub-023,control,whole,face,4.5,0.19570450185219945
sub-023,control,whole,face,4.75,0.2254724258426984
sub-023,control,whole,face,5.0,0.21493533098003792
sub-023,control,lateral,face,0.25,-0.21112939717609652
sub-023,control,lateral,face,0.5,-0.2652534876642478
sub-023,control,lateral,face,0.75,-0.31099212469765
sub-023,control,lateral,face,1.0,-0.35034245178916995
sub-023,control,lateral,face,1.25,-0.3518738290176524
sub-023,control,lateral,face,1.5,-0.3451512605378115
sub-023,control,lateral,face,1.75,-0.33175079239941463
sub-023,control,lateral,face,2.0,-0.3244979518976048
sub-023,control,lateral,face,2.25,-0.27765039530814645
sub-023,control,lateral,face,2.5,-0.2206736200559527
sub-023,control,lateral,face,2.75,-0.16005298705947565
sub-023,control,lateral,face,3.0,-0.1044169272288988
sub-023,control,lateral,face,3.25,-0.024510573607739658
sub-023,control,lateral,face,3.5,0.013552947789587115
sub-023,control,lateral,face,3.75,0.0767755101511492
sub-023,control,lateral,face,4.0,0.068865292320839
sub-023,control,lateral,face,4.25,0.10682600129429431
sub-023,control,lateral,face,4.5,0.08692973345397102
sub-023,control,lateral,face,4.75,0.1348790866284621
sub-023,control,lateral,face,5.0,0.1661788740975505
sub-023,control,medial,face,0.25,0.13215886585846828
sub-023,control,medial,face,0.5,0.169438622874984
sub-023,control,medial,face,0.75,0.2124627370484838
sub-023,control,medial,face,1.0,0.28641383766387374
sub-023,control,medial,face,1.25,0.33150705649526513
sub-023,control,medial,face,1.5,0.38557960135698016
sub-023,control,medial,face,1.75,0.41446585478218984
sub-023,control,medial,face,2.0,0.42211123490582414
sub-023,control,medial,face,2.25,0.4098267322158672
sub-023,control,medial,face,2.5,0.4679506352869563
sub-023,control,medial,face,2.75,0.46893451918525464
sub-023,control,medial,face,3.0,0.47392771527766114
sub-023,control,medial,face,3.25,0.47645627038799276
sub-023,control,medial,face,3.5,0.4620969464883416
sub-023,control,medial,face,3.75,0.3964679921606976
sub-023,control,medial,face,4.0,0.3774436702133862
sub-023,control,medial,face,4.25,0.40908841318529016
sub-023,control,medial,face,4.5,0.36749123972509623
sub-023,control,medial,face,4.75,0.3756325801049659
sub-023,control,medial,face,5.0,0.330691780304568
sub-023,control,whole,house,0.25,0.03935353304285515
sub-023,control,whole,house,0.5,0.03572612288457399
sub-023,control,whole,house,0.75,0.03619005107649813
sub-023,control,whole,house,1.0,0.03390031315725822
sub-023,control,whole,house,1.25,0.03132798822017344
sub-023,control,whole,house,1.5,0.028452104715634575
sub-023,control,whole,house,1.75,0.0036958300979329857
sub-023,control,whole,house,2.0,-0.026445129680642544
sub-023,control,whole,house,2.25,-0.06935363712022079
sub-023,control,whole,house,2.5,-0.1058710120952191
sub-023,control,whole,house,2.75,-0.12380602004650708
sub-023,control,whole,house,3.0,-0.1609705276279141
sub-023,control,whole,house,3.25,-0.17786989788578203
sub-023,control,whole,house,3.5,-0.21525305072074769
sub-023,control,whole,house,3.75,-0.22903125602103486
sub-023,control,whole,house,4.0,-0.21913892900144596
sub-023,control,whole,house,4.25,-0.24221142167543777
sub-023,control,whole,house,4.5,-0.24289164407337707
sub-023,control,whole,house,4.75,-0.24299599822969978
sub-023,control,whole,house,5.0,-0.24916121873731392
sub-023,control,lateral,house,0.25,0.05711835403804162
sub-023,control,lateral,house,0.5,0.04678401463456949
sub-023,control,lateral,house,0.75,0.0436881657495747
sub-023,control,lateral,house,1.0,0.039047358555916005
sub-023,control,lateral,house,1.25,0.0460561354323423
sub-023,control,lateral,house,1.5,0.043083377403242334
sub-023,control,lateral,house,1.75,0.023036881827889193
sub-023,control,lateral,house,2.0,0.007264201737160601
sub-023,control,lateral,house,2.25,-0.033049439689232483
sub-023,control,lateral,house,2.5,-0.06309602291538954
sub-023,control,lateral,house,2.75,-0.07025608409050174
sub-023,control,lateral,house,3.0,-0.09952512001256449
sub-023,control,lateral,house,3.25,-0.11317292410996492
sub-023,control,lateral,house,3.5,-0.12023410370181102
sub-023,control,lateral,house,3.75,-0.14899227613882315
sub-023,control,lateral,house,4.0,-0.13208391135131567
sub-023,control,lateral,house,4.25,-0.14381281455783448
sub-023,control,lateral,house,4.5,-0.15213760202479723
sub-023,control,lateral,house,4.75,-0.13799792645570993
sub-023,control,lateral,house,5.0,-0.1549921130523419
sub-023,control,medial,house,0.25,0.020880724840781902
sub-023,control,medial,house,0.5,0.020426855894374433
sub-023,control,medial,house,0.75,0.019214674804277954
sub-023,control,medial,house,1.0,0.012552114925069368
sub-023,control,medial,house,1.25,0.013981856340198405
sub-023,control,medial,house,1.5,-0.005869462665525369
sub-023,control,medial,house,1.75,-0.03770121692338378
sub-023,control,medial,house,2.0,-0.07390027214317345
sub-023,control,medial,house,2.25,-0.13207037452832718
sub-023,control,medial,house,2.5,-0.16497471157270982
sub-023,control,medial,house,2.75,-0.20951751838392332
sub-023,control,medial,house,3.0,-0.2488714994142395
sub-023,control,medial,house,3.25,-0.26245876246039695
sub-023,control,medial,house,3.5,-0.322962664310293
sub-023,control,medial,house,3.75,-0.3375626565093423
sub-023,control,medial,house,4.0,-0.34382981828497283
sub-023,control,medial,house,4.25,-0.37543462380489534
sub-023,control,medial,house,4.5,-0.3564866463858489
sub-023,control,medial,house,4.75,-0.37212178918770333
sub-023,control,medial,house,5.0,-0.37127230929616717
sub-023,control,whole,object,0.25,-0.0026390592836099415
sub-023,control,whole,object,0.5,-0.002057948037673121
sub-023,control,whole,object,0.75,0.005578458386968403
sub-023,control,whole,object,1.0,0.0073543427499116465
sub-023,control,whole,object,1.25,0.015447707903742664
sub-023,control,whole,object,1.5,0.026300779393669906
sub-023,control,whole,object,1.75,0.04529170286756057
sub-023,control,whole,object,2.0,0.06054362791607388
sub-023,control,whole,object,2.25,0.08571232655681285
sub-023,control,whole,object,2.5,0.1323234285368015
sub-023,control,whole,object,2.75,0.1739333695328553
sub-023,control,whole,object,3.0,0.21322056193615022
sub-023,control,whole,object,3.25,0.2583314119523739
sub-023,control,whole,object,3.5,0.2771344731209206
sub-023,control,whole,object,3.75,0.3355446985783635
sub-023,control,whole,object,4.0,0.3688198040588404
sub-023,control,whole,object,4.25,0.42763096068224626
sub-023,control,whole,object,4.5,0.49232841171246583
sub-023,control,whole,object,4.75,0.5668558298753742
sub-023,control,whole,object,5.0,0.6449534351147028
sub-023,control,lateral,object,0.25,-0.01138921391435233
sub-023,control,lateral,object,0.5,-0.015286725089699513
sub-023,control,lateral,object,0.75,-0.013699512455413352
sub-023,control,lateral,object,1.0,-0.012440679810433293
sub-023,control,lateral,object,1.25,-0.012103674188911175
sub-023,control,lateral,object,1.5,-0.011401451583558278
sub-023,control,lateral,object,1.75,0.013290290538055766
sub-023,control,lateral,object,2.0,0.03791341063220497
sub-023,control,lateral,object,2.25,0.06811241333056976
sub-023,control,lateral,object,2.5,0.1137226617563646
sub-023,control,lateral,object,2.75,0.15754032997973103
sub-023,control,lateral,object,3.0,0.22260768201873993
sub-023,control,lateral,object,3.25,0.2786384380078742
sub-023,control,lateral,object,3.5,0.31946695896779653
sub-023,control,lateral,object,3.75,0.3702484413903216
sub-023,control,lateral,object,4.0,0.41931585322972154
sub-023,control,lateral,object,4.25,0.46953492536639013
sub-023,control,lateral,object,4.5,0.5374813737488343
sub-023,control,lateral,object,4.75,0.5945907264954254
sub-023,control,lateral,object,5.0,0.641695030451117
sub-023,control,medial,object,0.25,0.011448395539973668
sub-023,control,medial,object,0.5,0.012698777402063599
sub-023,control,medial,object,0.75,0.048271343499293
sub-023,control,medial,object,1.0,0.06072654347693771
sub-023,control,medial,object,1.25,0.08440281626691673
sub-023,control,medial,object,1.5,0.1057838079666676
sub-023,control,medial,object,1.75,0.13751903850864733
sub-023,control,medial,object,2.0,0.15617211537377773
sub-023,control,medial,object,2.25,0.1561589790549989
sub-023,control,medial,object,2.5,0.2071089230815463
sub-023,control,medial,object,2.75,0.25580350051240647
sub-023,control,medial,object,3.0,0.18152336325499882
sub-023,control,medial,object,3.25,0.09745639881729358
sub-023,control,medial,object,3.5,0.0007200297310307163
sub-023,control,medial,object,3.75,-0.05062898010477905
sub-023,control,medial,object,4.0,-0.13122837078320923
sub-023,control,medial,object,4.25,-0.15278113000209864
sub-023,control,medial,object,4.5,-0.3188446906628724
sub-023,control,medial,object,4.75,-0.22372598162071844
sub-023,control,whole,word,0.25,0.1385501298651867
sub-023,control,whole,word,0.5,0.16141404169720971
sub-023,control,whole,word,0.75,0.19735813492283932
sub-023,control,whole,word,1.0,0.25435107396754153
sub-023,control,whole,word,1.25,0.32525042529540477
sub-023,control,whole,word,1.5,0.40944530843976834
sub-023,control,whole,word,1.75,0.4937950010139682
sub-023,control,whole,word,2.0,0.5747688084853921
sub-023,control,whole,word,2.25,0.6546026538895475
sub-023,control,whole,word,2.5,0.7377956560017256
sub-023,control,whole,word,2.75,0.7995374183218711
sub-023,control,whole,word,3.0,0.8585544238292445
sub-023,control,whole,word,3.25,0.9091684903970452
sub-023,control,whole,word,3.5,0.9536115584390785
sub-023,control,whole,word,3.75,0.9786160863894593
sub-023,control,whole,word,4.0,0.994856731730194
sub-023,control,whole,word,4.25,0.9975152864547001
sub-023,control,whole,word,4.5,1.0
sub-023,control,whole,word,4.75,1.0
sub-023,control,whole,word,5.0,1.0
sub-023,control,lateral,word,0.25,0.2057943116498922
sub-023,control,lateral,word,0.5,0.23937870002144165
sub-023,control,lateral,word,0.75,0.27501011824489113
sub-023,control,lateral,word,1.0,0.3403149417257967
sub-023,control,lateral,word,1.25,0.41110719071753765
sub-023,control,lateral,word,1.5,0.4922126011838449
sub-023,control,lateral,word,1.75,0.5586301520395915
sub-023,control,lateral,word,2.0,0.6158636395046695
sub-023,control,lateral,word,2.25,0.6846112017519943
sub-023,control,lateral,word,2.5,0.7527683192339297
sub-023,control,lateral,word,2.75,0.808050820307821
sub-023,control,lateral,word,3.0,0.8566917633122446
sub-023,control,lateral,word,3.25,0.913390493843822
sub-023,control,lateral,word,3.5,0.9562963414255198
sub-023,control,lateral,word,3.75,0.9797227939748308
sub-023,control,lateral,word,4.0,0.9975142507859932
sub-023,control,lateral,word,4.25,1.0
sub-023,control,lateral,word,4.5,1.0
sub-023,control,lateral,word,4.75,1.0
sub-023,control,lateral,word,5.0,1.0
sub-023,control,medial,word,0.25,-0.10468005978555203
sub-023,control,medial,word,0.5,-0.1500679914295805
sub-023,control,medial,word,0.75,-0.22887504545657944
sub-023,control,medial,word,1.0,-0.2806189268601164
sub-023,control,medial,word,1.25,-0.35128092604550687
sub-023,control,medial,word,1.5,-0.4540481517536458
sub-023,control,medial,word,1.75,-0.5091309261747016
sub-023,control,medial,word,2.0,-0.5869326804565116
sub-023,control,medial,word,2.25,-0.7069718829565752
sub-023,control,medial,word,2.5,-0.555079618237513
sub-025,control,whole,face,0.25,-0.04202636965903934
sub-025,control,whole,face,0.5,-0.031136464511070508
sub-025,control,whole,face,0.75,-0.007552678433122438
sub-025,control,whole,face,1.0,-0.003360734172502365
sub-025,control,whole,face,1.25,0.006729967057798471
sub-025,control,whole,face,1.5,0.020553505810375326
sub-025,control,whole,face,1.75,0.03268444437734831
sub-025,control,whole,face,2.0,0.029688174715186918
sub-025,control,whole,face,2.25,0.042353725737239084
sub-025,control,whole,face,2.5,0.018780688921082634
sub-025,control,whole,face,2.75,0.01212608071542579
sub-025,control,whole,face,3.0,0.0026721302643264284
sub-025,control,whole,face,3.25,-0.017650140662436035
sub-025,control,whole,face,3.5,-0.038633933243737054
sub-025,control,whole,face,3.75,-0.05255892220368438
sub-025,control,whole,face,4.0,-0.057272090052154834
sub-025,control,whole,face,4.25,-0.06352303741687665
sub-025,control,whole,face,4.5,-0.07491869449842622
sub-025,control,whole,face,4.75,-0.07540029166142244
sub-025,control,whole,face,5.0,-0.08861047262545
sub-025,control,lateral,face,0.25,-0.08399898565470125
sub-025,control,lateral,face,0.5,-0.07337150501015176
sub-025,control,lateral,face,0.75,-0.06675735479856236
sub-025,control,lateral,face,1.0,-0.06268285717681715
sub-025,control,lateral,face,1.25,-0.06717058912243071
sub-025,control,lateral,face,1.5,-0.0446379593463786
sub-025,control,lateral,face,1.75,-0.046635547658416536
sub-025,control,lateral,face,2.0,-0.04846629555667146
sub-025,control,lateral,face,2.25,-0.04081414865113393
sub-025,control,lateral,face,2.5,-0.0688306951617234
sub-025,control,lateral,face,2.75,-0.07842604033931486
sub-025,control,lateral,face,3.0,-0.10091165787664952
sub-025,control,lateral,face,3.25,-0.15919502547259629
sub-025,control,lateral,face,3.5,-0.18441651418659522
sub-025,control,lateral,face,3.75,-0.20964292925966
sub-025,control,lateral,face,4.0,-0.22391473586451544
sub-025,control,lateral,face,4.25,-0.24031828746338596
sub-025,control,lateral,face,4.5,-0.25527522421817783
sub-025,control,lateral,face,4.75,-0.27236975915045053
sub-025,control,lateral,face,5.0,-0.2780795911447984
sub-025,control,medial,face,0.25,0.015734886107195055
sub-025,control,medial,face,0.5,0.051283619141040876
sub-025,control,medial,face,0.75,0.08315940309768997
sub-025,control,medial,face,1.0,0.09792594262699
sub-025,control,medial,face,1.25,0.12836557916423974
sub-025,control,medial,face,1.5,0.16362195909518318
sub-025,control,medial,face,1.75,0.1647030518104046
sub-025,control,medial,face,2.0,0.17593073988976168
sub-025,control,medial,face,2.25,0.1942410809434141
sub-025,control,medial,face,2.5,0.19630285845904372
sub-025,control,medial,face,2.75,0.1997655338223737
sub-025,control,medial,face,3.0,0.2036339806838165
sub-025,control,medial,face,3.25,0.20306548509757744
sub-025,control,medial,face,3.5,0.22854394370844966
sub-025,control,medial,face,3.75,0.21799990850978088
sub-025,control,medial,face,4.0,0.22839897237336743
sub-025,control,medial,face,4.25,0.2388949396931897
sub-025,control,medial,face,4.5,0.21606929304489322
sub-025,control,medial,face,4.75,0.1786405777325797
sub-025,control,medial,face,5.0,0.22692698430397246
sub-025,control,whole,house,0.25,-0.03158279651852662
sub-025,control,whole,house,0.5,-0.03908979767753833
sub-025,control,whole,house,0.75,-0.047169718712829586
sub-025,control,whole,house,1.0,-0.04714672148373789
sub-025,control,whole,house,1.25,-0.040335840597339585
sub-025,control,whole,house,1.5,-0.023386515305994643
sub-025,control,whole,house,1.75,-0.01841920537425544
sub-025,control,whole,house,2.0,-0.0039763689371515995
sub-025,control,whole,house,2.25,-0.0072059323423343735
sub-025,control,whole,house,2.5,-0.0007865440405000193
sub-025,control,whole,house,2.75,-0.0057992045109597655
sub-025,control,whole,house,3.0,0.0008694769632059649
sub-025,control,whole,house,3.25,-0.004962666527265986
sub-025,control,whole,house,3.5,-0.010194286090483406
sub-025,control,whole,house,3.75,-0.01260340037996601
sub-025,control,whole,house,4.0,-0.020470922243422354
sub-025,control,whole,house,4.25,-0.025357764880942914
sub-025,control,whole,house,4.5,-0.03306143919233728
sub-025,control,whole,house,4.75,-0.04569294482189397
sub-025,control,whole,house,5.0,-0.0583621491051761
sub-025,control,lateral,house,0.25,-0.03149196257495225
sub-025,control,lateral,house,0.5,-0.03865974818721241
sub-025,control,lateral,house,0.75,-0.05096401390211838
sub-025,control,lateral,house,1.0,-0.050451510378324446
sub-025,control,lateral,house,1.25,-0.02967903090834133
sub-025,control,lateral,house,1.5,-0.017054722364620224
sub-025,control,lateral,house,1.75,-8.080307518650014e-05
sub-025,control,lateral,house,2.0,0.01459459961891803
sub-025,control,lateral,house,2.25,0.0165710678457015
sub-025,control,lateral,house,2.5,0.021762333264861454
sub-025,control,lateral,house,2.75,0.0048109965978888145
sub-025,control,lateral,house,3.0,0.00623796600163812
sub-025,control,lateral,house,3.25,-0.0036308985724700605
sub-025,control,lateral,house,3.5,-0.01678663085632186
sub-025,control,lateral,house,3.75,-0.043611144175998186
sub-025,control,lateral,house,4.0,-0.06343457194199859
sub-025,control,lateral,house,4.25,-0.06452048024656373
sub-025,control,lateral,house,4.5,-0.07321447182864582
sub-025,control,lateral,house,4.75,-0.12079306451457855
sub-025,control,lateral,house,5.0,-0.13541573650178562
sub-025,control,medial,house,0.25,-0.030477848731401712
sub-025,control,medial,house,0.5,-0.04133061952309761
sub-025,control,medial,house,0.75,-0.04949911284096682
sub-025,control,medial,house,1.0,-0.05241782300986097
sub-025,control,medial,house,1.25,-0.04827430832952543
sub-025,control,medial,house,1.5,-0.052427041159513924
sub-025,control,medial,house,1.75,-0.044172073946084
sub-025,control,medial,house,2.0,-0.05299498071513165
sub-025,control,medial,house,2.25,-0.04400009966068222
sub-025,control,medial,house,2.5,-0.05264416075872736
sub-025,control,medial,house,2.75,-0.04046121930213946
sub-025,control,medial,house,3.0,-0.024064423270698215
sub-025,control,medial,house,3.25,-0.015049710750484951
sub-025,control,medial,house,3.5,0.008550047425619938
sub-025,control,medial,house,3.75,0.036225696037524
sub-025,control,medial,house,4.0,0.05155197503657246
sub-025,control,medial,house,4.25,0.050170198994639814
sub-025,control,medial,house,4.5,0.039325623609725725
sub-025,control,medial,house,4.75,0.058889756329527726
sub-025,control,medial,house,5.0,0.053064203670175454
sub-025,control,whole,object,0.25,-0.04491018291541771
sub-025,control,whole,object,0.5,-0.03875668509008358
sub-025,control,whole,object,0.75,-0.027624631896691728
sub-025,control,whole,object,1.0,-0.018906372949563325
sub-025,control,whole,object,1.25,-0.0057441107598592105
sub-025,control,whole,object,1.5,0.001924254394296537
sub-025,control,whole,object,1.75,0.01886670808300806
sub-025,control,whole,object,2.0,0.022461178841839145
sub-025,control,whole,object,2.25,0.026004838942974194
sub-025,control,whole,object,2.5,0.026580238485118764
sub-025,control,whole,object,2.75,0.031616704300946125
sub-025,control,whole,object,3.0,0.03043135067872167
sub-025,control,whole,object,3.25,0.03528911240932316
sub-025,control,whole,object,3.5,0.03895140442068122
sub-025,control,whole,object,3.75,0.044303191782274084
sub-025,control,whole,object,4.0,0.052231421038519264
sub-025,control,whole,object,4.25,0.06924234726341809
sub-025,control,whole,object,4.5,0.09033630121167689
sub-025,control,whole,object,4.75,0.09654602792848524
sub-025,control,whole,object,5.0,0.11789791253336146
sub-025,control,lateral,object,0.25,-0.03302560433509215
sub-025,control,lateral,object,0.5,-0.0349026166901547
sub-025,control,lateral,object,0.75,-0.02635480881258034
sub-025,control,lateral,object,1.0,-0.012303494229597726
sub-025,control,lateral,object,1.25,-0.009309731997439365
sub-025,control,lateral,object,1.5,0.0038226546750773573
sub-025,control,lateral,object,1.75,0.022171703825245196
sub-025,control,lateral,object,2.0,0.026712502675447548
sub-025,control,lateral,object,2.25,0.03264293283531674
sub-025,control,lateral,object,2.5,0.040630360315491915
sub-025,control,lateral,object,2.75,0.04517415970345934
sub-025,control,lateral,object,3.0,0.045956051910901505
sub-025,control,lateral,object,3.25,0.0522594365146594
sub-025,control,lateral,object,3.5,0.051823702974559745
sub-025,control,lateral,object,3.75,0.05963542751398686
sub-025,control,lateral,object,4.0,0.06641567066275116
sub-025,control,lateral,object,4.25,0.09744032103287463
sub-025,control,lateral,object,4.5,0.11680352166948971
sub-025,control,lateral,object,4.75,0.14177784134189472
sub-025,control,lateral,object,5.0,0.1557487128649168
sub-025,control,medial,object,0.25,-0.06396166650001991
sub-025,control,medial,object,0.5,-0.05294998348240165
sub-025,control,medial,object,0.75,-0.03699921224817735
sub-025,control,medial,object,1.0,-0.027765235842610904
sub-025,control,medial,object,1.25,-0.021307447444282316
sub-025,control,medial,object,1.5,-0.00573541032249956
sub-025,control,medial,object,1.75,-0.0044138564315883266
sub-025,control,medial,object,2.0,-0.025399106757576694
sub-025,control,medial,object,2.25,-0.02985427238032354
sub-025,control,medial,object,2.5,-0.0449410137148644
sub-025,control,medial,object,2.75,-0.0397936464676569
sub-025,control,medial,object,3.0,-0.048466850707979105
sub-025,control,medial,object,3.25,-0.03543075471999895
sub-025,control,medial,object,3.5,-0.040483139215400546
sub-025,control,medial,object,3.75,-0.03435192059767553
sub-025,control,medial,object,4.0,-0.06970025790803874
sub-025,control,medial,object,4.25,-0.07448025297375768
sub-025,control,medial,object,4.5,-0.07489428541768542
sub-025,control,medial,object,4.75,-0.11624809081018822
sub-025,control,medial,object,5.0,-0.13853398007508463
sub-025,control,whole,word,0.25,0.3506626787805132
sub-025,control,whole,word,0.5,0.4012077174963972
sub-025,control,whole,word,0.75,0.4340921137691153
sub-025,control,whole,word,1.0,0.48653552243142534
sub-025,control,whole,word,1.25,0.5226530491292606
sub-025,control,whole,word,1.5,0.5251137120654722
sub-025,control,whole,word,1.75,0.5209715436199512
sub-025,control,whole,word,2.0,0.5080251187235045
sub-025,control,whole,word,2.25,0.5388298315131098
sub-025,control,whole,word,2.5,0.5633053996727694
sub-025,control,whole,word,2.75,0.5833071634401675
sub-025,control,whole,word,3.0,0.5702916969481394
sub-025,control,whole,word,3.25,0.604410024985554
sub-025,control,whole,word,3.5,0.6352707470747978
sub-025,control,whole,word,3.75,0.6439990248342964
sub-025,control,whole,word,4.0,0.6947943347791541
sub-025,control,whole,word,4.25,0.6602000254514182
sub-025,control,whole,word,4.5,0.6939120239716919
sub-025,control,whole,word,4.75,0.778809949780882
sub-025,control,whole,word,5.0,0.9665423465423464
sub-025,control,lateral,word,0.25,0.35820560797702433
sub-025,control,lateral,word,0.5,0.3868724814254489
sub-025,control,lateral,word,0.75,0.39642900406628295
sub-025,control,lateral,word,1.0,0.44879103126835623
sub-025,control,lateral,word,1.25,0.4738412406147874
sub-025,control,lateral,word,1.5,0.4582890653349417
sub-025,control,lateral,word,1.75,0.4701656632345629
sub-025,control,lateral,word,2.0,0.4469408006835146
sub-025,control,lateral,word,2.25,0.4523551221088186
sub-025,control,lateral,word,2.5,0.4722960698855644
sub-025,control,lateral,word,2.75,0.49831733708392645
sub-025,control,lateral,word,3.0,0.4770343941509769
sub-025,control,lateral,word,3.25,0.5498976030237885
sub-025,control,lateral,word,3.5,0.5851085757927845
sub-025,control,lateral,word,3.75,0.6259013208900186
sub-025,control,lateral,word,4.0,0.6396701225483161
sub-025,control,lateral,word,4.25,0.6485620157694089
sub-025,control,lateral,word,4.5,0.6607815019725815
sub-025,control,lateral,word,4.75,0.8093374642118435
sub-025,control,lateral,word,5.0,0.9730813630813631
sub-025,control,medial,word,0.25,0.34598228477380855
sub-025,control,medial,word,0.5,0.45458545598091904
sub-025,control,medial,word,0.75,0.5305740547790391
sub-025,control,medial,word,1.0,0.6824316550427809
sub-025,control,medial,word,1.25,0.7105079084616234
sub-025,control,medial,word,1.5,0.7894359821063306
sub-025,control,medial,word,1.75,0.9464343779938509
sub-025,control,medial,word,2.0,0.9565020274989315
sub-025,control,medial,word,2.25,0.976846577227382
sub-025,control,medial,word,2.5,1.0
sub-025,control,medial,word,2.75,1.0
sub-025,control,medial,word,3.0,1.0
sub-025,control,medial,word,3.25,1.0
sub-025,control,medial,word,3.5,1.0
sub-026,control,whole,face,0.25,0.06356832499651624
sub-026,control,whole,face,0.5,0.06734091280960045
sub-026,control,whole,face,0.75,0.089079883994076
sub-026,control,whole,face,1.0,0.10037597003924123
sub-026,control,whole,face,1.25,0.11438590393217113
sub-026,control,whole,face,1.5,0.11111272113139574
sub-026,control,whole,face,1.75,0.15101860961010996
sub-026,control,whole,face,2.0,0.14557630653454884
sub-026,control,whole,face,2.25,0.15047510522260293
sub-026,control,whole,face,2.5,0.09107629910207071
sub-026,control,whole,face,2.75,0.008835575894783529
sub-026,control,whole,face,3.0,-0.11754469874243555
sub-026,control,whole,face,3.25,-0.17672738721463396
sub-026,control,whole,face,3.5,-0.2806924822487574
sub-026,control,whole,face,3.75,-0.44758318240802825
sub-026,control,whole,face,4.0,-0.5702339366916694
sub-026,control,whole,face,4.25,-0.6737899458072001
sub-026,control,whole,face,4.5,-0.6948161491071708
sub-026,control,whole,face,4.75,-0.6927692995462108
sub-026,control,whole,face,5.0,-0.7604505557335745
sub-026,control,lateral,face,0.25,0.17253516753365034
sub-026,control,lateral,face,0.5,0.21702118396088974
sub-026,control,lateral,face,0.75,0.27273163108773696
sub-026,control,lateral,face,1.0,0.3375641388044688
sub-026,control,lateral,face,1.25,0.3753997652070457
sub-026,control,lateral,face,1.5,0.4126203902847409
sub-026,control,lateral,face,1.75,0.429239949480986
sub-026,control,lateral,face,2.0,0.48093122815204303
sub-026,control,lateral,face,2.25,0.4748507461940942
sub-026,control,lateral,face,2.5,0.4516136896585359
sub-026,control,lateral,face,2.75,0.42354920031911525
sub-026,control,lateral,face,3.0,0.41641460265833097
sub-026,control,lateral,face,3.25,0.35471573723036903
sub-026,control,lateral,face,3.5,0.2825576191094767
sub-026,control,lateral,face,3.75,0.160156906585478
sub-026,control,lateral,face,4.0,-0.11985615795139605
sub-026,control,lateral,face,4.25,-0.1814200680272109
sub-026,control,lateral,face,4.5,-0.0055927579365079375
sub-026,control,lateral,face,4.75,0.01734126984126984
sub-026,control,lateral,face,5.0,-0.20495626822157434
sub-026,control,medial,face,0.25,-0.10334604309894249
sub-026,control,medial,face,0.5,-0.13686406673225376
sub-026,control,medial,face,0.75,-0.17183305327908474
sub-026,control,medial,face,1.0,-0.21732315287042575
sub-026,control,medial,face,1.25,-0.24166089911127173
sub-026,control,medial,face,1.5,-0.2689479731266476
sub-026,control,medial,face,1.75,-0.2629149627721655
sub-026,control,medial,face,2.0,-0.26933882089349326
sub-026,control,medial,face,2.25,-0.2495747285834707
sub-026,control,medial,face,2.5,-0.2992993448638421
sub-026,control,medial,face,2.75,-0.39711138999088746
sub-026,control,medial,face,3.0,-0.4828743246387337
sub-026,control,medial,face,3.25,-0.5138506554842072
sub-026,control,medial,face,3.5,-0.5849517480110642
sub-026,control,medial,face,3.75,-0.6995345967306412
sub-026,control,medial,face,4.0,-0.8085117182821001
sub-026,control,medial,face,4.25,-0.9387035103834841
sub-026,control,medial,face,4.5,-1.0
sub-026,control,medial,face,4.75,-1.0
sub-026,control,medial,face,5.0,-1.0
sub-026,control,whole,house,0.25,-0.09775747876086421
sub-026,control,whole,house,0.5,-0.09873936389575216
sub-026,control,whole,house,0.75,-0.10094562031365706
sub-026,control,whole,house,1.0,-0.11188684996238109
sub-026,control,whole,house,1.25,-0.10817747888177985
sub-026,control,whole,house,1.5,-0.11607981785724553
sub-026,control,whole,house,1.75,-0.11528862062078865
sub-026,control,whole,house,2.0,-0.1253099122290747
sub-026,control,whole,house,2.25,-0.13531167612076905
sub-026,control,whole,house,2.5,-0.14981862355592676
sub-026,control,whole,house,2.75,-0.1752012783073429
sub-026,control,whole,house,3.0,-0.18357459772394652
sub-026,control,whole,house,3.25,-0.18154695073643928
sub-026,control,whole,house,3.5,-0.2092728680635534
sub-026,control,whole,house,3.75,-0.21153883223680714
sub-026,control,whole,house,4.0,-0.21747308250185263
sub-026,control,whole,house,4.25,-0.2652941833307252
sub-026,control,whole,house,4.5,-0.29275147798306267
sub-026,control,whole,house,4.75,-0.3132595798891476
sub-026,control,whole,house,5.0,-0.36153654370994015
sub-026,control,lateral,house,0.25,-0.06502081539303456
sub-026,control,lateral,house,0.5,-0.06089634297050062
sub-026,control,lateral,house,0.75,-0.0613627061203569
sub-026,control,lateral,house,1.0,-0.06525938886002347
sub-026,control,lateral,house,1.25,-0.0778029872127611
sub-026,control,lateral,house,1.5,-0.07895404617961237
sub-026,control,lateral,house,1.75,-0.09292235961881261
sub-026,control,lateral,house,2.0,-0.09275834127909112
sub-026,control,lateral,house,2.25,-0.09794383769855074
sub-026,control,lateral,house,2.5,-0.09785716966115826
sub-026,control,lateral,house,2.75,-0.11791746579699959
sub-026,control,lateral,house,3.0,-0.1305610985959205
sub-026,control,lateral,house,3.25,-0.14052668550379344
sub-026,control,lateral,house,3.5,-0.1669922605576188
sub-026,control,lateral,house,3.75,-0.18306368565048559
sub-026,control,lateral,house,4.0,-0.21223617138946727
sub-026,control,lateral,house,4.25,-0.279991542378709
sub-026,control,lateral,house,4.5,-0.31177359057940157
sub-026,control,lateral,house,4.75,-0.3535351273638008
sub-026,control,lateral,house,5.0,-0.4306824014893938
sub-026,control,medial,house,0.25,-0.1472634853374773
sub-026,control,medial,house,0.5,-0.17366703892003454
sub-026,control,medial,house,0.75,-0.17545053691469875
sub-026,control,medial,house,1.0,-0.18563639219310651
sub-026,control,medial,house,1.25,-0.17925589897487204
sub-026,control,medial,house,1.5,-0.18922256676857768
sub-026,control,medial,house,1.75,-0.17717461060285022
sub-026,control,medial,house,2.0,-0.2071552805249685
sub-026,control,medial,house,2.25,-0.21392401421349355
sub-026,control,medial,house,2.5,-0.24395576047827597
sub-026,control,medial,house,2.75,-0.2930177608538676
sub-026,control,medial,house,3.0,-0.29725763576176495
sub-026,control,medial,house,3.25,-0.2858739082355511
sub-026,control,medial,house,3.5,-0.26898556501779775
sub-026,control,medial,house,3.75,-0.26514893624127334
sub-026,control,medial,house,4.0,-0.23548345394221343
sub-026,control,medial,house,4.25,-0.24196155313106515
sub-026,control,medial,house,4.5,-0.24655332979889258
sub-026,control,medial,house,4.75,-0.24605295783465342
sub-026,control,medial,house,5.0,-0.25397915025440904
sub-026,control,whole,object,0.25,-0.028867771451271836
sub-026,control,whole,object,0.5,-0.04554596443734911
sub-026,control,whole,object,0.75,-0.05732673259922847
sub-026,control,whole,object,1.0,-0.06764562720678337
sub-026,control,whole,object,1.25,-0.0837093174621483
sub-026,control,whole,object,1.5,-0.0971224950071692
sub-026,control,whole,object,1.75,-0.1116324811128054
sub-026,control,whole,object,2.0,-0.12034892833939391
sub-026,control,whole,object,2.25,-0.136971785146382
sub-026,control,whole,object,2.5,-0.15331503695290288
sub-026,control,whole,object,2.75,-0.16939735851671542
sub-026,control,whole,object,3.0,-0.1902202804450401
sub-026,control,whole,object,3.25,-0.2086659897542183
sub-026,control,whole,object,3.5,-0.22125655639137057
sub-026,control,whole,object,3.75,-0.2269057560807754
sub-026,control,whole,object,4.0,-0.2517929236020615
sub-026,control,whole,object,4.25,-0.2615031547832358
sub-026,control,whole,object,4.5,-0.27775145327787715
sub-026,control,whole,object,4.75,-0.2980475896998143
sub-026,control,whole,object,5.0,-0.321303830556473
sub-026,control,lateral,object,0.25,-0.06246034865586154
sub-026,control,lateral,object,0.5,-0.07628609260845473
sub-026,control,lateral,object,0.75,-0.09138158990213333
sub-026,control,lateral,object,1.0,-0.09869210598033872
sub-026,control,lateral,object,1.25,-0.1152500780030175
sub-026,control,lateral,object,1.5,-0.12630994308481638
sub-026,control,lateral,object,1.75,-0.13879017931673604
sub-026,control,lateral,object,2.0,-0.14864776040207808
sub-026,control,lateral,object,2.25,-0.16469642022897804
sub-026,control,lateral,object,2.5,-0.18324245516823134
sub-026,control,lateral,object,2.75,-0.1945425693631314
sub-026,control,lateral,object,3.0,-0.2149055020142967
sub-026,control,lateral,object,3.25,-0.23113174452855298
sub-026,control,lateral,object,3.5,-0.24610063477567004
sub-026,control,lateral,object,3.75,-0.2538749515386558
sub-026,control,lateral,object,4.0,-0.2740215276823013
sub-026,control,lateral,object,4.25,-0.2893660090759049
sub-026,control,lateral,object,4.5,-0.3052235276456252
sub-026,control,lateral,object,4.75,-0.3251077261141446
sub-026,control,lateral,object,5.0,-0.35357683150939423
sub-026,control,medial,object,0.25,0.0985867591595252
sub-026,control,medial,object,0.5,0.08981709642406577
sub-026,control,medial,object,0.75,0.0736449430752422
sub-026,control,medial,object,1.0,0.06174505619339972
sub-026,control,medial,object,1.25,0.05245534818139151
sub-026,control,medial,object,1.5,0.043519075762458545
sub-026,control,medial,object,1.75,0.03416555937218824
sub-026,control,medial,object,2.0,0.023471991011389054
sub-026,control,medial,object,2.25,0.02475129468455208
sub-026,control,medial,object,2.5,0.004932752511847622
sub-026,control,medial,object,2.75,-0.02794990917188077
sub-026,control,medial,object,3.0,-0.03586671255291273
sub-026,control,medial,object,3.25,-0.05184542350538778
sub-026,control,medial,object,3.5,-0.05438289589086724
sub-026,control,medial,object,3.75,-0.0568241466565684
sub-026,control,medial,object,4.0,-0.09004187375137067
sub-026,control,medial,object,4.25,-0.11421212759348288
sub-026,control,medial,object,4.5,-0.10058356563087906
sub-026,control,medial,object,4.75,-0.0812365163536562
sub-026,control,medial,object,5.0,-0.030376909166498097
sub-026,control,whole,word,0.25,0.030279737603755786
sub-026,control,whole,word,0.5,0.03042481756551572
sub-026,control,whole,word,0.75,0.013872631136908318
sub-026,control,whole,word,1.0,0.020154522353492136
sub-026,control,whole,word,1.25,0.050248330178910096
sub-026,control,whole,word,1.5,0.079239442627559
sub-026,control,whole,word,1.75,0.11272221907584669
sub-026,control,whole,word,2.0,0.13537365826110004
sub-026,control,whole,word,2.25,0.1315406621575005
sub-026,control,whole,word,2.5,0.1553419021740781
sub-026,control,whole,word,2.75,0.1534794850093468
sub-026,control,whole,word,3.0,0.1839589346328438
sub-026,control,whole,word,3.25,0.18628321941568926
sub-026,control,whole,word,3.5,0.23791867760256225
sub-026,control,whole,word,3.75,0.30823810609800495
sub-026,control,whole,word,4.0,0.41356520360244897
sub-026,control,whole,word,4.25,0.5804321988912032
sub-026,control,whole,word,4.5,0.9400253765489536
sub-026,control,whole,word,4.75,1.0
sub-026,control,whole,word,5.0,1.0
sub-026,control,lateral,word,0.25,0.02547280561875056
sub-026,control,lateral,word,0.5,0.01823564752531999
sub-026,control,lateral,word,0.75,0.023833974707027538
sub-026,control,lateral,word,1.0,0.0531802195413614
sub-026,control,lateral,word,1.25,0.09834745204463587
sub-026,control,lateral,word,1.5,0.15554672359718227
sub-026,control,lateral,word,1.75,0.20176144677957905
sub-026,control,lateral,word,2.0,0.2495189262887526
sub-026,control,lateral,word,2.25,0.23958281551307611
sub-026,control,lateral,word,2.5,0.25187251159698376
sub-026,control,lateral,word,2.75,0.22319778338344334
sub-026,control,lateral,word,3.0,0.23678394550703397
sub-026,control,lateral,word,3.25,0.2132266550977788
sub-026,control,lateral,word,3.5,0.2741633670617213
sub-026,control,lateral,word,3.75,0.31915628984178784
sub-026,control,lateral,word,4.0,0.41495674772529956
sub-026,control,lateral,word,4.25,0.6315042655456272
sub-026,control,lateral,word,4.5,0.9574490016991952
sub-026,control,lateral,word,4.75,1.0
sub-026,control,lateral,word,5.0,1.0
sub-026,control,medial,word,0.25,0.05432961528742176
sub-026,control,medial,word,0.5,0.0459630668711749
sub-026,control,medial,word,0.75,-0.002690780573113471
sub-026,control,medial,word,1.0,-0.03476031035361964
sub-026,control,medial,word,1.25,-0.05558660884425816
sub-026,control,medial,word,1.5,-0.0392256378302944
sub-026,control,medial,word,1.75,-0.10122964240570295
sub-026,control,medial,word,2.0,-0.11861295344714687
sub-026,control,medial,word,2.25,-0.1478667742799777
sub-026,control,medial,word,2.5,-0.13191443105667924
sub-026,control,medial,word,2.75,-0.12821967735404813
sub-026,control,medial,word,3.0,-0.04532144946186104
sub-026,control,medial,word,3.25,0.09055567074435
sub-026,control,medial,word,3.5,-0.0013312395665336832
sub-026,control,medial,word,3.75,-0.12142857142857141
sub-027,control,whole,face,0.25,-0.1598447323888855
sub-027,control,whole,face,0.5,-0.15867257113295075
sub-027,control,whole,face,0.75,-0.1744450530794384
sub-027,control,whole,face,1.0,-0.16837894817455396
sub-027,control,whole,face,1.25,-0.15884588278580186
sub-027,control,whole,face,1.5,-0.15137552132276708
sub-027,control,whole,face,1.75,-0.13794057455365863
sub-027,control,whole,face,2.0,-0.1252311973938198
sub-027,control,whole,face,2.25,-0.11913951822025581
sub-027,control,whole,face,2.5,-0.10152569241680716
sub-027,control,whole,face,2.75,-0.10839279108143941
sub-027,control,whole,face,3.0,-0.10331629672219939
sub-027,control,whole,face,3.25,-0.09778255279105341
sub-027,control,whole,face,3.5,-0.10489532528403867
sub-027,control,whole,face,3.75,-0.12054897275409233
sub-027,control,whole,face,4.0,-0.09940168106473081
sub-027,control,whole,face,4.25,-0.12153200696699552
sub-027,control,whole,face,4.5,-0.12143847993398149
sub-027,control,whole,face,4.75,-0.1539217271548643
sub-027,control,whole,face,5.0,-0.14638846131534872
sub-027,control,lateral,face,0.25,-0.10134228917638702
sub-027,control,lateral,face,0.5,-0.07651226107650422
sub-027,control,lateral,face,0.75,-0.06710036665918599
sub-027,control,lateral,face,1.0,-0.050287268404789115
sub-027,control,lateral,face,1.25,-0.03314246530969709
sub-027,control,lateral,face,1.5,-0.027595057842358443
sub-027,control,lateral,face,1.75,-0.015280135584698644
sub-027,control,lateral,face,2.0,0.005371100717629887
sub-027,control,lateral,face,2.25,0.013474826505203638
sub-027,control,lateral,face,2.5,0.017256013451586276
sub-027,control,lateral,face,2.75,0.023247891388255903
sub-027,control,lateral,face,3.0,0.03842594875322435
sub-027,control,lateral,face,3.25,0.029760660854973708
sub-027,control,lateral,face,3.5,0.01900823882669823
sub-027,control,lateral,face,3.75,0.005731638398625086
sub-027,control,lateral,face,4.0,0.004088433626732313
sub-027,control,lateral,face,4.25,-0.044184462874448834
sub-027,control,lateral,face,4.5,-0.03490098079480001
sub-027,control,lateral,face,4.75,-0.06882242438427325
sub-027,control,lateral,face,5.0,-0.04427424950738876
sub-027,control,medial,face,0.25,-0.24941763585508997
sub-027,control,medial,face,0.5,-0.29195633750374034
sub-027,control,medial,face,0.75,-0.33205799700416677
sub-027,control,medial,face,1.0,-0.36971492358247915
sub-027,control,medial,face,1.25,-0.37083366450982475
sub-027,control,medial,face,1.5,-0.37596430208036474
sub-027,control,medial,face,1.75,-0.3611671575719494
sub-027,control,medial,face,2.0,-0.3609326239795094
sub-027,control,medial,face,2.25,-0.34672302273060523
sub-027,control,medial,face,2.5,-0.3493130923699928
sub-027,control,medial,face,2.75,-0.3334708315585408
sub-027,control,medial,face,3.0,-0.30842515165774115
sub-027,control,medial,face,3.25,-0.2943081469227919
sub-027,control,medial,face,3.5,-0.2941596762730634
sub-027,control,medial,face,3.75,-0.29221938846492734
sub-027,control,medial,face,4.0,-0.26807887407896636
sub-027,control,medial,face,4.25,-0.27095988952276984
sub-027,control,medial,face,4.5,-0.2359557482660517
sub-027,control,medial,face,4.75,-0.27541711418289666
sub-027,control,medial,face,5.0,-0.2890554315272268
sub-027,control,whole,house,0.25,-0.1627674391703593
sub-027,control,whole,house,0.5,-0.1705271224381769
sub-027,control,whole,house,0.75,-0.16647499373602861
sub-027,control,whole,house,1.0,-0.16189951946054829
sub-027,control,whole,house,1.25,-0.16211566674945235
sub-027,control,whole,house,1.5,-0.15411604014200012
sub-027,control,whole,house,1.75,-0.15622482171395696
sub-027,control,whole,house,2.0,-0.14437572773736826
sub-027,control,whole,house,2.25,-0.1288823089241629
sub-027,control,whole,house,2.5,-0.12380379517834546
sub-027,control,whole,house,2.75,-0.11483033720694184
sub-027,control,whole,house,3.0,-0.09518433344742894
sub-027,control,whole,house,3.25,-0.08045627459358341
sub-027,control,whole,house,3.5,-0.06770069579121514
sub-027,control,whole,house,3.75,-0.05118397727032464
sub-027,control,whole,house,4.0,-0.04553419120457734
sub-027,control,whole,house,4.25,-0.023262101437646936
sub-027,control,whole,house,4.5,-0.013127774084124674
sub-027,control,whole,house,4.75,-0.011790546350233813
sub-027,control,whole,house,5.0,-0.0017834391391777999
sub-027,control,lateral,house,0.25,-0.21635035721520565
sub-027,control,lateral,house,0.5,-0.21301095310599116
sub-027,control,lateral,house,0.75,-0.21486474336845066
sub-027,control,lateral,house,1.0,-0.2154122088823809
sub-027,control,lateral,house,1.25,-0.21621078909937652
sub-027,control,lateral,house,1.5,-0.21112504177361124
sub-027,control,lateral,house,1.75,-0.20769698757065275
sub-027,control,lateral,house,2.0,-0.19766818595162491
sub-027,control,lateral,house,2.25,-0.17806451861643852
sub-027,control,lateral,house,2.5,-0.17142820237141954
sub-027,control,lateral,house,2.75,-0.12641358101356787
sub-027,control,lateral,house,3.0,-0.11564300820431696
sub-027,control,lateral,house,3.25,-0.08040503765008987
sub-027,control,lateral,house,3.5,-0.05468204127501578
sub-027,control,lateral,house,3.75,-0.016524443924183528
sub-027,control,lateral,house,4.0,-0.012766752258846414
sub-027,control,lateral,house,4.25,0.024913382811928328
sub-027,control,lateral,house,4.5,0.06781847305301049
sub-027,control,lateral,house,4.75,0.05480252868511661
sub-027,control,lateral,house,5.0,0.09154958173175562
sub-027,control,medial,house,0.25,-0.09302715459943489
sub-027,control,medial,house,0.5,-0.09666971649515972
sub-027,control,medial,house,0.75,-0.10907598096231508
sub-027,control,medial,house,1.0,-0.09188318818723518
sub-027,control,medial,house,1.25,-0.09487715604341189
sub-027,control,medial,house,1.5,-0.08348395971907288
sub-027,control,medial,house,1.75,-0.08370676743932748
sub-027,control,medial,house,2.0,-0.08670193219299924
sub-027,control,medial,house,2.25,-0.09402487890451104
sub-027,control,medial,house,2.5,-0.08556010058835968
sub-027,control,medial,house,2.75,-0.08118278853230546
sub-027,control,medial,house,3.0,-0.08120330707117507
sub-027,control,medial,house,3.25,-0.07806074046287924
sub-027,control,medial,house,3.5,-0.07447319572601913
sub-027,control,medial,house,3.75,-0.06901327216991456
sub-027,control,medial,house,4.0,-0.06831281602061229
sub-027,control,medial,house,4.25,-0.0539072103269253
sub-027,control,medial,house,4.5,-0.05373698440756543
sub-027,control,medial,house,4.75,-0.07063816872901417
sub-027,control,medial,house,5.0,-0.0686179737717267
sub-027,control,whole,object,0.25,-0.02970723307721577
sub-027,control,whole,object,0.5,-0.033678720204273115
sub-027,control,whole,object,0.75,-0.03379278720206769
sub-027,control,whole,object,1.0,-0.035133518939120666
sub-027,control,whole,object,1.25,-0.02849426116508058
sub-027,control,whole,object,1.5,-0.02178247528164699
sub-027,control,whole,object,1.75,-0.017284379837595572
sub-027,control,whole,object,2.0,-0.006680234505303516
sub-027,control,whole,object,2.25,0.0047131913808898425
sub-027,control,whole,object,2.5,0.013225698647735649
sub-027,control,whole,object,2.75,0.019431946894170167
sub-027,control,whole,object,3.0,0.026236926612755937
sub-027,control,whole,object,3.25,0.03057676441903728
sub-027,control,whole,object,3.5,0.038345355022739384
sub-027,control,whole,object,3.75,0.0401859939613056
sub-027,control,whole,object,4.0,0.050676066265860804
sub-027,control,whole,object,4.25,0.05238157711620029
sub-027,control,whole,object,4.5,0.05597982426754314
sub-027,control,whole,object,4.75,0.05580598536618752
sub-027,control,whole,object,5.0,0.06201272207235383
sub-027,control,lateral,object,0.25,-0.06704481039366386
sub-027,control,lateral,object,0.5,-0.0689907192586702
sub-027,control,lateral,object,0.75,-0.06795885012277793
sub-027,control,lateral,object,1.0,-0.06628402240817569
sub-027,control,lateral,object,1.25,-0.06372487622577452
sub-027,control,lateral,object,1.5,-0.05437694292257444
sub-027,control,lateral,object,1.75,-0.046586877490319936
sub-027,control,lateral,object,2.0,-0.03234223042672907
sub-027,control,lateral,object,2.25,-0.026214946720773277
sub-027,control,lateral,object,2.5,-0.013816050300816953
sub-027,control,lateral,object,2.75,-0.010970686338744954
sub-027,control,lateral,object,3.0,-0.004387912101618284
sub-027,control,lateral,object,3.25,0.003382176590700233
sub-027,control,lateral,object,3.5,0.007372367189302819
sub-027,control,lateral,object,3.75,0.009211461984179402
sub-027,control,lateral,object,4.0,0.016983703059937353
sub-027,control,lateral,object,4.25,0.01805863436101902
sub-027,control,lateral,object,4.5,0.020687525561510524
sub-027,control,lateral,object,4.75,0.016515734914728786
sub-027,control,lateral,object,5.0,0.02136931849564271
sub-027,control,medial,object,0.25,0.07701893130056031
sub-027,control,medial,object,0.5,0.07084908302745249
sub-027,control,medial,object,0.75,0.07363942169380533
sub-027,control,medial,object,1.0,0.08507558818317687
sub-027,control,medial,object,1.25,0.11564652247261786
sub-027,control,medial,object,1.5,0.12225143134764868
sub-027,control,medial,object,1.75,0.13146287444924087
sub-027,control,medial,object,2.0,0.16446785409243872
sub-027,control,medial,object,2.25,0.1887990687114207
sub-027,control,medial,object,2.5,0.2022212646884973
sub-027,control,medial,object,2.75,0.23712320963572572
sub-027,control,medial,object,3.0,0.243799145778216
sub-027,control,medial,object,3.25,0.29098624010507096
sub-027,control,medial,object,3.5,0.2974093049743331
sub-027,control,medial,object,3.75,0.35214561132029204
sub-027,control,medial,object,4.0,0.3976816570689424
sub-027,control,medial,object,4.25,0.4225715199555633
sub-027,control,medial,object,4.5,0.46163260198066036
sub-027,control,medial,object,4.75,0.5368233071653843
sub-027,control,medial,object,5.0,0.5906965325675163
sub-027,control,whole,word,0.25,0.3186973854820093
sub-027,control,whole,word,0.5,0.33333249878763543
sub-027,control,whole,word,0.75,0.34499287589768907
sub-027,control,whole,word,1.0,0.3723790098411522
sub-027,control,whole,word,1.25,0.390120477171683
sub-027,control,whole,word,1.5,0.41274840047808353
sub-027,control,whole,word,1.75,0.4254324462903563
sub-027,control,whole,word,2.0,0.4255618606346217
sub-027,control,whole,word,2.25,0.4200631146194816
sub-027,control,whole,word,2.5,0.47262644237033363
sub-027,control,whole,word,2.75,0.5739387890589658
sub-027,control,whole,word,3.0,0.6492959335563266
sub-027,control,whole,word,3.25,0.7054302580148971
sub-027,control,whole,word,3.5,0.7376624523588393
sub-027,control,whole,word,3.75,0.7866759031835344
sub-027,control,whole,word,4.0,0.8185032721850906
sub-027,control,whole,word,4.25,0.8788408596418961
sub-027,control,whole,word,4.5,0.913249384996819
sub-027,control,whole,word,4.75,0.9868322154036441
sub-027,control,whole,word,5.0,0.9915084915084916
sub-027,control,lateral,word,0.25,0.3340659294084303
sub-027,control,lateral,word,0.5,0.340448832329702
sub-027,control,lateral,word,0.75,0.34452061557027724
sub-027,control,lateral,word,1.0,0.3646818024254459
sub-027,control,lateral,word,1.25,0.3765609711857034
sub-027,control,lateral,word,1.5,0.38658628224981084
sub-027,control,lateral,word,1.75,0.38669845818610793
sub-027,control,lateral,word,2.0,0.36953956231273627
sub-027,control,lateral,word,2.25,0.3692502728378188
sub-027,control,lateral,word,2.5,0.4177249570096579
sub-027,control,lateral,word,2.75,0.5282274325552297
sub-027,control,lateral,word,3.0,0.6465563190943013
sub-027,control,lateral,word,3.25,0.7188086336220291
sub-027,control,lateral,word,3.5,0.7341735921635171
sub-027,control,lateral,word,3.75,0.7597528184066253
sub-027,control,lateral,word,4.0,0.8137695838017995
sub-027,control,lateral,word,4.25,0.9421691276150352
sub-027,control,lateral,word,4.5,0.9330664601026593
sub-027,control,lateral,word,4.75,1.0
sub-027,control,lateral,word,5.0,0.990878010878011
sub-027,control,medial,word,0.25,0.28343720397093863
sub-027,control,medial,word,0.5,0.32796396141591055
sub-027,control,medial,word,0.75,0.3814746656706871
sub-027,control,medial,word,1.0,0.40917013556025716
sub-027,control,medial,word,1.25,0.4598291163085666
sub-027,control,medial,word,1.5,0.5512660114515107
sub-027,control,medial,word,1.75,0.6064824159607541
sub-027,control,medial,word,2.0,0.651595925997651
sub-027,control,medial,word,2.25,0.7692358821666921
sub-027,control,medial,word,2.5,0.9410896361698589
sub-027,control,medial,word,2.75,0.917581833371307
sub-027,control,medial,word,3.0,0.9149911816578483
sub-028,control,whole,face,0.25,-0.15004815473775096
sub-028,control,whole,face,0.5,-0.16789717578552338
sub-028,control,whole,face,0.75,-0.18516407550112227
sub-028,control,whole,face,1.0,-0.21552261720741334
sub-028,control,whole,face,1.25,-0.2532822506514233
sub-028,control,whole,face,1.5,-0.2905235901230816
sub-028,control,whole,face,1.75,-0.3291125522320755
sub-028,control,whole,face,2.0,-0.3652407350577921
sub-028,control,whole,face,2.25,-0.4090611543220025
sub-028,control,whole,face,2.5,-0.4217484121523988
sub-028,control,whole,face,2.75,-0.456959860635495
sub-028,control,whole,face,3.0,-0.5184718562292199
sub-028,control,whole,face,3.25,-0.5195321361105536
sub-028,control,whole,face,3.5,-0.48074645560554236
sub-028,control,whole,face,3.75,-0.4562346921711511
sub-028,control,whole,face,4.0,-0.4447303496912486
sub-028,control,whole,face,4.25,-0.3854722782814979
sub-028,control,whole,face,4.5,-0.3407507061667732
sub-028,control,whole,face,4.75,-0.29674127407145906
sub-028,control,whole,face,5.0,-0.23273258462998528
sub-028,control,lateral,face,0.25,-0.27308598468582257
sub-028,control,lateral,face,0.5,-0.3019812882789562
sub-028,control,lateral,face,0.75,-0.31822372052255415
sub-028,control,lateral,face,1.0,-0.3513143998836263
sub-028,control,lateral,face,1.25,-0.3674908896827976
sub-028,control,lateral,face,1.5,-0.3949132105086786
sub-028,control,lateral,face,1.75,-0.4329504271504004
sub-028,control,lateral,face,2.0,-0.4452807724786583
sub-028,control,lateral,face,2.25,-0.4908854829079657
sub-028,control,lateral,face,2.5,-0.4853256745474775
sub-028,control,lateral,face,2.75,-0.490423297922572
sub-028,control,lateral,face,3.0,-0.559892621207121
sub-028,control,lateral,face,3.25,-0.5515400154292953
sub-028,control,lateral,face,3.5,-0.5200027088401583
sub-028,control,lateral,face,3.75,-0.4955126422556699
sub-028,control,lateral,face,4.0,-0.48887390100175687
sub-028,control,lateral,face,4.25,-0.42792600358486815
sub-028,control,lateral,face,4.5,-0.3960441739280924
sub-028,control,lateral,face,4.75,-0.3342177825811078
sub-028,control,lateral,face,5.0,-0.2749710563348727
sub-028,control,medial,face,0.25,0.07048677533946637
sub-028,control,medial,face,0.5,0.0661611812414678
sub-028,control,medial,face,0.75,0.05696964386166055
sub-028,control,medial,face,1.0,0.03536004644396121
sub-028,control,medial,face,1.25,0.005219876651292532
sub-028,control,medial,face,1.5,-0.00469608399749003
sub-028,control,medial,face,1.75,-0.034823290263874505
sub-028,control,medial,face,2.0,-0.08849669294809201
sub-028,control,medial,face,2.25,-0.09941937153486291
sub-028,control,medial,face,2.5,-0.161150401153711
sub-028,control,medial,face,2.75,-0.23263928564847355
sub-028,control,medial,face,3.0,-0.29444885447809155
sub-028,control,medial,face,3.25,-0.28673143920166766
sub-028,control,medial,face,3.5,-0.2600009051057593
sub-028,control,medial,face,3.75,-0.2510773118879216
sub-028,control,medial,face,4.0,-0.2805828620756478
sub-028,control,medial,face,4.25,-0.14158783603228045
sub-028,control,medial,face,4.5,0.06392857142857143
sub-028,control,medial,face,4.75,0.00016142050040355066
sub-028,control,medial,face,5.0,0.06781746031746033
sub-028,control,whole,house,0.25,0.01997462926012417
sub-028,control,whole,house,0.5,0.04211477764159151
sub-028,control,whole,house,0.75,0.04969584839771532
sub-028,control,whole,house,1.0,0.06798030825075693
sub-028,control,whole,house,1.25,0.08859113118125217
sub-028,control,whole,house,1.5,0.09296236359365467
sub-028,control,whole,house,1.75,0.07712245427923631
sub-028,control,whole,house,2.0,0.060966584391082046
sub-028,control,whole,house,2.25,0.04831404834748804
sub-028,control,whole,house,2.5,0.023848605114461567
sub-028,control,whole,house,2.75,0.014004935736969195
sub-028,control,whole,house,3.0,0.013913371151362163
sub-028,control,whole,house,3.25,0.004742938973408555
sub-028,control,whole,house,3.5,0.022649300993212364
sub-028,control,whole,house,3.75,0.028364082852218503
sub-028,control,whole,house,4.0,0.014715268818744149
sub-028,control,whole,house,4.25,0.039965588071044576
sub-028,control,whole,house,4.5,0.04621250743769422
sub-028,control,whole,house,4.75,0.07041174500647757
sub-028,control,whole,house,5.0,0.08624271386779941
sub-028,control,lateral,house,0.25,0.043040671436993236
sub-028,control,lateral,house,0.5,0.058028575930907704
sub-028,control,lateral,house,0.75,0.07602737125806693
sub-028,control,lateral,house,1.0,0.10429131187236969
sub-028,control,lateral,house,1.25,0.13515432920667536
sub-028,control,lateral,house,1.5,0.14781848885804927
sub-028,control,lateral,house,1.75,0.1439103040496929
sub-028,control,lateral,house,2.0,0.13996497500071794
sub-028,control,lateral,house,2.25,0.140975840946537
sub-028,control,lateral,house,2.5,0.12127660418908609
sub-028,control,lateral,house,2.75,0.11211508542626485
sub-028,control,lateral,house,3.0,0.12103901925654074
sub-028,control,lateral,house,3.25,0.13491830957960924
sub-028,control,lateral,house,3.5,0.15256212833522667
sub-028,control,lateral,house,3.75,0.15430138604748067
sub-028,control,lateral,house,4.0,0.13558557084485282
sub-028,control,lateral,house,4.25,0.1571368973647532
sub-028,control,lateral,house,4.5,0.09558297998435634
sub-028,control,lateral,house,4.75,0.10717849036239124
sub-028,control,lateral,house,5.0,0.05322222614322215
sub-028,control,medial,house,0.25,-0.02809329830479388
sub-028,control,medial,house,0.5,-0.021209998765686935
sub-028,control,medial,house,0.75,-0.023292304575435376
sub-028,control,medial,house,1.0,-0.04608353047842848
sub-028,control,medial,house,1.25,-0.04999860883445055
sub-028,control,medial,house,1.5,-0.09111681868004658
sub-028,control,medial,house,1.75,-0.1326238959732919
sub-028,control,medial,house,2.0,-0.1646053450586416
sub-028,control,medial,house,2.25,-0.21135667217193066
sub-028,control,medial,house,2.5,-0.23571571030406516
sub-028,control,medial,house,2.75,-0.22857164700792076
sub-028,control,medial,house,3.0,-0.23052509554355072
sub-028,control,medial,house,3.25,-0.22097299127378514
sub-028,control,medial,house,3.5,-0.21517737428708444
sub-028,control,medial,house,3.75,-0.1525774078161665
sub-028,control,medial,house,4.0,-0.11123564147353894
sub-028,control,medial,house,4.25,-0.0673846164530276
sub-028,control,medial,house,4.5,-0.011131708169315812
sub-028,control,medial,house,4.75,0.022046651223690268
sub-028,control,medial,house,5.0,0.1366252468796265
sub-028,control,whole,object,0.25,0.27385686515732793
sub-028,control,whole,object,0.5,0.31273289234859886
sub-028,control,whole,object,0.75,0.3555110243811008
sub-028,control,whole,object,1.0,0.4042080284859216
sub-028,control,whole,object,1.25,0.4517281375443281
sub-028,control,whole,object,1.5,0.4974979498227685
sub-028,control,whole,object,1.75,0.533324120288767
sub-028,control,whole,object,2.0,0.5855867349327241
sub-028,control,whole,object,2.25,0.640289632595184
sub-028,control,whole,object,2.5,0.6898101006132255
sub-028,control,whole,object,2.75,0.7555672072506989
sub-028,control,whole,object,3.0,0.7983360021517321
sub-028,control,whole,object,3.25,0.8416616709995034
sub-028,control,whole,object,3.5,0.8803968522823331
sub-028,control,whole,object,3.75,0.8928550706061747
sub-028,control,whole,object,4.0,0.930670066939965
sub-028,control,whole,object,4.25,0.9407286037162446
sub-028,control,whole,object,4.5,0.9645431452940567
sub-028,control,whole,object,4.75,0.9806549494815677
sub-028,control,whole,object,5.0,0.9947212508486153
sub-028,control,lateral,object,0.25,0.3583847732276512
sub-028,control,lateral,object,0.5,0.40890610796240895
sub-028,control,lateral,object,0.75,0.465259010418488
sub-028,control,lateral,object,1.0,0.5246227464272266
sub-028,control,lateral,object,1.25,0.5723010964724874
sub-028,control,lateral,object,1.5,0.6222146392843821
sub-028,control,lateral,object,1.75,0.6535913310930189
sub-028,control,lateral,object,2.0,0.7124105040004083
sub-028,control,lateral,object,2.25,0.7674669892835897
sub-028,control,lateral,object,2.5,0.7960707492206704
sub-028,control,lateral,object,2.75,0.8394642670828509
sub-028,control,lateral,object,3.0,0.8783412569870183
sub-028,control,lateral,object,3.25,0.8860902626286961
sub-028,control,lateral,object,3.5,0.9078782503664684
sub-028,control,lateral,object,3.75,0.9134301984078581
sub-028,control,lateral,object,4.0,0.9418488217623164
sub-028,control,lateral,object,4.25,0.9556592870465491
sub-028,control,lateral,object,4.5,0.9763507063987339
sub-028,control,lateral,object,4.75,0.9933228602181965
sub-028,control,lateral,object,5.0,1.0
sub-028,control,medial,object,0.25,0.12028213230147308
sub-028,control,medial,object,0.5,0.14956486031212335
sub-028,control,medial,object,0.75,0.16158773247009822
sub-028,control,medial,object,1.0,0.17530058373194343
sub-028,control,medial,object,1.25,0.22396110804050626
sub-028,control,medial,object,1.5,0.24498772847010244
sub-028,control,medial,object,1.75,0.2768112144914045
sub-028,control,medial,object,2.0,0.2983963520915739
sub-028,control,medial,object,2.25,0.33779449033010694
sub-028,control,medial,object,2.5,0.3854992648900021
sub-028,control,medial,object,2.75,0.47848978302013184
sub-028,control,medial,object,3.0,0.5594329737137239
sub-028,control,medial,object,3.25,0.6852599559999846
sub-028,control,medial,object,3.5,0.7664838436267462
sub-028,control,medial,object,3.75,0.800691209847248
sub-028,control,medial,object,4.0,0.8851069860509285
sub-028,control,medial,object,4.25,0.8920609991771964
sub-028,control,medial,object,4.5,0.8809722285020704
sub-028,control,medial,object,4.75,0.9538178416409672
sub-028,control,medial,object,5.0,0.9642001548290966
sub-028,control,whole,word,0.25,-0.09974335386801778
sub-028,control,whole,word,0.5,-0.11032184202193752
sub-028,control,whole,word,0.75,-0.1354279906540487
sub-028,control,whole,word,1.0,-0.15384126726266042
sub-028,control,whole,word,1.25,-0.17382802251290097
sub-028,control,whole,word,1.5,-0.18624681722518777
sub-028,control,whole,word,1.75,-0.200685749111681
sub-028,control,whole,word,2.0,-0.22273388901748173
sub-028,control,whole,word,2.25,-0.24949633470245802
sub-028,control,whole,word,2.5,-0.27518527557665623
sub-028,control,whole,word,2.75,-0.3183520612677914
sub-028,control,whole,word,3.0,-0.37023276285368195
sub-028,control,whole,word,3.25,-0.4205998600459095
sub-028,control,whole,word,3.5,-0.4361606248873639
sub-028,control,whole,word,3.75,-0.44210386226862497
sub-028,control,whole,word,4.0,-0.44185137453334594
sub-028,control,whole,word,4.25,-0.4396340584589361
sub-028,control,whole,word,4.5,-0.4004366667586068
sub-028,control,whole,word,4.75,-0.48606333779071526
sub-028,control,whole,word,5.0,-0.4464540338332499
sub-028,control,lateral,word,0.25,-0.10173412018218686
sub-028,control,lateral,word,0.5,-0.12170672869017135
sub-028,control,lateral,word,0.75,-0.1437499539148021
sub-028,control,lateral,word,1.0,-0.16461565590284583
sub-028,control,lateral,word,1.25,-0.18967414187468173
sub-028,control,lateral,word,1.5,-0.20645098543105342
sub-028,control,lateral,word,1.75,-0.21293851701136848
sub-028,control,lateral,word,2.0,-0.23484467302217918
sub-028,control,lateral,word,2.25,-0.25451782223784947
sub-028,control,lateral,word,2.5,-0.2787906908723085
sub-028,control,lateral,word,2.75,-0.31282812548771
sub-028,control,lateral,word,3.0,-0.36105237132108414
sub-028,control,lateral,word,3.25,-0.41789394371928595
sub-028,control,lateral,word,3.5,-0.42762071768071225
sub-028,control,lateral,word,3.75,-0.452759855071417
sub-028,control,lateral,word,4.0,-0.4448981257350979
sub-028,control,lateral,word,4.25,-0.4314500691196097
sub-028,control,lateral,word,4.5,-0.4251958541190834
sub-028,control,lateral,word,4.75,-0.44167224465112087
sub-028,control,lateral,word,5.0,-0.43390129057651977
sub-028,control,medial,word,0.25,-0.07259260949785235
sub-028,control,medial,word,0.5,-0.0857932311315476
sub-028,control,medial,word,0.75,-0.10007419163864215
sub-028,control,medial,word,1.0,-0.10528206510928749
sub-028,control,medial,word,1.25,-0.10649056382246441
sub-028,control,medial,word,1.5,-0.07813212773728147
sub-028,control,medial,word,1.75,-0.10168722951044291
sub-028,control,medial,word,2.0,-0.13484262478588332
sub-028,control,medial,word,2.25,-0.130181411723367
sub-028,control,medial,word,2.5,-0.2375626817361257
sub-028,control,medial,word,2.75,-0.1179118550362404
sub-028,control,medial,word,3.0,-0.36631114611883836
sub-029,control,whole,face,0.25,-0.10660054041587014
sub-029,control,whole,face,0.5,-0.1296263968767148
sub-029,control,whole,face,0.75,-0.15144599410122192
sub-029,control,whole,face,1.0,-0.17813204625771994
sub-029,control,whole,face,1.25,-0.2005247408307809
sub-029,control,whole,face,1.5,-0.2260523754707164
sub-029,control,whole,face,1.75,-0.23608100499731477
sub-029,control,whole,face,2.0,-0.242456779169762
sub-029,control,whole,face,2.25,-0.25329045905051223
sub-029,control,whole,face,2.5,-0.2634484673598829
sub-029,control,whole,face,2.75,-0.27409516830706304
sub-029,control,whole,face,3.0,-0.29245125370458924
sub-029,control,whole,face,3.25,-0.31141009168160244
sub-029,control,whole,face,3.5,-0.3399374674965729
sub-029,control,whole,face,3.75,-0.3679654035412407
sub-029,control,whole,face,4.0,-0.39708844762815987
sub-029,control,whole,face,4.25,-0.4266201215318074
sub-029,control,whole,face,4.5,-0.4500812538165886
sub-029,control,whole,face,4.75,-0.46430570800725796
sub-029,control,whole,face,5.0,-0.47857847630195993
sub-029,control,lateral,face,0.25,-0.10205901178640783
sub-029,control,lateral,face,0.5,-0.13200634908855993
sub-029,control,lateral,face,0.75,-0.1677536536245196
sub-029,control,lateral,face,1.0,-0.20249054625660615
sub-029,control,lateral,face,1.25,-0.22786949542831558
sub-029,control,lateral,face,1.5,-0.2581584327455277
sub-029,control,lateral,face,1.75,-0.27266624776517273
sub-029,control,lateral,face,2.0,-0.2797373869666508
sub-029,control,lateral,face,2.25,-0.2854844807636711
sub-029,control,lateral,face,2.5,-0.2961812523556523
sub-029,control,lateral,face,2.75,-0.3051189591608688
sub-029,control,lateral,face,3.0,-0.3190268395385727
sub-029,control,lateral,face,3.25,-0.33861391730866125
sub-029,control,lateral,face,3.5,-0.36805393371830464
sub-029,control,lateral,face,3.75,-0.3965525833163106
sub-029,control,lateral,face,4.0,-0.4140336169051214
sub-029,control,lateral,face,4.25,-0.4412696340341078
sub-029,control,lateral,face,4.5,-0.46468123057992017
sub-029,control,lateral,face,4.75,-0.47366669769478437
sub-029,control,lateral,face,5.0,-0.4948132766925857
sub-029,control,medial,face,0.25,-0.11342344315700688
sub-029,control,medial,face,0.5,-0.11462890756041354
sub-029,control,medial,face,0.75,-0.10952107245828335
sub-029,control,medial,face,1.0,-0.10306302283369406
sub-029,control,medial,face,1.25,-0.10560133275075444
sub-029,control,medial,face,1.5,-0.09909454175573956
sub-029,control,medial,face,1.75,-0.10851334679016722
sub-029,control,medial,face,2.0,-0.10365038593934221
sub-029,control,medial,face,2.25,-0.11666028801781483
sub-029,control,medial,face,2.5,-0.12761772927674478
sub-029,control,medial,face,2.75,-0.135050230000584
sub-029,control,medial,face,3.0,-0.17932967829837554
sub-029,control,medial,face,3.25,-0.20200626989136009
sub-029,control,medial,face,3.5,-0.2426611783656334
sub-029,control,medial,face,3.75,-0.2578512306056274
sub-029,control,medial,face,4.0,-0.2972961292968821
sub-029,control,medial,face,4.25,-0.36831493769420065
sub-029,control,medial,face,4.5,-0.39654912870048087
sub-029,control,medial,face,4.75,-0.4028569265597819
sub-029,control,medial,face,5.0,-0.445855501492725
sub-029,control,whole,house,0.25,0.061527754450849195
sub-029,control,whole,house,0.5,0.0809807439466837
sub-029,control,whole,house,0.75,0.10353404914244418
sub-029,control,whole,house,1.0,0.12787506877080332
sub-029,control,whole,house,1.25,0.13061188763724252
sub-029,control,whole,house,1.5,0.12538228256290002
sub-029,control,whole,house,1.75,0.11968725577363669
sub-029,control,whole,house,2.0,0.09582372498970912
sub-029,control,whole,house,2.25,0.06389426135926372
sub-029,control,whole,house,2.5,0.04312572907735586
sub-029,control,whole,house,2.75,-0.0016334947904097891
sub-029,control,whole,house,3.0,-0.02830199268400843
sub-029,control,whole,house,3.25,-0.07949061991612377
sub-029,control,whole,house,3.5,-0.13047439873160419
sub-029,control,whole,house,3.75,-0.16068721894578922
sub-029,control,whole,house,4.0,-0.18383947191922154
sub-029,control,whole,house,4.25,-0.21328568693255484
sub-029,control,whole,house,4.5,-0.23003356680236284
sub-029,control,whole,house,4.75,-0.23395053749449468
sub-029,control,whole,house,5.0,-0.2369928503832338
sub-029,control,lateral,house,0.25,0.08047765775462175
sub-029,control,lateral,house,0.5,0.10914968649484624
sub-029,control,lateral,house,0.75,0.13321257528117889
sub-029,control,lateral,house,1.0,0.15481280019402782
sub-029,control,lateral,house,1.25,0.152705566628189
sub-029,control,lateral,house,1.5,0.13734204784180903
sub-029,control,lateral,house,1.75,0.12011299257342696
sub-029,control,lateral,house,2.0,0.07688169170263677
sub-029,control,lateral,house,2.25,0.029129546743021265
sub-029,control,lateral,house,2.5,-0.01569746172555794
sub-029,control,lateral,house,2.75,-0.06682384709732125
sub-029,control,lateral,house,3.0,-0.11897426205566138
sub-029,control,lateral,house,3.25,-0.22038616363383096
sub-029,control,lateral,house,3.5,-0.28970939818679037
sub-029,control,lateral,house,3.75,-0.3460819948076136
sub-029,control,lateral,house,4.0,-0.4089566792337907
sub-029,control,lateral,house,4.25,-0.4541329420139247
sub-029,control,lateral,house,4.5,-0.46632949023273246
sub-029,control,lateral,house,4.75,-0.468741623601974
sub-029,control,lateral,house,5.0,-0.47049001352514835
sub-029,control,medial,house,0.25,0.009199832369764703
sub-029,control,medial,house,0.5,0.020539970392551832
sub-029,control,medial,house,0.75,0.040241216696948155
sub-029,control,medial,house,1.0,0.061763057579600156
sub-029,control,medial,house,1.25,0.08816916149119039
sub-029,control,medial,house,1.5,0.10967922736078746
sub-029,control,medial,house,1.75,0.11527900353053021
sub-029,control,medial,house,2.0,0.12148947149029374
sub-029,control,medial,house,2.25,0.13743452236196113
sub-029,control,medial,house,2.5,0.1506321967886702
sub-029,control,medial,house,2.75,0.14261571521695943
sub-029,control,medial,house,3.0,0.15002142935443036
sub-029,control,medial,house,3.25,0.134374639442061
sub-029,control,medial,house,3.5,0.1420759385171668
sub-029,control,medial,house,3.75,0.13968791256604107
sub-029,control,medial,house,4.0,0.12160923870067786
sub-029,control,medial,house,4.25,0.11038444819127707
sub-029,control,medial,house,4.5,0.10586588770135587
sub-029,control,medial,house,4.75,0.09717041145834136
sub-029,control,medial,house,5.0,0.07294333341371817
sub-029,control,whole,object,0.25,0.07624339038852143
sub-029,control,whole,object,0.5,0.08243138481109633
sub-029,control,whole,object,0.75,0.08823066144494922
sub-029,control,whole,object,1.0,0.09807488711965043
sub-029,control,whole,object,1.25,0.11113201522739173
sub-029,control,whole,object,1.5,0.12634128988100962
sub-029,control,whole,object,1.75,0.13473335906482367
sub-029,control,whole,object,2.0,0.14073952997615988
sub-029,control,whole,object,2.25,0.15804965391518738
sub-029,control,whole,object,2.5,0.18213690990807493
sub-029,control,whole,object,2.75,0.20270662489882996
sub-029,control,whole,object,3.0,0.22513099768422548
sub-029,control,whole,object,3.25,0.2552514262646998
sub-029,control,whole,object,3.5,0.2849021005477671
sub-029,control,whole,object,3.75,0.2965083758347803
sub-029,control,whole,object,4.0,0.308421772090745
sub-029,control,whole,object,4.25,0.34429916740522487
sub-029,control,whole,object,4.5,0.3269519835703501
sub-029,control,whole,object,4.75,0.32488429773701294
sub-029,control,whole,object,5.0,0.32036293446196035
sub-029,control,lateral,object,0.25,0.06722486914051648
sub-029,control,lateral,object,0.5,0.0667314394828826
sub-029,control,lateral,object,0.75,0.07495838896878765
sub-029,control,lateral,object,1.0,0.08425161756137145
sub-029,control,lateral,object,1.25,0.09697397126110881
sub-029,control,lateral,object,1.5,0.11346013320998351
sub-029,control,lateral,object,1.75,0.1281187401127613
sub-029,control,lateral,object,2.0,0.1388415888656744
sub-029,control,lateral,object,2.25,0.168511011634163
sub-029,control,lateral,object,2.5,0.1998388113957412
sub-029,control,lateral,object,2.75,0.23012310423616428
sub-029,control,lateral,object,3.0,0.27731276047512904
sub-029,control,lateral,object,3.25,0.31028616106054485
sub-029,control,lateral,object,3.5,0.3374049596293819
sub-029,control,lateral,object,3.75,0.35235922287262944
sub-029,control,lateral,object,4.0,0.3726279244853319
sub-029,control,lateral,object,4.25,0.4357413451265532
sub-029,control,lateral,object,4.5,0.39222804624748947
sub-029,control,lateral,object,4.75,0.3764103541258896
sub-029,control,lateral,object,5.0,0.3567180729283952
sub-029,control,medial,object,0.25,0.09536473478282892
sub-029,control,medial,object,0.5,0.10967447535951073
sub-029,control,medial,object,0.75,0.12653221741274026
sub-029,control,medial,object,1.0,0.13921433443763437
sub-029,control,medial,object,1.25,0.15001859457400982
sub-029,control,medial,object,1.5,0.16184434751214685
sub-029,control,medial,object,1.75,0.1465364373445482
sub-029,control,medial,object,2.0,0.12324540378853888
sub-029,control,medial,object,2.25,0.12266774940715425
sub-029,control,medial,object,2.5,0.14353737824791005
sub-029,control,medial,object,2.75,0.13157352663345284
sub-029,control,medial,object,3.0,0.12973012230396655
sub-029,control,medial,object,3.25,0.12124714245895853
sub-029,control,medial,object,3.5,0.1554477857066514
sub-029,control,medial,object,3.75,0.13323660378287866
sub-029,control,medial,object,4.0,0.12703323060708513
sub-029,control,medial,object,4.25,0.1254683096797583
sub-029,control,medial,object,4.5,0.1497479601923666
sub-029,control,medial,object,4.75,0.14607355407792055
sub-029,control,medial,object,5.0,0.18439694075976892
sub-029,control,whole,word,0.25,0.08610952718393948
sub-029,control,whole,word,0.5,0.11282865412890632
sub-029,control,whole,word,0.75,0.1445664328557198
sub-029,control,whole,word,1.0,0.182651658727237
sub-029,control,whole,word,1.25,0.23293419932985593
sub-029,control,whole,word,1.5,0.3163718990156691
sub-029,control,whole,word,1.75,0.4262689838994028
sub-029,control,whole,word,2.0,0.566913816497381
sub-029,control,whole,word,2.25,0.7147874315554936
sub-029,control,whole,word,2.5,0.7836167009043911
sub-029,control,whole,word,2.75,0.872301216910908
sub-029,control,whole,word,3.0,0.965352177718541
sub-029,control,whole,word,3.25,0.9846633465031193
sub-029,control,whole,word,3.5,1.0
sub-029,control,whole,word,3.75,1.0
sub-029,control,whole,word,4.0,1.0
sub-029,control,whole,word,4.25,1.0
sub-029,control,whole,word,4.5,1.0
sub-029,control,whole,word,4.75,1.0
sub-029,control,whole,word,5.0,1.0
sub-029,control,lateral,word,0.25,0.11489905170956029
sub-029,control,lateral,word,0.5,0.14719538537805654
sub-029,control,lateral,word,0.75,0.17281369004516411
sub-029,control,lateral,word,1.0,0.2317348282628865
sub-029,control,lateral,word,1.25,0.29882341944311
sub-029,control,lateral,word,1.5,0.40277875311068906
sub-029,control,lateral,word,1.75,0.46884188668725235
sub-029,control,lateral,word,2.0,0.6208298140725904
sub-029,control,lateral,word,2.25,0.7173584171311348
sub-029,control,lateral,word,2.5,0.7762786151995041
sub-029,control,lateral,word,2.75,0.8681244419609675
sub-029,control,lateral,word,3.0,0.9503631644452877
sub-029,control,lateral,word,3.25,0.9788302960359704
sub-029,control,lateral,word,3.5,1.0
sub-029,control,lateral,word,3.75,1.0
sub-029,control,lateral,word,4.0,1.0
sub-029,control,lateral,word,4.25,1.0
sub-029,control,lateral,word,4.5,1.0
sub-029,control,lateral,word,4.75,1.0
sub-029,control,lateral,word,5.0,1.0
sub-029,control,medial,word,0.25,0.04210720741168642
sub-029,control,medial,word,0.5,0.06501613660337303
sub-029,control,medial,word,0.75,0.06886684348540983
sub-029,control,medial,word,1.0,0.08357261183854733
sub-029,control,medial,word,1.25,0.11980280790683848
sub-029,control,medial,word,1.5,0.17010203649065808
sub-029,control,medial,word,1.75,0.2637659724445208
sub-029,control,medial,word,2.0,0.43058901814093087
sub-029,control,medial,word,2.25,0.6068787223965681
sub-029,control,medial,word,2.5,0.9116472837991825
sub-029,control,medial,word,2.75,0.9292310863739435
sub-029,control,medial,word,3.0,1.0
sub-029,control,medial,word,3.25,1.0
sub-029,control,medial,word,3.5,1.0
sub-029,control,medial,word,3.75,1.0
sub-031,control,whole,face,0.25,-0.16039426945090265
sub-031,control,whole,face,0.5,-0.1686062201787326
sub-031,control,whole,face,0.75,-0.17612024495487838
sub-031,control,whole,face,1.0,-0.18463625751378537
sub-031,control,whole,face,1.25,-0.1849317685239886
sub-031,control,whole,face,1.5,-0.1956848833310717
sub-031,control,whole,face,1.75,-0.21543853687689096
sub-031,control,whole,face,2.0,-0.22014733375771425
sub-031,control,whole,face,2.25,-0.23105450934730917
sub-031,control,whole,face,2.5,-0.2328592755456906
sub-031,control,whole,face,2.75,-0.2410208175970126
sub-031,control,whole,face,3.0,-0.24721850412461285
sub-031,control,whole,face,3.25,-0.24263037026676568
sub-031,control,whole,face,3.5,-0.227723430251538
sub-031,control,whole,face,3.75,-0.23823436924447616
sub-031,control,whole,face,4.0,-0.24312723983046122
sub-031,control,whole,face,4.25,-0.24454156312976066
sub-031,control,whole,face,4.5,-0.24099308457134186
sub-031,control,whole,face,4.75,-0.24249656316195423
sub-031,control,whole,face,5.0,-0.23120837123315544
sub-031,control,lateral,face,0.25,-0.2509610622361427
sub-031,control,lateral,face,0.5,-0.26567227076387223
sub-031,control,lateral,face,0.75,-0.278258028670697
sub-031,control,lateral,face,1.0,-0.27681831474090846
sub-031,control,lateral,face,1.25,-0.2715403701725802
sub-031,control,lateral,face,1.5,-0.28540655416682437
sub-031,control,lateral,face,1.75,-0.29862652783735777
sub-031,control,lateral,face,2.0,-0.2988065662879235
sub-031,control,lateral,face,2.25,-0.29700373092773963
sub-031,control,lateral,face,2.5,-0.30378148040152253
sub-031,control,lateral,face,2.75,-0.30525012517945127
sub-031,control,lateral,face,3.0,-0.30391651511338413
sub-031,control,lateral,face,3.25,-0.29715429198576143
sub-031,control,lateral,face,3.5,-0.3041769217738229
sub-031,control,lateral,face,3.75,-0.29825442031244304
sub-031,control,lateral,face,4.0,-0.30644284232287444
sub-031,control,lateral,face,4.25,-0.2983705705524688
sub-031,control,lateral,face,4.5,-0.3008949217278889
sub-031,control,lateral,face,4.75,-0.29409158871995805
sub-031,control,lateral,face,5.0,-0.2987591055604343
sub-031,control,medial,face,0.25,-0.03146452541578762
sub-031,control,medial,face,0.5,-0.03614656583278081
sub-031,control,medial,face,0.75,-0.03366314044187073
sub-031,control,medial,face,1.0,-0.0351883353995273
sub-031,control,medial,face,1.25,-0.04189119854568826
sub-031,control,medial,face,1.5,-0.03671701477310277
sub-031,control,medial,face,1.75,-0.06373652935043
sub-031,control,medial,face,2.0,-0.03793395441441543
sub-031,control,medial,face,2.25,-0.04680838255826306
sub-031,control,medial,face,2.5,-0.054393868747896874
sub-031,control,medial,face,2.75,-0.059563237970051884
sub-031,control,medial,face,3.0,-0.027026798111305622
sub-031,control,medial,face,3.25,-0.03744706107001253
sub-031,control,medial,face,3.5,0.009618191557700786
sub-031,control,medial,face,3.75,0.02889917835330239
sub-031,control,medial,face,4.0,0.03829756376932473
sub-031,control,medial,face,4.25,0.06618356355739871
sub-031,control,medial,face,4.5,0.08118182239040457
sub-031,control,medial,face,4.75,0.0703301911155345
sub-031,control,medial,face,5.0,0.07743703685489867
sub-031,control,whole,house,0.25,0.04242974622458865
sub-031,control,whole,house,0.5,0.04024838303173963
sub-031,control,whole,house,0.75,0.043610329220784914
sub-031,control,whole,house,1.0,0.040101187863274566
sub-031,control,whole,house,1.25,0.04488053426599663
sub-031,control,whole,house,1.5,0.04570596418647735
sub-031,control,whole,house,1.75,0.04596635736031259
sub-031,control,whole,house,2.0,0.04251560835143289
sub-031,control,whole,house,2.25,0.043191055323937216
sub-031,control,whole,house,2.5,0.04231075843010256
sub-031,control,whole,house,2.75,0.05151737952395597
sub-031,control,whole,house,3.0,0.04968495989984361
sub-031,control,whole,house,3.25,0.05893836932138303
sub-031,control,whole,house,3.5,0.05221648062755989
sub-031,control,whole,house,3.75,0.05476799101852221
sub-031,control,whole,house,4.0,0.05030010689759229
sub-031,control,whole,house,4.25,0.050729441563557354
sub-031,control,whole,house,4.5,0.05269849669991842
sub-031,control,whole,house,4.75,0.04326207168306513
sub-031,control,whole,house,5.0,0.03423012680065527
sub-031,control,lateral,house,0.25,0.04673386728610235
sub-031,control,lateral,house,0.5,0.04802425958871223
sub-031,control,lateral,house,0.75,0.06244212715432632
sub-031,control,lateral,house,1.0,0.06498833282498169
sub-031,control,lateral,house,1.25,0.0735578324875194
sub-031,control,lateral,house,1.5,0.06936618929390431
sub-031,control,lateral,house,1.75,0.07600401789754542
sub-031,control,lateral,house,2.0,0.07595155807910726
sub-031,control,lateral,house,2.25,0.0771477248498234
sub-031,control,lateral,house,2.5,0.08563476285176554
sub-031,control,lateral,house,2.75,0.08009537015755828
sub-031,control,lateral,house,3.0,0.08992100372968027
sub-031,control,lateral,house,3.25,0.0927900336145262
sub-031,control,lateral,house,3.5,0.09691420789455898
sub-031,control,lateral,house,3.75,0.09291983047984179
sub-031,control,lateral,house,4.0,0.091733294082319
sub-031,control,lateral,house,4.25,0.08964895200726432
sub-031,control,lateral,house,4.5,0.08846265807975386
sub-031,control,lateral,house,4.75,0.08154864589569188
sub-031,control,lateral,house,5.0,0.07708287893906145
sub-031,control,medial,house,0.25,0.01793250028201707
sub-031,control,medial,house,0.5,0.006090038690025426
sub-031,control,medial,house,0.75,9.539164254775432e-05
sub-031,control,medial,house,1.0,-0.0377301493102465
sub-031,control,medial,house,1.25,-0.040599598713767546
sub-031,control,medial,house,1.5,-0.05734317205137485
sub-031,control,medial,house,1.75,-0.061220398070715935
sub-031,control,medial,house,2.0,-0.06617165315419105
sub-031,control,medial,house,2.25,-0.08474428955968244
sub-031,control,medial,house,2.5,-0.08245025872872346
sub-031,control,medial,house,2.75,-0.08314087186932931
sub-031,control,medial,house,3.0,-0.07012226963870266
sub-031,control,medial,house,3.25,-0.09638637831099478
sub-031,control,medial,house,3.5,-0.09642802115153654
sub-031,control,medial,house,3.75,-0.09649889324575424
sub-031,control,medial,house,4.0,-0.10916186212223133
sub-031,control,medial,house,4.25,-0.09452583522320505
sub-031,control,medial,house,4.5,-0.11125162416379752
sub-031,control,medial,house,4.75,-0.1003004858500701
sub-031,control,medial,house,5.0,-0.11676651855846215
sub-031,control,whole,object,0.25,0.009896550603002409
sub-031,control,whole,object,0.5,0.011975180479815693
sub-031,control,whole,object,0.75,0.012229048967581688
sub-031,control,whole,object,1.0,0.016999565348848156
sub-031,control,whole,object,1.25,0.015632002398975022
sub-031,control,whole,object,1.5,0.015277565609056075
sub-031,control,whole,object,1.75,0.01427977309744637
sub-031,control,whole,object,2.0,0.01225298861696567
sub-031,control,whole,object,2.25,0.012700290363275402
sub-031,control,whole,object,2.5,0.015251070162258249
sub-031,control,whole,object,2.75,0.019972203971610383
sub-031,control,whole,object,3.0,0.018391884251470304
sub-031,control,whole,object,3.25,0.017360846818443007
sub-031,control,whole,object,3.5,0.023345973750887185
sub-031,control,whole,object,3.75,0.03345464498804007
sub-031,control,whole,object,4.0,0.03169689470039841
sub-031,control,whole,object,4.25,0.039180613487565685
sub-031,control,whole,object,4.5,0.04652301807395563
sub-031,control,whole,object,4.75,0.05493123210592737
sub-031,control,whole,object,5.0,0.07168362730561753
sub-031,control,lateral,object,0.25,-0.022094973450766706
sub-031,control,lateral,object,0.5,-0.022653798539050914
sub-031,control,lateral,object,0.75,-0.023112545411585347
sub-031,control,lateral,object,1.0,-0.016612869497502052
sub-031,control,lateral,object,1.25,-0.018226735372897505
sub-031,control,lateral,object,1.5,-0.020835223353520057
sub-031,control,lateral,object,1.75,-0.020916519107691947
sub-031,control,lateral,object,2.0,-0.020624163153163275
sub-031,control,lateral,object,2.25,-0.024001951312550958
sub-031,control,lateral,object,2.5,-0.01731058476965823
sub-031,control,lateral,object,2.75,-0.015993335185372753
sub-031,control,lateral,object,3.0,-0.009038962586748758
sub-031,control,lateral,object,3.25,-0.01000851235621804
sub-031,control,lateral,object,3.5,-0.005613208834614719
sub-031,control,lateral,object,3.75,-0.003923736343607157
sub-031,control,lateral,object,4.0,0.0007959058570506072
sub-031,control,lateral,object,4.25,0.003860843410546928
sub-031,control,lateral,object,4.5,0.017668222811273015
sub-031,control,lateral,object,4.75,0.02984281450294942
sub-031,control,lateral,object,5.0,0.038693546220022815
sub-031,control,medial,object,0.25,0.09167933856784996
sub-031,control,medial,object,0.5,0.11506710230726944
sub-031,control,medial,object,0.75,0.12881533120356978
sub-031,control,medial,object,1.0,0.15161318581527777
sub-031,control,medial,object,1.25,0.1757262852688754
sub-031,control,medial,object,1.5,0.1902942304547388
sub-031,control,medial,object,1.75,0.19007015544660025
sub-031,control,medial,object,2.0,0.2026653233691205
sub-031,control,medial,object,2.25,0.21783238823626422
sub-031,control,medial,object,2.5,0.2321880388105293
sub-031,control,medial,object,2.75,0.23627432407533008
sub-031,control,medial,object,3.0,0.24180883143549156
sub-031,control,medial,object,3.25,0.2642951458911279
sub-031,control,medial,object,3.5,0.2797180549261486
sub-031,control,medial,object,3.75,0.28762100039902705
sub-031,control,medial,object,4.0,0.31669324480370425
sub-031,control,medial,object,4.25,0.3384932992529949
sub-031,control,medial,object,4.5,0.3677351945618101
sub-031,control,medial,object,4.75,0.3816664799311255
sub-031,control,medial,object,5.0,0.3892641915605381
sub-031,control,whole,word,0.25,0.07387751146996417
sub-031,control,whole,word,0.5,0.09717787749507334
sub-031,control,whole,word,0.75,0.11890445151333726
sub-031,control,whole,word,1.0,0.13216264045216194
sub-031,control,whole,word,1.25,0.11414477744209817
sub-031,control,whole,word,1.5,0.09587662004900471
sub-031,control,whole,word,1.75,0.07130712881198792
sub-031,control,whole,word,2.0,0.043572710897389365
sub-031,control,whole,word,2.25,0.011539648919620733
sub-031,control,whole,word,2.5,-0.012666036342823601
sub-031,control,whole,word,2.75,-0.014952314928548103
sub-031,control,whole,word,3.0,-0.03336550598596798
sub-031,control,whole,word,3.25,-0.055235157097926806
sub-031,control,whole,word,3.5,-0.10433034548744498
sub-031,control,whole,word,3.75,-0.13352103435672805
sub-031,control,whole,word,4.0,-0.16127346974981085
sub-031,control,whole,word,4.25,-0.18090575856681773
sub-031,control,whole,word,4.5,-0.22614132688395763
sub-031,control,whole,word,4.75,-0.23543145028114407
sub-031,control,whole,word,5.0,-0.252167752980393
sub-031,control,lateral,word,0.25,0.1024199643177631
sub-031,control,lateral,word,0.5,0.1181684423659383
sub-031,control,lateral,word,0.75,0.12165188078281268
sub-031,control,lateral,word,1.0,0.13333939804821265
sub-031,control,lateral,word,1.25,0.14092940658003691
sub-031,control,lateral,word,1.5,0.11340760082771735
sub-031,control,lateral,word,1.75,0.08444570995509137
sub-031,control,lateral,word,2.0,0.045950667991221154
sub-031,control,lateral,word,2.25,0.031238365162162097
sub-031,control,lateral,word,2.5,-0.006319352490971038
sub-031,control,lateral,word,2.75,0.002973417064819938
sub-031,control,lateral,word,3.0,-0.005657518731448461
sub-031,control,lateral,word,3.25,-0.05418602513005673
sub-031,control,lateral,word,3.5,-0.09504726364281671
sub-031,control,lateral,word,3.75,-0.12145146563856123
sub-031,control,lateral,word,4.0,-0.1673043555903369
sub-031,control,lateral,word,4.25,-0.18305824802492016
sub-031,control,lateral,word,4.5,-0.19797014297733498
sub-031,control,lateral,word,4.75,-0.2458587788606945
sub-031,control,lateral,word,5.0,-0.30225140077522467
sub-031,control,medial,word,0.25,-0.007678686717479597
sub-031,control,medial,word,0.5,0.03718389778527762
sub-031,control,medial,word,0.75,0.09077198803397325
sub-031,control,medial,word,1.0,0.09001632299116007
sub-031,control,medial,word,1.25,0.045110102674037054
sub-031,control,medial,word,1.5,-0.004072819684900672
sub-031,control,medial,word,1.75,-0.029842056607494102
sub-031,control,medial,word,2.0,-0.06898562374646158
sub-031,control,medial,word,2.25,-0.22169085373896635
sub-031,control,medial,word,2.5,-0.2349440480529534
sub-031,control,medial,word,2.75,-0.44328020940659807
sub-031,control,medial,word,3.0,-0.3925101647323869
sub-031,control,medial,word,3.25,-0.5003466771323913
sub-031,control,medial,word,3.5,-0.319490231990232
sub-031,control,medial,word,3.75,-0.3416211293260474
sub-031,control,medial,word,4.0,-0.5416225749559083
sub-031,control,medial,word,4.25,-0.4832689832689832
sub-034,control,whole,face,0.25,0.07535758281931779
sub-034,control,whole,face,0.5,0.10170734717053147
sub-034,control,whole,face,0.75,0.14341271607599373
sub-034,control,whole,face,1.0,0.17496791356218894
sub-034,control,whole,face,1.25,0.204466106070712
sub-034,control,whole,face,1.5,0.2279118336748975
sub-034,control,whole,face,1.75,0.23743533100948092
sub-034,control,whole,face,2.0,0.2705542608531454
sub-034,control,whole,face,2.25,0.26384473132089653
sub-034,control,whole,face,2.5,0.2810823317951759
sub-034,control,whole,face,2.75,0.279826785091915
sub-034,control,whole,face,3.0,0.2940102335917483
sub-034,control,whole,face,3.25,0.30499071814254225
sub-034,control,whole,face,3.5,0.2950261709846649
sub-034,control,whole,face,3.75,0.3026122273680315
sub-034,control,whole,face,4.0,0.28995723781441324
sub-034,control,whole,face,4.25,0.30626441234063984
sub-034,control,whole,face,4.5,0.29384546423689095
sub-034,control,whole,face,4.75,0.3023634643916687
sub-034,control,whole,face,5.0,0.2939535738996796
sub-034,control,lateral,face,0.25,0.0960187887532154
sub-034,control,lateral,face,0.5,0.12725021135281164
sub-034,control,lateral,face,0.75,0.16806556523208566
sub-034,control,lateral,face,1.0,0.2072083172614938
sub-034,control,lateral,face,1.25,0.22901027919441724
sub-034,control,lateral,face,1.5,0.26248573308196366
sub-034,control,lateral,face,1.75,0.2754260679828598
sub-034,control,lateral,face,2.0,0.28743737248152307
sub-034,control,lateral,face,2.25,0.2923368196678022
sub-034,control,lateral,face,2.5,0.30022793355300914
sub-034,control,lateral,face,2.75,0.2959898952215689
sub-034,control,lateral,face,3.0,0.31053145697424595
sub-034,control,lateral,face,3.25,0.3156928478610206
sub-034,control,lateral,face,3.5,0.3228762848245963
sub-034,control,lateral,face,3.75,0.32602232529040853
sub-034,control,lateral,face,4.0,0.3217489795931492
sub-034,control,lateral,face,4.25,0.3313143159985232
sub-034,control,lateral,face,4.5,0.35654591201714775
sub-034,control,lateral,face,4.75,0.34061453770895134
sub-034,control,lateral,face,5.0,0.35649486950797477
sub-034,control,medial,face,0.25,0.03274718059563149
sub-034,control,medial,face,0.5,0.05601768417835787
sub-034,control,medial,face,0.75,0.09173302714933812
sub-034,control,medial,face,1.0,0.10091490009930938
sub-034,control,medial,face,1.25,0.13340884411916812
sub-034,control,medial,face,1.5,0.13290927225655666
sub-034,control,medial,face,1.75,0.1377376436274328
sub-034,control,medial,face,2.0,0.18517649159080748
sub-034,control,medial,face,2.25,0.17045110103027988
sub-034,control,medial,face,2.5,0.1743193431249929
sub-034,control,medial,face,2.75,0.1847697051938609
sub-034,control,medial,face,3.0,0.13159139701681916
sub-034,control,medial,face,3.25,0.11407405930547965
sub-034,control,medial,face,3.5,0.07671565306457126
sub-034,control,medial,face,3.75,-0.016073883380129977
sub-034,control,medial,face,4.0,-0.0770202087348906
sub-034,control,medial,face,4.25,-0.23500123573200707
sub-034,control,medial,face,4.5,-0.38434509717294923
sub-034,control,medial,face,4.75,-0.4057085374078838
sub-034,control,medial,face,5.0,-0.46430706046090664
sub-034,control,whole,house,0.25,-0.08246659379665118
sub-034,control,whole,house,0.5,-0.08569306858717544
sub-034,control,whole,house,0.75,-0.09179455734899453
sub-034,control,whole,house,1.0,-0.09006623437699562
sub-034,control,whole,house,1.25,-0.09103374035862075
sub-034,control,whole,house,1.5,-0.08676895893553123
sub-034,control,whole,house,1.75,-0.08685182446838607
sub-034,control,whole,house,2.0,-0.08792896740125222
sub-034,control,whole,house,2.25,-0.0972351612126214
sub-034,control,whole,house,2.5,-0.09595273152337501
sub-034,control,whole,house,2.75,-0.10605556167668341
sub-034,control,whole,house,3.0,-0.11237907507130213
sub-034,control,whole,house,3.25,-0.10242189789228348
sub-034,control,whole,house,3.5,-0.10165718356086749
sub-034,control,whole,house,3.75,-0.10922851900179331
sub-034,control,whole,house,4.0,-0.10573325361288045
sub-034,control,whole,house,4.25,-0.09887277266226632
sub-034,control,whole,house,4.5,-0.09233868717348068
sub-034,control,whole,house,4.75,-0.1075118159151352
sub-034,control,whole,house,5.0,-0.10652532531110095
sub-034,control,lateral,house,0.25,-0.09905387006484656
sub-034,control,lateral,house,0.5,-0.09361981886136261
sub-034,control,lateral,house,0.75,-0.0925452166876826
sub-034,control,lateral,house,1.0,-0.08267215513074301
sub-034,control,lateral,house,1.25,-0.07978437636500295
sub-034,control,lateral,house,1.5,-0.07400063683256108
sub-034,control,lateral,house,1.75,-0.052836250312425684
sub-034,control,lateral,house,2.0,-0.056663071317021536
sub-034,control,lateral,house,2.25,-0.06162482319180182
sub-034,control,lateral,house,2.5,-0.058150809541216875
sub-034,control,lateral,house,2.75,-0.06128744090059762
sub-034,control,lateral,house,3.0,-0.06514591201272366
sub-034,control,lateral,house,3.25,-0.056721095925263476
sub-034,control,lateral,house,3.5,-0.05496714763384272
sub-034,control,lateral,house,3.75,-0.06548658741488471
sub-034,control,lateral,house,4.0,-0.06153556545729153
sub-034,control,lateral,house,4.25,-0.05204741413674006
sub-034,control,lateral,house,4.5,-0.040568080630336026
sub-034,control,lateral,house,4.75,-0.040797982745421645
sub-034,control,lateral,house,5.0,-0.04253084454762525
sub-034,control,medial,house,0.25,-0.05181822840275207
sub-034,control,medial,house,0.5,-0.06357377264044836
sub-034,control,medial,house,0.75,-0.08110450014025689
sub-034,control,medial,house,1.0,-0.09944762638700741
sub-034,control,medial,house,1.25,-0.12498068999094496
sub-034,control,medial,house,1.5,-0.13369518562183008
sub-034,control,medial,house,1.75,-0.1478028528320493
sub-034,control,medial,house,2.0,-0.15975790871933543
sub-034,control,medial,house,2.25,-0.19933404955142933
sub-034,control,medial,house,2.5,-0.2034930457900561
sub-034,control,medial,house,2.75,-0.19800471670860895
sub-034,control,medial,house,3.0,-0.196745704207838
sub-034,control,medial,house,3.25,-0.17761238800542173
sub-034,control,medial,house,3.5,-0.1965957261114669
sub-034,control,medial,house,3.75,-0.1897648465841908
sub-034,control,medial,house,4.0,-0.20574580297699469
sub-034,control,medial,house,4.25,-0.2078900294031896
sub-034,control,medial,house,4.5,-0.2051007471921854
sub-034,control,medial,house,4.75,-0.27080055299892075
sub-034,control,medial,house,5.0,-0.3040434746387023
sub-034,control,whole,object,0.25,0.02814245829829507
sub-034,control,whole,object,0.5,0.037662851105838106
sub-034,control,whole,object,0.75,0.037077188891551066
sub-034,control,whole,object,1.0,0.038693501501370804
sub-034,control,whole,object,1.25,0.029775547977688534
sub-034,control,whole,object,1.5,0.019881250811705383
sub-034,control,whole,object,1.75,0.004047428888447832
sub-034,control,whole,object,2.0,-0.000885449602938281
sub-034,control,whole,object,2.25,-0.0046103033744412355
sub-034,control,whole,object,2.5,-0.008195457979861613
sub-034,control,whole,object,2.75,-0.00876833000991175
sub-034,control,whole,object,3.0,-0.03825393429611597
sub-034,control,whole,object,3.25,-0.058715923226262914
sub-034,control,whole,object,3.5,-0.07922829695046742
sub-034,control,whole,object,3.75,-0.07956474570766603
sub-034,control,whole,object,4.0,-0.08745721888489678
sub-034,control,whole,object,4.25,-0.09687950472492426
sub-034,control,whole,object,4.5,-0.10421225255135065
sub-034,control,whole,object,4.75,-0.11196520574617791
sub-034,control,whole,object,5.0,-0.13169164431761227
sub-034,control,lateral,object,0.25,0.06615254285811191
sub-034,control,lateral,object,0.5,0.08203876947724793
sub-034,control,lateral,object,0.75,0.09179433721823699
sub-034,control,lateral,object,1.0,0.0961505851444592
sub-034,control,lateral,object,1.25,0.08099136459236651
sub-034,control,lateral,object,1.5,0.0716928010861125
sub-034,control,lateral,object,1.75,0.05643730439601901
sub-034,control,lateral,object,2.0,0.04809913282412756
sub-034,control,lateral,object,2.25,0.03987137184438498
sub-034,control,lateral,object,2.5,0.03004352966409123
sub-034,control,lateral,object,2.75,0.017536484090207582
sub-034,control,lateral,object,3.0,-0.016887160261171322
sub-034,control,lateral,object,3.25,-0.04019981816312683
sub-034,control,lateral,object,3.5,-0.07026938336138207
sub-034,control,lateral,object,3.75,-0.07563953395397624
sub-034,control,lateral,object,4.0,-0.09026686496357332
sub-034,control,lateral,object,4.25,-0.1051006921760939
sub-034,control,lateral,object,4.5,-0.112061472514389
sub-034,control,lateral,object,4.75,-0.11530807116349198
sub-034,control,lateral,object,5.0,-0.1346289113936886
sub-034,control,medial,object,0.25,-0.06827834103918544
sub-034,control,medial,object,0.5,-0.07707349178585889
sub-034,control,medial,object,0.75,-0.09495529756131277
sub-034,control,medial,object,1.0,-0.09376258804412667
sub-034,control,medial,object,1.25,-0.10612371088856158
sub-034,control,medial,object,1.5,-0.12803299459178225
sub-034,control,medial,object,1.75,-0.13413339162802917
sub-034,control,medial,object,2.0,-0.14436285811094737
sub-034,control,medial,object,2.25,-0.15798354187258795
sub-034,control,medial,object,2.5,-0.12596371006146612
sub-034,control,medial,object,2.75,-0.10133820862232432
sub-034,control,medial,object,3.0,-0.11080561920444122
sub-034,control,medial,object,3.25,-0.10508061866981558
sub-034,control,medial,object,3.5,-0.1218182762954381
sub-034,control,medial,object,3.75,-0.12051196691790056
sub-034,control,medial,object,4.0,-0.08838638565716957
sub-034,control,medial,object,4.25,-0.08016758637151675
sub-034,control,medial,object,4.5,-0.046569997592922865
sub-034,control,medial,object,4.75,0.014620598277032758
sub-034,control,medial,object,5.0,0.05197614907937967
sub-034,control,whole,word,0.25,0.26355935885293746
sub-034,control,whole,word,0.5,0.33932192081165025
sub-034,control,whole,word,0.75,0.3984453095372737
sub-034,control,whole,word,1.0,0.4605038008838055
sub-034,control,whole,word,1.25,0.5161562170204241
sub-034,control,whole,word,1.5,0.5669286707976579
sub-034,control,whole,word,1.75,0.6220829764720512
sub-034,control,whole,word,2.0,0.6687456804457156
sub-034,control,whole,word,2.25,0.7243900625311395
sub-034,control,whole,word,2.5,0.7779196573868853
sub-034,control,whole,word,2.75,0.8161877072200192
sub-034,control,whole,word,3.0,0.8609135704234399
sub-034,control,whole,word,3.25,0.9124501923958611
sub-034,control,whole,word,3.5,0.937934509226936
sub-034,control,whole,word,3.75,0.9644239513860791
sub-034,control,whole,word,4.0,0.982492248333847
sub-034,control,whole,word,4.25,0.9906820856083794
sub-034,control,whole,word,4.5,0.9940603143865163
sub-034,control,whole,word,4.75,1.0
sub-034,control,whole,word,5.0,1.0
sub-034,control,lateral,word,0.25,0.2527239395670562
sub-034,control,lateral,word,0.5,0.3472814058526011
sub-034,control,lateral,word,0.75,0.43653634871245556
sub-034,control,lateral,word,1.0,0.5365564244541199
sub-034,control,lateral,word,1.25,0.6195934890112196
sub-034,control,lateral,word,1.5,0.6966299881953931
sub-034,control,lateral,word,1.75,0.7752205377727097
sub-034,control,lateral,word,2.0,0.8113605492045266
sub-034,control,lateral,word,2.25,0.854248745240286
sub-034,control,lateral,word,2.5,0.9039581091010035
sub-034,control,lateral,word,2.75,0.9299979299171262
sub-034,control,lateral,word,3.0,0.9547722981520695
sub-034,control,lateral,word,3.25,0.980549699783123
sub-034,control,lateral,word,3.5,0.9967125198417244
sub-034,control,lateral,word,3.75,1.0
sub-034,control,lateral,word,4.0,1.0
sub-034,control,lateral,word,4.25,1.0
sub-034,control,lateral,word,4.5,1.0
sub-034,control,lateral,word,4.75,1.0
sub-034,control,lateral,word,5.0,1.0
sub-034,control,medial,word,0.25,0.28570084745668056
sub-034,control,medial,word,0.5,0.3174000891206298
sub-034,control,medial,word,0.75,0.3382414655230819
sub-034,control,medial,word,1.0,0.3520003591542277
sub-034,control,medial,word,1.25,0.33657435520153656
sub-034,control,medial,word,1.5,0.37237287209556524
sub-034,control,medial,word,1.75,0.39769241256994226
sub-034,control,medial,word,2.0,0.4127821291034923
sub-034,control,medial,word,2.25,0.47000371726638845
sub-034,control,medial,word,2.5,0.5393510899766281
sub-034,control,medial,word,2.75,0.5489616796648386
sub-034,control,medial,word,3.0,0.6277842074665204
sub-034,control,medial,word,3.25,0.7325708356574193
sub-034,control,medial,word,3.5,0.7915737332608209
sub-034,control,medial,word,3.75,0.8731601265443693
sub-034,control,medial,word,4.0,0.9496797069117974
sub-034,control,medial,word,4.25,0.9719318200856278
sub-034,control,medial,word,4.5,0.9893563760152563
sub-034,control,medial,word,4.75,1.0
sub-034,control,medial,word,5.0,1.0
sub-035,control,whole,face,0.25,-0.07742027502503665
sub-035,control,whole,face,0.5,-0.07482397837560545
sub-035,control,whole,face,0.75,-0.0717386523615867
sub-035,control,whole,face,1.0,-0.07414233605532301
sub-035,control,whole,face,1.25,-0.0782532940607813
sub-035,control,whole,face,1.5,-0.09670906399756386
sub-035,control,whole,face,1.75,-0.10009416161731971
sub-035,control,whole,face,2.0,-0.1179044381084103
sub-035,control,whole,face,2.25,-0.1349064713031914
sub-035,control,whole,face,2.5,-0.1554697481760081
sub-035,control,whole,face,2.75,-0.18278869748356497
sub-035,control,whole,face,3.0,-0.2065815828865032
sub-035,control,whole,face,3.25,-0.23081678209459378
sub-035,control,whole,face,3.5,-0.2572626424947073
sub-035,control,whole,face,3.75,-0.26719633008367
sub-035,control,whole,face,4.0,-0.28186762197646315
sub-035,control,whole,face,4.25,-0.31173727345781027
sub-035,control,whole,face,4.5,-0.34684032124260206
sub-035,control,whole,face,4.75,-0.38876029745116414
sub-035,control,whole,face,5.0,-0.4052818300225411
sub-035,control,lateral,face,0.25,-0.06054437323727843
sub-035,control,lateral,face,0.5,-0.07546296612204126
sub-035,control,lateral,face,0.75,-0.08963683586405566
sub-035,control,lateral,face,1.0,-0.11374084703167142
sub-035,control,lateral,face,1.25,-0.1391304052670055
sub-035,control,lateral,face,1.5,-0.17940954038060805
sub-035,control,lateral,face,1.75,-0.19650365639011053
sub-035,control,lateral,face,2.0,-0.21806196683295412
sub-035,control,lateral,face,2.25,-0.23843637960951644
sub-035,control,lateral,face,2.5,-0.269525246723124
sub-035,control,lateral,face,2.75,-0.2912419635155706
sub-035,control,lateral,face,3.0,-0.30558352308593223
sub-035,control,lateral,face,3.25,-0.34193183528556026
sub-035,control,lateral,face,3.5,-0.38310642341484263
sub-035,control,lateral,face,3.75,-0.38628550317366767
sub-035,control,lateral,face,4.0,-0.4093547005109954
sub-035,control,lateral,face,4.25,-0.44883689549938277
sub-035,control,lateral,face,4.5,-0.4737587504383501
sub-035,control,lateral,face,4.75,-0.5088985894536738
sub-035,control,lateral,face,5.0,-0.5331850700464829
sub-035,control,medial,face,0.25,-0.10260634649239013
sub-035,control,medial,face,0.5,-0.07681287912806423
sub-035,control,medial,face,0.75,-0.052881548345420075
sub-035,control,medial,face,1.0,0.011777551849744081
sub-035,control,medial,face,1.25,0.05919287671281166
sub-035,control,medial,face,1.5,0.12012812714360985
sub-035,control,medial,face,1.75,0.16184953675906524
sub-035,control,medial,face,2.0,0.21546795469137314
sub-035,control,medial,face,2.25,0.22748961203089227
sub-035,control,medial,face,2.5,0.27974404485791526
sub-035,control,medial,face,2.75,0.27664251067773793
sub-035,control,medial,face,3.0,0.2513542186995848
sub-035,control,medial,face,3.25,0.27702464143457206
sub-035,control,medial,face,3.5,0.23544944259836742
sub-035,control,medial,face,3.75,0.249029556283073
sub-035,control,medial,face,4.0,0.28176394220094786
sub-035,control,medial,face,4.25,0.2858465340458442
sub-035,control,medial,face,4.5,0.23715261446793098
sub-035,control,medial,face,4.75,0.19313165712488206
sub-035,control,medial,face,5.0,0.18663881218766804
sub-035,control,whole,house,0.25,0.001932279676477665
sub-035,control,whole,house,0.5,-0.013046532660875599
sub-035,control,whole,house,0.75,-0.0296739540442039
sub-035,control,whole,house,1.0,-0.05042788179525326
sub-035,control,whole,house,1.25,-0.08162501612414162
sub-035,control,whole,house,1.5,-0.1128854706313789
sub-035,control,whole,house,1.75,-0.142831270973063
sub-035,control,whole,house,2.0,-0.17593891103949005
sub-035,control,whole,house,2.25,-0.20782270014224247
sub-035,control,whole,house,2.5,-0.2424111660081658
sub-035,control,whole,house,2.75,-0.2750875479288263
sub-035,control,whole,house,3.0,-0.30560426243198857
sub-035,control,whole,house,3.25,-0.332758177791028
sub-035,control,whole,house,3.5,-0.35551004974281253
sub-035,control,whole,house,3.75,-0.35250427217408314
sub-035,control,whole,house,4.0,-0.3351415647554291
sub-035,control,whole,house,4.25,-0.3470716454405312
sub-035,control,whole,house,4.5,-0.34435806981584605
sub-035,control,whole,house,4.75,-0.3603781335125311
sub-035,control,whole,house,5.0,-0.3690878841242764
sub-035,control,lateral,house,0.25,-0.012322930883349174
sub-035,control,lateral,house,0.5,-0.03223428441869252
sub-035,control,lateral,house,0.75,-0.06247189692213943
sub-035,control,lateral,house,1.0,-0.09105068287417971
sub-035,control,lateral,house,1.25,-0.13004967407641518
sub-035,control,lateral,house,1.5,-0.16954284812255316
sub-035,control,lateral,house,1.75,-0.2110039304206106
sub-035,control,lateral,house,2.0,-0.26176194983261425
sub-035,control,lateral,house,2.25,-0.30959610936969056
sub-035,control,lateral,house,2.5,-0.34265808976341433
sub-035,control,lateral,house,2.75,-0.38469229679731703
sub-035,control,lateral,house,3.0,-0.41186057736070447
sub-035,control,lateral,house,3.25,-0.44818839593661525
sub-035,control,lateral,house,3.5,-0.4613352508668612
sub-035,control,lateral,house,3.75,-0.4691388731418663
sub-035,control,lateral,house,4.0,-0.45975918874371596
sub-035,control,lateral,house,4.25,-0.47103037944093457
sub-035,control,lateral,house,4.5,-0.4767480092958125
sub-035,control,lateral,house,4.75,-0.481292787775493
sub-035,control,lateral,house,5.0,-0.5130439666633696
sub-035,control,medial,house,0.25,0.025709644731521694
sub-035,control,medial,house,0.5,0.01914808664638299
sub-035,control,medial,house,0.75,0.020847664951190774
sub-035,control,medial,house,1.0,0.013001102443652802
sub-035,control,medial,house,1.25,-0.0012316336532848524
sub-035,control,medial,house,1.5,-0.024351291412925517
sub-035,control,medial,house,1.75,-0.03272349999010083
sub-035,control,medial,house,2.0,-0.03164074705282567
sub-035,control,medial,house,2.25,-0.027682275466404782
sub-035,control,medial,house,2.5,-0.061123771268970895
sub-035,control,medial,house,2.75,-0.05714056179386593
sub-035,control,medial,house,3.0,-0.06976024036230791
sub-035,control,medial,house,3.25,-0.08733433436990472
sub-035,control,medial,house,3.5,-0.09217280128384625
sub-035,control,medial,house,3.75,-0.06820448598832808
sub-035,control,medial,house,4.0,-0.032416887563807645
sub-035,control,medial,house,4.25,-0.042277987137405534
sub-035,control,medial,house,4.5,-0.03901611752381271
sub-035,control,medial,house,4.75,-0.04736397938794859
sub-035,control,medial,house,5.0,0.010100619414612601
sub-035,control,whole,object,0.25,0.14986545596222847
sub-035,control,whole,object,0.5,0.20140480446904324
sub-035,control,whole,object,0.75,0.2531911220430903
sub-035,control,whole,object,1.0,0.2972014385443238
sub-035,control,whole,object,1.25,0.3259583659765743
sub-035,control,whole,object,1.5,0.36605935528788053
sub-035,control,whole,object,1.75,0.40311264858705775
sub-035,control,whole,object,2.0,0.4545546949068788
sub-035,control,whole,object,2.25,0.4954922156518266
sub-035,control,whole,object,2.5,0.5309236763875904
sub-035,control,whole,object,2.75,0.5974379894941577
sub-035,control,whole,object,3.0,0.6576269253603176
sub-035,control,whole,object,3.25,0.7098279511125832
sub-035,control,whole,object,3.5,0.7624982423194214
sub-035,control,whole,object,3.75,0.8219604568840481
sub-035,control,whole,object,4.0,0.9116205402590506
sub-035,control,whole,object,4.25,0.966598153511149
sub-035,control,whole,object,4.5,1.0
sub-035,control,whole,object,4.75,1.0
sub-035,control,whole,object,5.0,1.0
sub-035,control,lateral,object,0.25,0.183733407949491
sub-035,control,lateral,object,0.5,0.2215363311764832
sub-035,control,lateral,object,0.75,0.24648974703651724
sub-035,control,lateral,object,1.0,0.2821001040007351
sub-035,control,lateral,object,1.25,0.3091169674147316
sub-035,control,lateral,object,1.5,0.3553614985559669
sub-035,control,lateral,object,1.75,0.38449395598247627
sub-035,control,lateral,object,2.0,0.4428601221726355
sub-035,control,lateral,object,2.25,0.48059316788239465
sub-035,control,lateral,object,2.5,0.5325498241657528
sub-035,control,lateral,object,2.75,0.5970296314783013
sub-035,control,lateral,object,3.0,0.6534547811470988
sub-035,control,lateral,object,3.25,0.7175521228198382
sub-035,control,lateral,object,3.5,0.7549018368627637
sub-035,control,lateral,object,3.75,0.8219896329941061
sub-035,control,lateral,object,4.0,0.9110758643897505
sub-035,control,lateral,object,4.25,0.9768985864893165
sub-035,control,lateral,object,4.5,1.0
sub-035,control,lateral,object,4.75,1.0
sub-035,control,lateral,object,5.0,1.0
sub-035,control,medial,object,0.25,0.05274865389624361
sub-035,control,medial,object,0.5,0.14472026093422857
sub-035,control,medial,object,0.75,0.27420507402081545
sub-035,control,medial,object,1.0,0.397282318772046
sub-035,control,medial,object,1.25,0.5162391388797181
sub-035,control,medial,object,1.5,0.5915818521729639
sub-035,control,medial,object,1.75,0.7501121420191765
sub-035,control,medial,object,2.0,1.0
sub-035,control,medial,object,2.25,1.0
sub-035,control,medial,object,2.5,1.0
sub-035,control,whole,word,0.25,0.08526391314115933
sub-035,control,whole,word,0.5,0.07776318182187145
sub-035,control,whole,word,0.75,0.07881987927260364
sub-035,control,whole,word,1.0,0.017907309092893425
sub-035,control,whole,word,1.25,-0.0005242448409087987
sub-035,control,whole,word,1.5,0.005854767282273505
sub-035,control,whole,word,1.75,-0.018517736664383503
sub-035,control,whole,word,2.0,-0.06908668255302568
sub-035,control,whole,word,2.25,-0.06578668490363421
sub-035,control,whole,word,2.5,-0.17336443130429588
sub-035,control,whole,word,2.75,-0.1615059270231684
sub-035,control,whole,word,3.0,-0.1509088134088134
sub-035,control,whole,word,3.25,-0.6305966064586754
sub-035,control,lateral,word,0.25,0.28898252089188375
sub-035,control,lateral,word,0.5,0.3586906534834746
sub-035,control,lateral,word,0.75,0.48880353380246133
sub-035,control,lateral,word,1.0,0.5860828417367013
sub-035,control,lateral,word,1.25,0.6551956070097371
sub-035,control,lateral,word,1.5,0.800896425032508
sub-035,control,lateral,word,1.75,0.8520372455964311
sub-035,control,lateral,word,2.0,0.9577630423684034
sub-035,control,lateral,word,2.25,1.0
sub-035,control,lateral,word,2.5,1.0
sub-035,control,lateral,word,2.75,1.0
sub-035,control,medial,word,0.25,-0.03384504425936818
sub-035,control,medial,word,0.5,-0.07525140110503081
sub-035,control,medial,word,0.75,-0.1279547295192823
sub-035,control,medial,word,1.0,-0.24470145677462082
sub-035,control,medial,word,1.25,-0.29581522869902327
sub-035,control,medial,word,1.5,-0.3052367914934633
sub-035,control,medial,word,1.75,-0.35561419388881604
sub-035,control,medial,word,2.0,-0.3712233059037984
sub-035,control,medial,word,2.25,-0.4064280776178505
sub-035,control,medial,word,2.5,-0.5192005312694967
sub-035,control,medial,word,2.75,-0.5701298701298702
sub-035,control,medial,word,3.0,-0.4733722060252672
sub-036,control,whole,face,0.25,-0.20507056936147058
sub-036,control,whole,face,0.5,-0.2436934204542856
sub-036,control,whole,face,0.75,-0.2935846485095564
sub-036,control,whole,face,1.0,-0.33341221650900876
sub-036,control,whole,face,1.25,-0.37560386800404705
sub-036,control,whole,face,1.5,-0.39834200277027176
sub-036,control,whole,face,1.75,-0.4260276228991172
sub-036,control,whole,face,2.0,-0.454949576678872
sub-036,control,whole,face,2.25,-0.46971753295523166
sub-036,control,whole,face,2.5,-0.4997851898794615
sub-036,control,whole,face,2.75,-0.5165610313046985
sub-036,control,whole,face,3.0,-0.535757730777059
sub-036,control,whole,face,3.25,-0.5423364487864187
sub-036,control,whole,face,3.5,-0.5478823210324267
sub-036,control,whole,face,3.75,-0.5613590218885465
sub-036,control,whole,face,4.0,-0.5614482238459141
sub-036,control,whole,face,4.25,-0.5547288332617984
sub-036,control,whole,face,4.5,-0.5537218081576865
sub-036,control,whole,face,4.75,-0.5526199004940958
sub-036,control,whole,face,5.0,-0.5558624248056127
sub-036,control,lateral,face,0.25,-0.28586264572115977
sub-036,control,lateral,face,0.5,-0.347032256692645
sub-036,control,lateral,face,0.75,-0.3989312008242614
sub-036,control,lateral,face,1.0,-0.451120391334002
sub-036,control,lateral,face,1.25,-0.49025674318873697
sub-036,control,lateral,face,1.5,-0.5158277478616415
sub-036,control,lateral,face,1.75,-0.5470727919567777
sub-036,control,lateral,face,2.0,-0.5655014502131192
sub-036,control,lateral,face,2.25,-0.5863800506439927
sub-036,control,lateral,face,2.5,-0.5926527332193864
sub-036,control,lateral,face,2.75,-0.6061805987773893
sub-036,control,lateral,face,3.0,-0.6093318708898368
sub-036,control,lateral,face,3.25,-0.6227213249750138
sub-036,control,lateral,face,3.5,-0.6256173799657024
sub-036,control,lateral,face,3.75,-0.6341488263418117
sub-036,control,lateral,face,4.0,-0.6386611119337556
sub-036,control,lateral,face,4.25,-0.6380409880725856
sub-036,control,lateral,face,4.5,-0.64268215093396
sub-036,control,lateral,face,4.75,-0.6334895733004141
sub-036,control,lateral,face,5.0,-0.6263492194928678
sub-036,control,medial,face,0.25,-0.04996918480336958
sub-036,control,medial,face,0.5,-0.06007616527429157
sub-036,control,medial,face,0.75,-0.07935165518919661
sub-036,control,medial,face,1.0,-0.09270734131906094
sub-036,control,medial,face,1.25,-0.10388933735204485
sub-036,control,medial,face,1.5,-0.1034951778109626
sub-036,control,medial,face,1.75,-0.09674461581235975
sub-036,control,medial,face,2.0,-0.11460602500297189
sub-036,control,medial,face,2.25,-0.09628486016084574
sub-036,control,medial,face,2.5,-0.16254671982164573
sub-036,control,medial,face,2.75,-0.18402041919414813
sub-036,control,medial,face,3.0,-0.1895427974092877
sub-036,control,medial,face,3.25,-0.18675285340490957
sub-036,control,medial,face,3.5,-0.1770297258801426
sub-036,control,medial,face,3.75,-0.15349066501382128
sub-036,control,medial,face,4.0,-0.1010813472144388
sub-036,control,medial,face,4.25,-0.034223412019410954
sub-036,control,medial,face,4.5,-0.04896870592276643
sub-036,control,medial,face,4.75,-0.032135047787597355
sub-036,control,medial,face,5.0,0.005812212033830187
sub-036,control,whole,house,0.25,-0.08477410916227746
sub-036,control,whole,house,0.5,-0.10763038072572853
sub-036,control,whole,house,0.75,-0.11627266574288042
sub-036,control,whole,house,1.0,-0.13418569450281528
sub-036,control,whole,house,1.25,-0.14513375221447983
sub-036,control,whole,house,1.5,-0.1582777591549891
sub-036,control,whole,house,1.75,-0.1747428561421382
sub-036,control,whole,house,2.0,-0.18444147922714269
sub-036,control,whole,house,2.25,-0.1976557709902065
sub-036,control,whole,house,2.5,-0.2164254768455237
sub-036,control,whole,house,2.75,-0.23355609672442867
sub-036,control,whole,house,3.0,-0.25849295273802925
sub-036,control,whole,house,3.25,-0.27168840954326084
sub-036,control,whole,house,3.5,-0.2947378067839971
sub-036,control,whole,house,3.75,-0.32569338714866963
sub-036,control,whole,house,4.0,-0.3338266930402415
sub-036,control,whole,house,4.25,-0.35079804484905475
sub-036,control,whole,house,4.5,-0.37075651466736576
sub-036,control,whole,house,4.75,-0.3970422315196662
sub-036,control,whole,house,5.0,-0.4081606582003225
sub-036,control,lateral,house,0.25,-0.09744529701312712
sub-036,control,lateral,house,0.5,-0.10813309298199447
sub-036,control,lateral,house,0.75,-0.11313376235248242
sub-036,control,lateral,house,1.0,-0.10816624729486987
sub-036,control,lateral,house,1.25,-0.09232558625377736
sub-036,control,lateral,house,1.5,-0.08543144328777635
sub-036,control,lateral,house,1.75,-0.09253478254415638
sub-036,control,lateral,house,2.0,-0.09859852648744932
sub-036,control,lateral,house,2.25,-0.10149215874420997
sub-036,control,lateral,house,2.5,-0.11345333996790583
sub-036,control,lateral,house,2.75,-0.12238087004130652
sub-036,control,lateral,house,3.0,-0.12525765136163433
sub-036,control,lateral,house,3.25,-0.139004447737554
sub-036,control,lateral,house,3.5,-0.16122130751700672
sub-036,control,lateral,house,3.75,-0.18110354069015788
sub-036,control,lateral,house,4.0,-0.182854341776395
sub-036,control,lateral,house,4.25,-0.1780127431867351
sub-036,control,lateral,house,4.5,-0.19664545163061742
sub-036,control,lateral,house,4.75,-0.20994193461294902
sub-036,control,lateral,house,5.0,-0.20218941568977544
sub-036,control,medial,house,0.25,-0.0747500931463725
sub-036,control,medial,house,0.5,-0.103515593635224
sub-036,control,medial,house,0.75,-0.12735477030623082
sub-036,control,medial,house,1.0,-0.1675573304666844
sub-036,control,medial,house,1.25,-0.1902434595146446
sub-036,control,medial,house,1.5,-0.22357813062044102
sub-036,control,medial,house,1.75,-0.23877021309077132
sub-036,control,medial,house,2.0,-0.26768654848092344
sub-036,control,medial,house,2.25,-0.29109119325800414
sub-036,control,medial,house,2.5,-0.30872865461163684
sub-036,control,medial,house,2.75,-0.3396797005539928
sub-036,control,medial,house,3.0,-0.3755909849782991
sub-036,control,medial,house,3.25,-0.38580768105368546
sub-036,control,medial,house,3.5,-0.42161453235178387
sub-036,control,medial,house,3.75,-0.44022093794006245
sub-036,control,medial,house,4.0,-0.4515352462730843
sub-036,control,medial,house,4.25,-0.48538749787997715
sub-036,control,medial,house,4.5,-0.502497251705043
sub-036,control,medial,house,4.75,-0.5366580602946912
sub-036,control,medial,house,5.0,-0.5500408238651137
sub-036,control,whole,object,0.25,0.09205007318966638
sub-036,control,whole,object,0.5,0.10415290813077116
sub-036,control,whole,object,0.75,0.11056645517562463
sub-036,control,whole,object,1.0,0.10880421723832188
sub-036,control,whole,object,1.25,0.11949328973598487
sub-036,control,whole,object,1.5,0.1035255661815603
sub-036,control,whole,object,1.75,0.09900850339175102
sub-036,control,whole,object,2.0,0.09374878677492493
sub-036,control,whole,object,2.25,0.09543343579715058
sub-036,control,whole,object,2.5,0.10470706697980049
sub-036,control,whole,object,2.75,0.12341283896443853
sub-036,control,whole,object,3.0,0.14085290899150396
sub-036,control,whole,object,3.25,0.17447855157135403
sub-036,control,whole,object,3.5,0.19214711332653278
sub-036,control,whole,object,3.75,0.2147270385533524
sub-036,control,whole,object,4.0,0.22830104104598153
sub-036,control,whole,object,4.25,0.24032784839898713
sub-036,control,whole,object,4.5,0.24677945264416373
sub-036,control,whole,object,4.75,0.2568973038267335
sub-036,control,whole,object,5.0,0.2641741331355166
sub-036,control,lateral,object,0.25,0.13448359449886305
sub-036,control,lateral,object,0.5,0.14287098071545512
sub-036,control,lateral,object,0.75,0.1528664497297958
sub-036,control,lateral,object,1.0,0.15247829970971985
sub-036,control,lateral,object,1.25,0.15429209858167447
sub-036,control,lateral,object,1.5,0.13719490369799892
sub-036,control,lateral,object,1.75,0.13460736028177084
sub-036,control,lateral,object,2.0,0.13044155260211235
sub-036,control,lateral,object,2.25,0.13867225270122396
sub-036,control,lateral,object,2.5,0.1414281030021853
sub-036,control,lateral,object,2.75,0.15907644690374445
sub-036,control,lateral,object,3.0,0.18977926911435625
sub-036,control,lateral,object,3.25,0.20541405031344412
sub-036,control,lateral,object,3.5,0.24132167934948928
sub-036,control,lateral,object,3.75,0.2613827274572888
sub-036,control,lateral,object,4.0,0.2661898844698188
sub-036,control,lateral,object,4.25,0.28287510474297206
sub-036,control,lateral,object,4.5,0.2940837129459491
sub-036,control,lateral,object,4.75,0.29586417153857675
sub-036,control,lateral,object,5.0,0.31145244510143916
sub-036,control,medial,object,0.25,0.01977166305046429
sub-036,control,medial,object,0.5,0.03253211013581288
sub-036,control,medial,object,0.75,0.03494594516036804
sub-036,control,medial,object,1.0,0.039002123384439785
sub-036,control,medial,object,1.25,0.04793001478358572
sub-036,control,medial,object,1.5,0.02062398510011374
sub-036,control,medial,object,1.75,0.024133083834719123
sub-036,control,medial,object,2.0,-0.01151445623757997
sub-036,control,medial,object,2.25,-0.005481190974477751
sub-036,control,medial,object,2.5,-0.004178740739770889
sub-036,control,medial,object,2.75,0.007483282723265685
sub-036,control,medial,object,3.0,-0.007849530267281603
sub-036,control,medial,object,3.25,0.029355277428514723
sub-036,control,medial,object,3.5,0.05272250485189746
sub-036,control,medial,object,3.75,0.0697485037623568
sub-036,control,medial,object,4.0,0.07009362972411884
sub-036,control,medial,object,4.25,0.07517214370614136
sub-036,control,medial,object,4.5,0.07680247775339716
sub-036,control,medial,object,4.75,0.0754906206404717
sub-036,control,medial,object,5.0,0.10129075308396118
sub-036,control,whole,word,0.25,0.25339991322683025
sub-036,control,whole,word,0.5,0.2903445370609701
sub-036,control,whole,word,0.75,0.3261159222414915
sub-036,control,whole,word,1.0,0.3865587907123979
sub-036,control,whole,word,1.25,0.43203218680525424
sub-036,control,whole,word,1.5,0.45344043760980457
sub-036,control,whole,word,1.75,0.5341880270937523
sub-036,control,whole,word,2.0,0.592784809374031
sub-036,control,whole,word,2.25,0.6352092772364227
sub-036,control,whole,word,2.5,0.7239928137074892
sub-036,control,whole,word,2.75,0.7495861492827635
sub-036,control,whole,word,3.0,0.8155334218931886
sub-036,control,whole,word,3.25,0.8233566323569487
sub-036,control,whole,word,3.5,0.8676970975848264
sub-036,control,whole,word,3.75,0.9134444153306224
sub-036,control,whole,word,4.0,0.9726331474779023
sub-036,control,whole,word,4.25,1.0
sub-036,control,whole,word,4.5,1.0
sub-036,control,whole,word,4.75,1.0
sub-036,control,whole,word,5.0,1.0
sub-036,control,lateral,word,0.25,0.2322412818338207
sub-036,control,lateral,word,0.5,0.26913324937606503
sub-036,control,lateral,word,0.75,0.3086835861125644
sub-036,control,lateral,word,1.0,0.36979253275879537
sub-036,control,lateral,word,1.25,0.42283506538960913
sub-036,control,lateral,word,1.5,0.4642952949811587
sub-036,control,lateral,word,1.75,0.5371421497744273
sub-036,control,lateral,word,2.0,0.5801249150188955
sub-036,control,lateral,word,2.25,0.6387074742101848
sub-036,control,lateral,word,2.5,0.7111419506460871
sub-036,control,lateral,word,2.75,0.7407836542988009
sub-036,control,lateral,word,3.0,0.804142459445046
sub-036,control,lateral,word,3.25,0.8541343662627924
sub-036,control,lateral,word,3.5,0.8848445484351726
sub-036,control,lateral,word,3.75,0.9137062113024779
sub-036,control,lateral,word,4.0,1.0
sub-036,control,lateral,word,4.25,1.0
sub-036,control,lateral,word,4.5,1.0
sub-036,control,lateral,word,4.75,1.0
sub-036,control,lateral,word,5.0,1.0
sub-036,control,medial,word,0.25,0.28679072188921234
sub-036,control,medial,word,0.5,0.3233296343303474
sub-036,control,medial,word,0.75,0.3622462086841317
sub-036,control,medial,word,1.0,0.3896588759949183
sub-036,control,medial,word,1.25,0.4397567361137092
sub-036,control,medial,word,1.5,0.45232257462178876
sub-036,control,medial,word,1.75,0.5569682053553616
sub-036,control,medial,word,2.0,0.6098251134819975
sub-036,control,medial,word,2.25,0.6425868583437132
sub-036,control,medial,word,2.5,0.7824053758542934
sub-036,control,medial,word,2.75,0.8297690029855341
sub-036,control,medial,word,3.0,0.7966829126270469
sub-036,control,medial,word,3.25,0.7721462195164897
sub-036,control,medial,word,3.5,0.8525673330206557
sub-036,control,medial,word,3.75,0.9411756316819608
sub-036,control,medial,word,4.0,0.8973855786026839
sub-036,control,medial,word,4.25,0.9785110722610725
sub-036,control,medial,word,4.5,1.0
sub-036,control,medial,word,4.75,1.0
sub-036,control,medial,word,5.0,1.0
sub-037,control,whole,face,0.25,-0.09290508528323733
sub-037,control,whole,face,0.5,-0.11918907503911036
sub-037,control,whole,face,0.75,-0.13684440551860003
sub-037,control,whole,face,1.0,-0.15398742504469257
sub-037,control,whole,face,1.25,-0.1673637728804693
sub-037,control,whole,face,1.5,-0.17023517618635037
sub-037,control,whole,face,1.75,-0.1436451851856025
sub-037,control,whole,face,2.0,-0.10412134567517414
sub-037,control,whole,face,2.25,-0.06252631100492416
sub-037,control,whole,face,2.5,-0.011629849262287472
sub-037,control,whole,face,2.75,0.006321972931030948
sub-037,control,whole,face,3.0,0.060382185566080854
sub-037,control,whole,face,3.25,0.12244860996325452
sub-037,control,whole,face,3.5,0.160832224174804
sub-037,control,whole,face,3.75,0.2111148424333077
sub-037,control,whole,face,4.0,0.25589309346961114
sub-037,control,whole,face,4.25,0.3096920700521497
sub-037,control,whole,face,4.5,0.3253024415623125
sub-037,control,whole,face,4.75,0.3791363275291001
sub-037,control,whole,face,5.0,0.430768294191507
sub-037,control,lateral,face,0.25,-0.11662115750210836
sub-037,control,lateral,face,0.5,-0.16109761435794148
sub-037,control,lateral,face,0.75,-0.19219643646209725
sub-037,control,lateral,face,1.0,-0.21664684980801155
sub-037,control,lateral,face,1.25,-0.23152547910783416
sub-037,control,lateral,face,1.5,-0.24178002004026522
sub-037,control,lateral,face,1.75,-0.2392444235479668
sub-037,control,lateral,face,2.0,-0.20747427684282735
sub-037,control,lateral,face,2.25,-0.17996952815483538
sub-037,control,lateral,face,2.5,-0.13695974741016706
sub-037,control,lateral,face,2.75,-0.1366780456111883
sub-037,control,lateral,face,3.0,-0.09360697749604606
sub-037,control,lateral,face,3.25,-0.03577274528383506
sub-037,control,lateral,face,3.5,-0.01422293987146267
sub-037,control,lateral,face,3.75,0.06748023154007166
sub-037,control,lateral,face,4.0,0.13753899491853916
sub-037,control,lateral,face,4.25,0.18671796637921406
sub-037,control,lateral,face,4.5,0.25471573453127483
sub-037,control,lateral,face,4.75,0.3053581541661494
sub-037,control,lateral,face,5.0,0.4011153658228144
sub-037,control,medial,face,0.25,-0.05266842400782673
sub-037,control,medial,face,0.5,-0.05182577886841727
sub-037,control,medial,face,0.75,-0.061406085649176975
sub-037,control,medial,face,1.0,-0.06289743113823178
sub-037,control,medial,face,1.25,-0.06289453656878205
sub-037,control,medial,face,1.5,-0.04929511261110478
sub-037,control,medial,face,1.75,0.03668706575309463
sub-037,control,medial,face,2.0,0.09100685179513374
sub-037,control,medial,face,2.25,0.1661365544115578
sub-037,control,medial,face,2.5,0.24351231343355131
sub-037,control,medial,face,2.75,0.3353554927706873
sub-037,control,medial,face,3.0,0.43027930042635737
sub-037,control,medial,face,3.25,0.5234139317600855
sub-037,control,medial,face,3.5,0.5365180246605871
sub-037,control,medial,face,3.75,0.5516802238204792
sub-037,control,medial,face,4.0,0.5755052529773325
sub-037,control,medial,face,4.25,0.5829141255400555
sub-037,control,medial,face,4.5,0.5367292230270779
sub-037,control,medial,face,4.75,0.5081275777132749
sub-037,control,medial,face,5.0,0.5043507548053919
sub-037,control,whole,house,0.25,-0.051752320053065945
sub-037,control,whole,house,0.5,-0.06404157927911391
sub-037,control,whole,house,0.75,-0.07608681361621308
sub-037,control,whole,house,1.0,-0.09217585289686195
sub-037,control,whole,house,1.25,-0.11536386095717839
sub-037,control,whole,house,1.5,-0.14428083899737046
sub-037,control,whole,house,1.75,-0.15514421131860526
sub-037,control,whole,house,2.0,-0.1752550201309051
sub-037,control,whole,house,2.25,-0.18238200209730304
sub-037,control,whole,house,2.5,-0.18559551679885253
sub-037,control,whole,house,2.75,-0.19514864732852616
sub-037,control,whole,house,3.0,-0.201339707053654
sub-037,control,whole,house,3.25,-0.2071291932613141
sub-037,control,whole,house,3.5,-0.20361496394404463
sub-037,control,whole,house,3.75,-0.20820763018269864
sub-037,control,whole,house,4.0,-0.20686599420153912
sub-037,control,whole,house,4.25,-0.20277203705721986
sub-037,control,whole,house,4.5,-0.21190213385015366
sub-037,control,whole,house,4.75,-0.22122475033656386
sub-037,control,whole,house,5.0,-0.2320859692283918
sub-037,control,lateral,house,0.25,-0.06729056253219298
sub-037,control,lateral,house,0.5,-0.07879926877311023
sub-037,control,lateral,house,0.75,-0.09703825479893022
sub-037,control,lateral,house,1.0,-0.11111698788747094
sub-037,control,lateral,house,1.25,-0.13192184205444304
sub-037,control,lateral,house,1.5,-0.17141419196089408
sub-037,control,lateral,house,1.75,-0.19272923214291687
sub-037,control,lateral,house,2.0,-0.22456443594856831
sub-037,control,lateral,house,2.25,-0.24750763125349048
sub-037,control,lateral,house,2.5,-0.26527564516936003
sub-037,control,lateral,house,2.75,-0.27271952469527927
sub-037,control,lateral,house,3.0,-0.2809495981123128
sub-037,control,lateral,house,3.25,-0.29020039321557684
sub-037,control,lateral,house,3.5,-0.29225080002144516
sub-037,control,lateral,house,3.75,-0.2924785930931145
sub-037,control,lateral,house,4.0,-0.2930473548756046
sub-037,control,lateral,house,4.25,-0.2873804223621364
sub-037,control,lateral,house,4.5,-0.3013043380430807
sub-037,control,lateral,house,4.75,-0.3028803966659247
sub-037,control,lateral,house,5.0,-0.31995007495966976
sub-037,control,medial,house,0.25,-0.018568263560969703
sub-037,control,medial,house,0.5,-0.023924144507832493
sub-037,control,medial,house,0.75,-0.037727960289670986
sub-037,control,medial,house,1.0,-0.05705522191092927
sub-037,control,medial,house,1.25,-0.07462715242680742
sub-037,control,medial,house,1.5,-0.08477668768238704
sub-037,control,medial,house,1.75,-0.09839159557562406
sub-037,control,medial,house,2.0,-0.09871659529826093
sub-037,control,medial,house,2.25,-0.07867344336976938
sub-037,control,medial,house,2.5,-0.07141690898935091
sub-037,control,medial,house,2.75,-0.07285474052007046
sub-037,control,medial,house,3.0,-0.07685926731734045
sub-037,control,medial,house,3.25,-0.08437231240081036
sub-037,control,medial,house,3.5,-0.09603005529223271
sub-037,control,medial,house,3.75,-0.0946016414803635
sub-037,control,medial,house,4.0,-0.09415920119104255
sub-037,control,medial,house,4.25,-0.10051338770259731
sub-037,control,medial,house,4.5,-0.10574803908221378
sub-037,control,medial,house,4.75,-0.10939865481339367
sub-037,control,medial,house,5.0,-0.11690069628043216
sub-037,control,whole,object,0.25,-0.010677713610145644
sub-037,control,whole,object,0.5,-0.010234680319042073
sub-037,control,whole,object,0.75,-0.010987235048581618
sub-037,control,whole,object,1.0,-0.013811057697473927
sub-037,control,whole,object,1.25,-0.011012781575956133
sub-037,control,whole,object,1.5,-0.014000951656447441
sub-037,control,whole,object,1.75,-0.01929212009016555
sub-037,control,whole,object,2.0,-0.023197393121934362
sub-037,control,whole,object,2.25,-0.029711625627735615
sub-037,control,whole,object,2.5,-0.021316167370373878
sub-037,control,whole,object,2.75,-0.017616736560395255
sub-037,control,whole,object,3.0,-0.0083137183807352
sub-037,control,whole,object,3.25,0.00036236688568128556
sub-037,control,whole,object,3.5,0.021456623910033636
sub-037,control,whole,object,3.75,0.03140601666181683
sub-037,control,whole,object,4.0,0.053983306650067814
sub-037,control,whole,object,4.25,0.07215552359107694
sub-037,control,whole,object,4.5,0.0983021179870883
sub-037,control,whole,object,4.75,0.12414280186581297
sub-037,control,whole,object,5.0,0.1578931049850537
sub-037,control,lateral,object,0.25,-0.050953674572180745
sub-037,control,lateral,object,0.5,-0.05749197155409356
sub-037,control,lateral,object,0.75,-0.06540062969003015
sub-037,control,lateral,object,1.0,-0.07205429467676536
sub-037,control,lateral,object,1.25,-0.081090535369671
sub-037,control,lateral,object,1.5,-0.08883821169276505
sub-037,control,lateral,object,1.75,-0.0987437720418453
sub-037,control,lateral,object,2.0,-0.09872097246632426
sub-037,control,lateral,object,2.25,-0.1036780679820766
sub-037,control,lateral,object,2.5,-0.09186485137027312
sub-037,control,lateral,object,2.75,-0.08273206211296193
sub-037,control,lateral,object,3.0,-0.07698754562949288
sub-037,control,lateral,object,3.25,-0.06651016188898765
sub-037,control,lateral,object,3.5,-0.045745823508907116
sub-037,control,lateral,object,3.75,-0.03344451540521444
sub-037,control,lateral,object,4.0,-0.008593417367268865
sub-037,control,lateral,object,4.25,0.012084610701336833
sub-037,control,lateral,object,4.5,0.04076091880736894
sub-037,control,lateral,object,4.75,0.06209631117247972
sub-037,control,lateral,object,5.0,0.09201414524804727
sub-037,control,medial,object,0.25,0.0838276623625117
sub-037,control,medial,object,0.5,0.10943160653909187
sub-037,control,medial,object,0.75,0.12831387201753183
sub-037,control,medial,object,1.0,0.1696525512273685
sub-037,control,medial,object,1.25,0.1939513370419647
sub-037,control,medial,object,1.5,0.2322562866741589
sub-037,control,medial,object,1.75,0.2538572303798718
sub-037,control,medial,object,2.0,0.2588625150042923
sub-037,control,medial,object,2.25,0.270860679999495
sub-037,control,medial,object,2.5,0.294301845116108
sub-037,control,medial,object,2.75,0.29136133440983547
sub-037,control,medial,object,3.0,0.30267430066225837
sub-037,control,medial,object,3.25,0.3344172159038888
sub-037,control,medial,object,3.5,0.3847739216838149
sub-037,control,medial,object,3.75,0.38641023511279804
sub-037,control,medial,object,4.0,0.4387523896950579
sub-037,control,medial,object,4.25,0.4642490121539681
sub-037,control,medial,object,4.5,0.49649223023443834
sub-037,control,medial,object,4.75,0.5872322375476594
sub-037,control,medial,object,5.0,0.6396853534089223
sub-037,control,whole,word,0.25,0.13351006958411354
sub-037,control,whole,word,0.5,0.13507120394914318
sub-037,control,whole,word,0.75,0.13249765510566283
sub-037,control,whole,word,1.0,0.1243866770745752
sub-037,control,whole,word,1.25,0.11549568387570171
sub-037,control,whole,word,1.5,0.13120220389369355
sub-037,control,whole,word,1.75,0.1518924241088709
sub-037,control,whole,word,2.0,0.1896556594278916
sub-037,control,whole,word,2.25,0.20831620126746983
sub-037,control,whole,word,2.5,0.2706185839504474
sub-037,control,whole,word,2.75,0.33883994337831697
sub-037,control,whole,word,3.0,0.42245692385383365
sub-037,control,whole,word,3.25,0.527917339758524
sub-037,control,whole,word,3.5,0.638934928011663
sub-037,control,whole,word,3.75,0.7243510310297521
sub-037,control,whole,word,4.0,0.7875362901203842
sub-037,control,whole,word,4.25,0.8585610821684463
sub-037,control,whole,word,4.5,0.9176773516204999
sub-037,control,whole,word,4.75,0.9157758464515255
sub-037,control,whole,word,5.0,0.9179519140009412
sub-037,control,lateral,word,0.25,0.11513127367770054
sub-037,control,lateral,word,0.5,0.09269405987082674
sub-037,control,lateral,word,0.75,0.08638036466240814
sub-037,control,lateral,word,1.0,0.06373115769243101
sub-037,control,lateral,word,1.25,0.04822070968907606
sub-037,control,lateral,word,1.5,0.04080445900893769
sub-037,control,lateral,word,1.75,0.055879295395836935
sub-037,control,lateral,word,2.0,0.09262030882142858
sub-037,control,lateral,word,2.25,0.11570233871111663
sub-037,control,lateral,word,2.5,0.19460495884647716
sub-037,control,lateral,word,2.75,0.26856750525536577
sub-037,control,lateral,word,3.0,0.3891818499136701
sub-037,control,lateral,word,3.25,0.5016052343769783
sub-037,control,lateral,word,3.5,0.6392055629169627
sub-037,control,lateral,word,3.75,0.7737666015939508
sub-037,control,lateral,word,4.0,0.8690079665671748
sub-037,control,lateral,word,4.25,0.933192594956301
sub-037,control,lateral,word,4.5,1.0
sub-037,control,lateral,word,4.75,1.0
sub-037,control,lateral,word,5.0,1.0
sub-037,control,medial,word,0.25,0.19493575698380233
sub-037,control,medial,word,0.5,0.23665094090633285
sub-037,control,medial,word,0.75,0.28448420728416157
sub-037,control,medial,word,1.0,0.322680748658497
sub-037,control,medial,word,1.25,0.35275586290669353
sub-037,control,medial,word,1.5,0.4089471047069265
sub-037,control,medial,word,1.75,0.49505883520028376
sub-037,control,medial,word,2.0,0.5240551471658197
sub-037,control,medial,word,2.25,0.5140319777563781
sub-037,control,medial,word,2.5,0.546433226387729
sub-037,control,medial,word,2.75,0.5615879451841661
sub-037,control,medial,word,3.0,0.550660740188918
sub-037,control,medial,word,3.25,0.571635074390655
sub-037,control,medial,word,3.5,0.5613564480808627
sub-037,control,medial,word,3.75,0.48444102751413937
sub-037,control,medial,word,4.0,0.4886419241337809
sub-037,control,medial,word,4.25,0.5553599679544536
sub-037,control,medial,word,4.5,0.5961629545195143
sub-037,control,medial,word,4.75,0.5415930649949954
sub-037,control,medial,word,5.0,0.4896293237176405
sub-038,control,whole,face,0.25,0.006280289504949351
sub-038,control,whole,face,0.5,0.015044502631028356
sub-038,control,whole,face,0.75,0.020672640842721853
sub-038,control,whole,face,1.0,0.0329391547848709
sub-038,control,whole,face,1.25,0.024968396937811003
sub-038,control,whole,face,1.5,0.001317326782544005
sub-038,control,whole,face,1.75,-0.049221724189097975
sub-038,control,whole,face,2.0,-0.11504510098961891
sub-038,control,whole,face,2.25,-0.19077784534103223
sub-038,control,whole,face,2.5,-0.26929470266305267
sub-038,control,whole,face,2.75,-0.28827946522812214
sub-038,control,whole,face,3.0,-0.2921843764676368
sub-038,control,whole,face,3.25,-0.2989803992844345
sub-038,control,whole,face,3.5,-0.2786725243533857
sub-038,control,whole,face,3.75,-0.24895025742296398
sub-038,control,whole,face,4.0,-0.17898356750542843
sub-038,control,whole,face,4.25,-0.14699415049313477
sub-038,control,whole,face,4.5,-0.07327098710941454
sub-038,control,whole,face,4.75,-0.010508329159647684
sub-038,control,whole,face,5.0,-0.011301636498359113
sub-038,control,lateral,face,0.25,0.0008342916141749454
sub-038,control,lateral,face,0.5,0.021716700650486923
sub-038,control,lateral,face,0.75,0.012999204893972223
sub-038,control,lateral,face,1.0,-0.00011145594694122008
sub-038,control,lateral,face,1.25,-0.015853617895145798
sub-038,control,lateral,face,1.5,-0.06548328513603148
sub-038,control,lateral,face,1.75,-0.13787990370647388
sub-038,control,lateral,face,2.0,-0.19936771858177277
sub-038,control,lateral,face,2.25,-0.27441385730538054
sub-038,control,lateral,face,2.5,-0.3561120948215323
sub-038,control,lateral,face,2.75,-0.35058863856353817
sub-038,control,lateral,face,3.0,-0.3690012904377625
sub-038,control,lateral,face,3.25,-0.34054246704543545
sub-038,control,lateral,face,3.5,-0.30344337812738376
sub-038,control,lateral,face,3.75,-0.28341054376239994
sub-038,control,lateral,face,4.0,-0.21683258320061444
sub-038,control,lateral,face,4.25,-0.1554553496991222
sub-038,control,lateral,face,4.5,-0.11744345868986962
sub-038,control,lateral,face,4.75,-0.043515454908325084
sub-038,control,lateral,face,5.0,-0.010235916982311355
sub-038,control,medial,face,0.25,0.012146737144946898
sub-038,control,medial,face,0.5,0.020975536277521623
sub-038,control,medial,face,0.75,0.052071498773114684
sub-038,control,medial,face,1.0,0.11773613742645357
sub-038,control,medial,face,1.25,0.14784129140909297
sub-038,control,medial,face,1.5,0.22394474064731057
sub-038,control,medial,face,1.75,0.25646452610092774
sub-038,control,medial,face,2.0,0.30151158643357007
sub-038,control,medial,face,2.25,0.3164548373262783
sub-038,control,medial,face,2.5,0.2454273761923125
sub-038,control,medial,face,2.75,0.3188101107512869
sub-038,control,medial,face,3.0,0.2431359527377736
sub-038,control,medial,face,3.25,0.05905341816833348
sub-038,control,medial,face,3.5,0.10698295798914995
sub-038,control,medial,face,3.75,0.17587107505971603
sub-038,control,medial,face,4.0,0.15346966165147985
sub-038,control,medial,face,4.25,0.16230795348442406
sub-038,control,medial,face,4.5,-0.0386416861826698
sub-038,control,medial,face,4.75,0.07549765049765049
sub-038,control,medial,face,5.0,0.19244663382594415
sub-038,control,whole,house,0.25,-0.021422102254851225
sub-038,control,whole,house,0.5,-0.028226572896373057
sub-038,control,whole,house,0.75,-0.0380340491654126
sub-038,control,whole,house,1.0,-0.05763203826774865
sub-038,control,whole,house,1.25,-0.07765198794250766
sub-038,control,whole,house,1.5,-0.09129603950094084
sub-038,control,whole,house,1.75,-0.10458524695030329
sub-038,control,whole,house,2.0,-0.11304050806028627
sub-038,control,whole,house,2.25,-0.11313297134346004
sub-038,control,whole,house,2.5,-0.11114547051427442
sub-038,control,whole,house,2.75,-0.10665035576324454
sub-038,control,whole,house,3.0,-0.08907341869451343
sub-038,control,whole,house,3.25,-0.09025189312010226
sub-038,control,whole,house,3.5,-0.06998389568210593
sub-038,control,whole,house,3.75,-0.08014245493691283
sub-038,control,whole,house,4.0,-0.06490240122442624
sub-038,control,whole,house,4.25,-0.05984416830656793
sub-038,control,whole,house,4.5,-0.0641699716808605
sub-038,control,whole,house,4.75,-0.05846091094454387
sub-038,control,whole,house,5.0,-0.059058674431406805
sub-038,control,lateral,house,0.25,-0.013233290841799887
sub-038,control,lateral,house,0.5,-0.020688890254264743
sub-038,control,lateral,house,0.75,-0.03800419092391834
sub-038,control,lateral,house,1.0,-0.058586175917717954
sub-038,control,lateral,house,1.25,-0.08191179615172023
sub-038,control,lateral,house,1.5,-0.09588993096483181
sub-038,control,lateral,house,1.75,-0.10985052541725503
sub-038,control,lateral,house,2.0,-0.12998537691957066
sub-038,control,lateral,house,2.25,-0.1270375815908486
sub-038,control,lateral,house,2.5,-0.12084098881866243
sub-038,control,lateral,house,2.75,-0.11194551913225784
sub-038,control,lateral,house,3.0,-0.09604663108388564
sub-038,control,lateral,house,3.25,-0.08717057688779155
sub-038,control,lateral,house,3.5,-0.07463586870673469
sub-038,control,lateral,house,3.75,-0.07190158115826213
sub-038,control,lateral,house,4.0,-0.06612686502522955
sub-038,control,lateral,house,4.25,-0.05756038068451
sub-038,control,lateral,house,4.5,-0.05342809096569256
sub-038,control,lateral,house,4.75,-0.0610859080572385
sub-038,control,lateral,house,5.0,-0.04051270741904631
sub-038,control,medial,house,0.25,-0.027748552281623297
sub-038,control,medial,house,0.5,-0.04625769900381872
sub-038,control,medial,house,0.75,-0.04613729430403559
sub-038,control,medial,house,1.0,-0.05573824199426337
sub-038,control,medial,house,1.25,-0.06723150390901297
sub-038,control,medial,house,1.5,-0.08074751257400765
sub-038,control,medial,house,1.75,-0.08832866272224767
sub-038,control,medial,house,2.0,-0.08549707013036899
sub-038,control,medial,house,2.25,-0.0867485373444722
sub-038,control,medial,house,2.5,-0.08974472581497998
sub-038,control,medial,house,2.75,-0.09441269166301433
sub-038,control,medial,house,3.0,-0.09046388114885133
sub-038,control,medial,house,3.25,-0.07331115428038819
sub-038,control,medial,house,3.5,-0.08969004108917515
sub-038,control,medial,house,3.75,-0.07876916705975293
sub-038,control,medial,house,4.0,-0.06873506143226658
sub-038,control,medial,house,4.25,-0.07051926568860654
sub-038,control,medial,house,4.5,-0.07248216798098067
sub-038,control,medial,house,4.75,-0.08462704702419555
sub-038,control,medial,house,5.0,-0.06566567850415643
sub-038,control,whole,object,0.25,-0.0599205399780449
sub-038,control,whole,object,0.5,-0.04689289814486295
sub-038,control,whole,object,0.75,-0.032987270225644044
sub-038,control,whole,object,1.0,-0.014995581042032113
sub-038,control,whole,object,1.25,-0.0010964397831991933
sub-038,control,whole,object,1.5,0.017707765606224522
sub-038,control,whole,object,1.75,0.042545123703050546
sub-038,control,whole,object,2.0,0.06256534054469041
sub-038,control,whole,object,2.25,0.09518728523799452
sub-038,control,whole,object,2.5,0.12192748589839786
sub-038,control,whole,object,2.75,0.14922543874542463
sub-038,control,whole,object,3.0,0.17926307865972788
sub-038,control,whole,object,3.25,0.20139003022217078
sub-038,control,whole,object,3.5,0.2205347769703117
sub-038,control,whole,object,3.75,0.2517873120854031
sub-038,control,whole,object,4.0,0.2692194847716695
sub-038,control,whole,object,4.25,0.3011238249132415
sub-038,control,whole,object,4.5,0.31210579007229233
sub-038,control,whole,object,4.75,0.3315454729707068
sub-038,control,whole,object,5.0,0.34149633105352595
sub-038,control,lateral,object,0.25,-0.08074709632083056
sub-038,control,lateral,object,0.5,-0.06545244704282742
sub-038,control,lateral,object,0.75,-0.05157369950187998
sub-038,control,lateral,object,1.0,-0.03837491704961776
sub-038,control,lateral,object,1.25,-0.029109516842097723
sub-038,control,lateral,object,1.5,-0.009955098293983566
sub-038,control,lateral,object,1.75,0.00299931441259849
sub-038,control,lateral,object,2.0,0.02014546572900255
sub-038,control,lateral,object,2.25,0.04796001119112029
sub-038,control,lateral,object,2.5,0.06447959047758463
sub-038,control,lateral,object,2.75,0.08864232182894798
sub-038,control,lateral,object,3.0,0.11359693576508648
sub-038,control,lateral,object,3.25,0.14909297741261404
sub-038,control,lateral,object,3.5,0.15995139483725096
sub-038,control,lateral,object,3.75,0.19769318752279832
sub-038,control,lateral,object,4.0,0.2206331996467651
sub-038,control,lateral,object,4.25,0.24278259681664857
sub-038,control,lateral,object,4.5,0.25336587354546536
sub-038,control,lateral,object,4.75,0.276058473896384
sub-038,control,lateral,object,5.0,0.2914209349509254
sub-038,control,medial,object,0.25,0.00863630900731439
sub-038,control,medial,object,0.5,0.012748841437925843
sub-038,control,medial,object,0.75,0.0239065569164504
sub-038,control,medial,object,1.0,0.056910905888861905
sub-038,control,medial,object,1.25,0.10494139908548425
sub-038,control,medial,object,1.5,0.15835546272943898
sub-038,control,medial,object,1.75,0.22014962143446204
sub-038,control,medial,object,2.0,0.32920738085026047
sub-038,control,medial,object,2.25,0.4061866716112071
sub-038,control,medial,object,2.5,0.5178980443929163
sub-038,control,medial,object,2.75,0.5848380301083594
sub-038,control,medial,object,3.0,0.6690539497694789
sub-038,control,medial,object,3.25,0.7014158651048072
sub-038,control,medial,object,3.5,0.7328241663806849
sub-038,control,medial,object,3.75,0.7909613171780713
sub-038,control,medial,object,4.0,0.8309321562965849
sub-038,control,medial,object,4.25,0.8401732365138902
sub-038,control,medial,object,4.5,0.8947775460972864
sub-038,control,medial,object,4.75,0.9090810174214572
sub-038,control,medial,object,5.0,0.9204601468537235
sub-038,control,whole,word,0.25,0.1532269387535104
sub-038,control,whole,word,0.5,0.16857114122838854
sub-038,control,whole,word,0.75,0.18241483425392044
sub-038,control,whole,word,1.0,0.18585012204263637
sub-038,control,whole,word,1.25,0.21186382590718605
sub-038,control,whole,word,1.5,0.22593936241702853
sub-038,control,whole,word,1.75,0.22868196400689603
sub-038,control,whole,word,2.0,0.23451565786207085
sub-038,control,whole,word,2.25,0.2523010084103086
sub-038,control,whole,word,2.5,0.2518709719724042
sub-038,control,whole,word,2.75,0.2685459541346352
sub-038,control,whole,word,3.0,0.28617475317885227
sub-038,control,whole,word,3.25,0.32267733746932503
sub-038,control,whole,word,3.5,0.3773870849468257
sub-038,control,whole,word,3.75,0.47762776242509025
sub-038,control,whole,word,4.0,0.5228933174089941
sub-038,control,whole,word,4.25,0.5817110142021759
sub-038,control,whole,word,4.5,0.7175710858094065
sub-038,control,whole,word,4.75,0.8668226698508656
sub-038,control,whole,word,5.0,0.9198671937501814
sub-038,control,lateral,word,0.25,0.16039859351412894
sub-038,control,lateral,word,0.5,0.15324083805583485
sub-038,control,lateral,word,0.75,0.15159501401355968
sub-038,control,lateral,word,1.0,0.1522508090734486
sub-038,control,lateral,word,1.25,0.17507604784794972
sub-038,control,lateral,word,1.5,0.16968304714392868
sub-038,control,lateral,word,1.75,0.1925623196885313
sub-038,control,lateral,word,2.0,0.19596649432415894
sub-038,control,lateral,word,2.25,0.25068672314135043
sub-038,control,lateral,word,2.5,0.24720622893122335
sub-038,control,lateral,word,2.75,0.2494900283103093
sub-038,control,lateral,word,3.0,0.2681927890881373
sub-038,control,lateral,word,3.25,0.3241534723521575
sub-038,control,lateral,word,3.5,0.3641845508801744
sub-038,control,lateral,word,3.75,0.459253876520691
sub-038,control,lateral,word,4.0,0.49299259136043266
sub-038,control,lateral,word,4.25,0.5578429461244313
sub-038,control,lateral,word,4.5,0.7170282280115543
sub-038,control,lateral,word,4.75,0.8462256871376588
sub-038,control,lateral,word,5.0,0.9110340097731005
sub-038,control,medial,word,0.25,0.1395816260436112
sub-038,control,medial,word,0.5,0.17730246437940086
sub-038,control,medial,word,0.75,0.2168132939180346
sub-038,control,medial,word,1.0,0.23901660469962585
sub-038,control,medial,word,1.25,0.28059204351794775
sub-038,control,medial,word,1.5,0.29920566375331253
sub-038,control,medial,word,1.75,0.29655094771628177
sub-038,control,medial,word,2.0,0.2836904268454203
sub-038,control,medial,word,2.25,0.30858535852882435
sub-038,control,medial,word,2.5,0.2842419974415412
sub-038,control,medial,word,2.75,0.3252929113917821
sub-038,control,medial,word,3.0,0.2942217229824401
sub-038,control,medial,word,3.25,0.30571590161379447
sub-038,control,medial,word,3.5,0.4667062495075025
sub-038,control,medial,word,3.75,0.6139455941466468
sub-038,control,medial,word,4.0,0.7156651133240309
sub-038,control,medial,word,4.25,0.7043622979187995
sub-038,control,medial,word,4.5,0.8490327133184276
sub-038,control,medial,word,4.75,1.0
sub-038,control,medial,word,5.0,1.0
sub-039,OTC,whole,face,0.25,-0.026749966719825567
sub-039,OTC,whole,face,0.5,-0.01188608642574524
sub-039,OTC,whole,face,0.75,0.009962254163605737
sub-039,OTC,whole,face,1.0,0.03309634566152219
sub-039,OTC,whole,face,1.25,0.057561696033964535
sub-039,OTC,whole,face,1.5,0.08586759810471209
sub-039,OTC,whole,face,1.75,0.1072238306299419
sub-039,OTC,whole,face,2.0,0.136609617306201
sub-039,OTC,whole,face,2.25,0.1601720463339252
sub-039,OTC,whole,face,2.5,0.15628252268024095
sub-039,OTC,whole,face,2.75,0.15806694015765055
sub-039,OTC,whole,face,3.0,0.16481979892196175
sub-039,OTC,whole,face,3.25,0.1814687545006871
sub-039,OTC,whole,face,3.5,0.1868396895642687
sub-039,OTC,whole,face,3.75,0.19635230604501533
sub-039,OTC,whole,face,4.0,0.17073219174092377
sub-039,OTC,whole,face,4.25,0.15071000064193335
sub-039,OTC,whole,face,4.5,0.1343841979888386
sub-039,OTC,whole,face,4.75,0.11597478329097057
sub-039,OTC,whole,face,5.0,0.11274954454245012
sub-039,OTC,lateral,face,0.25,0.006221660612266008
sub-039,OTC,lateral,face,0.5,0.015398746944990865
sub-039,OTC,lateral,face,0.75,0.036790434588183575
sub-039,OTC,lateral,face,1.0,0.054582343484889086
sub-039,OTC,lateral,face,1.25,0.07170754674526969
sub-039,OTC,lateral,face,1.5,0.10957524011082499
sub-039,OTC,lateral,face,1.75,0.130126546211364
sub-039,OTC,lateral,face,2.0,0.14851003273567923
sub-039,OTC,lateral,face,2.25,0.15960452988449852
sub-039,OTC,lateral,face,2.5,0.16013651234136841
sub-039,OTC,lateral,face,2.75,0.1641155263347656
sub-039,OTC,lateral,face,3.0,0.16550139585011323
sub-039,OTC,lateral,face,3.25,0.18136862998043976
sub-039,OTC,lateral,face,3.5,0.19492832944113786
sub-039,OTC,lateral,face,3.75,0.19569913823386237
sub-039,OTC,lateral,face,4.0,0.1810929789714866
sub-039,OTC,lateral,face,4.25,0.1555536123267191
sub-039,OTC,lateral,face,4.5,0.13769608327077387
sub-039,OTC,lateral,face,4.75,0.11327311844426477
sub-039,OTC,lateral,face,5.0,0.11230165827877522
sub-039,OTC,medial,face,0.25,-0.08231303115328993
sub-039,OTC,medial,face,0.5,-0.07283403105754942
sub-039,OTC,medial,face,0.75,-0.057455335273154634
sub-039,OTC,medial,face,1.0,-0.023223014215941747
sub-039,OTC,medial,face,1.25,-0.017102280293253513
sub-039,OTC,medial,face,1.5,-0.02240528961465174
sub-039,OTC,medial,face,1.75,-0.012982954517194919
sub-039,OTC,medial,face,2.0,0.057090039610585244
sub-039,OTC,medial,face,2.25,0.146899339695923
sub-039,OTC,medial,face,2.5,0.21007664130961232
sub-039,OTC,medial,face,2.75,0.19393398141200557
sub-039,OTC,medial,face,3.0,0.1955053207873281
sub-039,OTC,medial,face,3.25,0.15579636884659895
sub-039,OTC,medial,face,3.5,0.12270884696945403
sub-039,OTC,medial,face,3.75,0.24312288133402526
sub-039,OTC,medial,face,4.0,0.1289017456506796
sub-039,OTC,medial,face,4.25,0.08367385418159412
sub-039,OTC,medial,face,4.5,0.0683301838129807
sub-039,OTC,medial,face,4.75,-0.11481589117952755
sub-039,OTC,medial,face,5.0,-0.004580873671782763
sub-039,OTC,whole,house,0.25,0.037132043499800045
sub-039,OTC,whole,house,0.5,0.043607008386649986
sub-039,OTC,whole,house,0.75,0.05218598874800295
sub-039,OTC,whole,house,1.0,0.03547075110142469
sub-039,OTC,whole,house,1.25,0.0272976186342923
sub-039,OTC,whole,house,1.5,0.012859674159893544
sub-039,OTC,whole,house,1.75,-0.013142514204552059
sub-039,OTC,whole,house,2.0,-0.03381010526212356
sub-039,OTC,whole,house,2.25,-0.06531569292377758
sub-039,OTC,whole,house,2.5,-0.0829393216625862
sub-039,OTC,whole,house,2.75,-0.10004636132278391
sub-039,OTC,whole,house,3.0,-0.12181030791171273
sub-039,OTC,whole,house,3.25,-0.13610839323845675
sub-039,OTC,whole,house,3.5,-0.14024834291462399
sub-039,OTC,whole,house,3.75,-0.14571165931798816
sub-039,OTC,whole,house,4.0,-0.16803035211476927
sub-039,OTC,whole,house,4.25,-0.16625306197477677
sub-039,OTC,whole,house,4.5,-0.18798424585281695
sub-039,OTC,whole,house,4.75,-0.18424037569315466
sub-039,OTC,whole,house,5.0,-0.1830785459739828
sub-039,OTC,lateral,house,0.25,0.016834142034388308
sub-039,OTC,lateral,house,0.5,0.02605359443588067
sub-039,OTC,lateral,house,0.75,0.020492530212181274
sub-039,OTC,lateral,house,1.0,0.0010427925512459773
sub-039,OTC,lateral,house,1.25,-0.018894250002882324
sub-039,OTC,lateral,house,1.5,-0.04401164335778904
sub-039,OTC,lateral,house,1.75,-0.07853678577569159
sub-039,OTC,lateral,house,2.0,-0.11364497386919352
sub-039,OTC,lateral,house,2.25,-0.15781143520119711
sub-039,OTC,lateral,house,2.5,-0.1781906559853517
sub-039,OTC,lateral,house,2.75,-0.21020788326153364
sub-039,OTC,lateral,house,3.0,-0.26145706910085864
sub-039,OTC,lateral,house,3.25,-0.2861045268127383
sub-039,OTC,lateral,house,3.5,-0.305293768410464
sub-039,OTC,lateral,house,3.75,-0.33494012353622976
sub-039,OTC,lateral,house,4.0,-0.3913999973319601
sub-039,OTC,lateral,house,4.25,-0.3900250378413023
sub-039,OTC,lateral,house,4.5,-0.44139245042364644
sub-039,OTC,lateral,house,4.75,-0.49683938412400147
sub-039,OTC,lateral,house,5.0,-0.5398381384915928
sub-039,OTC,medial,house,0.25,0.06862024397165711
sub-039,OTC,medial,house,0.5,0.09324163212326701
sub-039,OTC,medial,house,0.75,0.13573593442686843
sub-039,OTC,medial,house,1.0,0.13913797912701178
sub-039,OTC,medial,house,1.25,0.15427380282741532
sub-039,OTC,medial,house,1.5,0.16875773293249566
sub-039,OTC,medial,house,1.75,0.1621511353703266
sub-039,OTC,medial,house,2.0,0.14734990177822696
sub-039,OTC,medial,house,2.25,0.14630525790839874
sub-039,OTC,medial,house,2.5,0.1490929813262426
sub-039,OTC,medial,house,2.75,0.14510922804264936
sub-039,OTC,medial,house,3.0,0.15669980208295406
sub-039,OTC,medial,house,3.25,0.14231625456969657
sub-039,OTC,medial,house,3.5,0.17321348433276298
sub-039,OTC,medial,house,3.75,0.19266785424308694
sub-039,OTC,medial,house,4.0,0.1864566288680714
sub-039,OTC,medial,house,4.25,0.19081906917387062
sub-039,OTC,medial,house,4.5,0.19601377196100955
sub-039,OTC,medial,house,4.75,0.20351838809802267
sub-039,OTC,medial,house,5.0,0.2510616791287985
sub-039,OTC,whole,object,0.25,0.03406021086783951
sub-039,OTC,whole,object,0.5,0.057407008525419266
sub-039,OTC,whole,object,0.75,0.08722516209143359
sub-039,OTC,whole,object,1.0,0.12168018206535443
sub-039,OTC,whole,object,1.25,0.15438028146151894
sub-039,OTC,whole,object,1.5,0.18321644610907653
sub-039,OTC,whole,object,1.75,0.21092731518020172
sub-039,OTC,whole,object,2.0,0.23670705779478532
sub-039,OTC,whole,object,2.25,0.26164618849834287
sub-039,OTC,whole,object,2.5,0.29485832290899433
sub-039,OTC,whole,object,2.75,0.3337827720893678
sub-039,OTC,whole,object,3.0,0.36173640754334874
sub-039,OTC,whole,object,3.25,0.41604455728504347
sub-039,OTC,whole,object,3.5,0.44524720552934816
sub-039,OTC,whole,object,3.75,0.4878010479478864
sub-039,OTC,whole,object,4.0,0.5115085870791504
sub-039,OTC,whole,object,4.25,0.5168509043243005
sub-039,OTC,whole,object,4.5,0.540960550442239
sub-039,OTC,whole,object,4.75,0.5649342119350412
sub-039,OTC,whole,object,5.0,0.5468322134090374
sub-039,OTC,lateral,object,0.25,0.006396727257124887
sub-039,OTC,lateral,object,0.5,0.021853651197924706
sub-039,OTC,lateral,object,0.75,0.04477584171597911
sub-039,OTC,lateral,object,1.0,0.07113030417328825
sub-039,OTC,lateral,object,1.25,0.0920775284419647
sub-039,OTC,lateral,object,1.5,0.12032532556915665
sub-039,OTC,lateral,object,1.75,0.14496902674548187
sub-039,OTC,lateral,object,2.0,0.17392579177023137
sub-039,OTC,lateral,object,2.25,0.19629568753731147
sub-039,OTC,lateral,object,2.5,0.22636768479331906
sub-039,OTC,lateral,object,2.75,0.26431086298503176
sub-039,OTC,lateral,object,3.0,0.294341677043069
sub-039,OTC,lateral,object,3.25,0.33185355675406314
sub-039,OTC,lateral,object,3.5,0.37232353262521334
sub-039,OTC,lateral,object,3.75,0.4324467805137489
sub-039,OTC,lateral,object,4.0,0.4472430629390812
sub-039,OTC,lateral,object,4.25,0.46933448853982074
sub-039,OTC,lateral,object,4.5,0.501008624639557
sub-039,OTC,lateral,object,4.75,0.5121053306173308
sub-039,OTC,lateral,object,5.0,0.49957073796484947
sub-039,OTC,medial,object,0.25,0.10035662092727789
sub-039,OTC,medial,object,0.5,0.1680587221757504
sub-039,OTC,medial,object,0.75,0.23063288536753354
sub-039,OTC,medial,object,1.0,0.2992762679237627
sub-039,OTC,medial,object,1.25,0.38414865517705654
sub-039,OTC,medial,object,1.5,0.4925992454033401
sub-039,OTC,medial,object,1.75,0.5684186842823368
sub-039,OTC,medial,object,2.0,0.6415322827784203
sub-039,OTC,medial,object,2.25,0.7149677347552936
sub-039,OTC,medial,object,2.5,0.7907093594509708
sub-039,OTC,medial,object,2.75,0.8576963888603286
sub-039,OTC,medial,object,3.0,0.8937867346979799
sub-039,OTC,medial,object,3.25,0.9383956487847448
sub-039,OTC,medial,object,3.5,0.9581981952435111
sub-039,OTC,medial,object,3.75,0.964312767277755
sub-039,OTC,medial,object,4.0,0.9923151688553873
sub-039,OTC,medial,object,4.25,1.0
sub-039,OTC,medial,object,4.5,1.0
sub-039,OTC,medial,object,4.75,1.0
sub-039,OTC,medial,object,5.0,1.0
sub-039,OTC,whole,word,0.25,-0.021587083408908712
sub-039,OTC,whole,word,0.5,-0.014036182622001741
sub-039,OTC,whole,word,0.75,0.011843212183948562
sub-039,OTC,whole,word,1.0,0.03583097851913228
sub-039,OTC,whole,word,1.25,0.09808707492038446
sub-039,OTC,whole,word,1.5,0.14435152005671456
sub-039,OTC,whole,word,1.75,0.19682433715139402
sub-039,OTC,whole,word,2.0,0.2695453169657005
sub-039,OTC,whole,word,2.25,0.36530955800964005
sub-039,OTC,whole,word,2.5,0.46522450055220355
sub-039,OTC,whole,word,2.75,0.5539108746604895
sub-039,OTC,whole,word,3.0,0.6055857295250505
sub-039,OTC,whole,word,3.25,0.6874588249299078
sub-039,OTC,whole,word,3.5,0.7402776517276021
sub-039,OTC,whole,word,3.75,0.7953359961071598
sub-039,OTC,whole,word,4.0,0.8233404172305492
sub-039,OTC,whole,word,4.25,0.9447656109099529
sub-039,OTC,whole,word,4.5,1.0
sub-039,OTC,whole,word,4.75,1.0
sub-039,OTC,lateral,word,0.25,0.1036512124930789
sub-039,OTC,lateral,word,0.5,0.13293923015478573
sub-039,OTC,lateral,word,0.75,0.15741504444552828
sub-039,OTC,lateral,word,1.0,0.20147693184178395
sub-039,OTC,lateral,word,1.25,0.22993195937377284
sub-039,OTC,lateral,word,1.5,0.28143348383202565
sub-039,OTC,lateral,word,1.75,0.32668025236799236
sub-039,OTC,lateral,word,2.0,0.35860241994995895
sub-039,OTC,lateral,word,2.25,0.421100446902257
sub-039,OTC,lateral,word,2.5,0.5135604856062232
sub-039,OTC,lateral,word,2.75,0.5788769657623208
sub-039,OTC,lateral,word,3.0,0.6246172839878971
sub-039,OTC,lateral,word,3.25,0.6666641395494439
sub-039,OTC,lateral,word,3.5,0.7072242209277954
sub-039,OTC,lateral,word,3.75,0.7849151541185736
sub-039,OTC,lateral,word,4.0,0.7784247369631537
sub-039,OTC,lateral,word,4.25,0.9341013946374291
sub-039,OTC,lateral,word,4.5,1.0
sub-039,OTC,lateral,word,4.75,1.0
sub-039,OTC,medial,word,0.25,-0.22942282282951545
sub-039,OTC,medial,word,0.5,-0.2675427480111746
sub-039,OTC,medial,word,0.75,-0.2672357394007871
sub-039,OTC,medial,word,1.0,-0.2665336595898045
sub-039,OTC,medial,word,1.25,-0.24049622035862384
sub-039,OTC,medial,word,1.5,-0.2233820145129262
sub-039,OTC,medial,word,1.75,-0.2388010379931253
sub-039,OTC,medial,word,2.0,-0.16153166301337013
sub-039,OTC,medial,word,2.25,-0.03201689446814423
sub-039,OTC,medial,word,2.5,0.21259908642530798
sub-039,OTC,medial,word,2.75,0.41942986175845703
sub-039,OTC,medial,word,3.0,0.48395345639260445
sub-039,OTC,medial,word,3.25,1.0
sub-039,OTC,medial,word,3.5,1.0
sub-039,OTC,medial,word,3.75,1.0
sub-039,OTC,medial,word,4.0,1.0
sub-040,control,whole,face,0.25,-0.19191956459948611
sub-040,control,whole,face,0.5,-0.22084729601170153
sub-040,control,whole,face,0.75,-0.2572946978054135
sub-040,control,whole,face,1.0,-0.29003558634937104
sub-040,control,whole,face,1.25,-0.29774854006314744
sub-040,control,whole,face,1.5,-0.3154638992478955
sub-040,control,whole,face,1.75,-0.32007469557740764
sub-040,control,whole,face,2.0,-0.3160693393965525
sub-040,control,whole,face,2.25,-0.3067286755056102
sub-040,control,whole,face,2.5,-0.29969720021640467
sub-040,control,whole,face,2.75,-0.28408404648439434
sub-040,control,whole,face,3.0,-0.26289588752953646
sub-040,control,whole,face,3.25,-0.23680602472805012
sub-040,control,whole,face,3.5,-0.23515828886574244
sub-040,control,whole,face,3.75,-0.2136110315308504
sub-040,control,whole,face,4.0,-0.22020330380069122
sub-040,control,whole,face,4.25,-0.20913980168175086
sub-040,control,whole,face,4.5,-0.20192684783742582
sub-040,control,whole,face,4.75,-0.19607100955278592
sub-040,control,whole,face,5.0,-0.19511523627755778
sub-040,control,lateral,face,0.25,-0.21796745348160687
sub-040,control,lateral,face,0.5,-0.2550050941273161
sub-040,control,lateral,face,0.75,-0.3085291068780122
sub-040,control,lateral,face,1.0,-0.34152254686662886
sub-040,control,lateral,face,1.25,-0.35719343234351425
sub-040,control,lateral,face,1.5,-0.3716425881803327
sub-040,control,lateral,face,1.75,-0.3789947794066489
sub-040,control,lateral,face,2.0,-0.37360766158642866
sub-040,control,lateral,face,2.25,-0.3610679592376148
sub-040,control,lateral,face,2.5,-0.3422412835056279
sub-040,control,lateral,face,2.75,-0.32384871096478024
sub-040,control,lateral,face,3.0,-0.30593561301408206
sub-040,control,lateral,face,3.25,-0.28626328380695987
sub-040,control,lateral,face,3.5,-0.26754356379191063
sub-040,control,lateral,face,3.75,-0.2540620558606129
sub-040,control,lateral,face,4.0,-0.2513731961690749
sub-040,control,lateral,face,4.25,-0.23802035550885642
sub-040,control,lateral,face,4.5,-0.22879553146828815
sub-040,control,lateral,face,4.75,-0.21185113034852285
sub-040,control,lateral,face,5.0,-0.221353950671261
sub-040,control,medial,face,0.25,-0.12223593034736986
sub-040,control,medial,face,0.5,-0.1417875291647155
sub-040,control,medial,face,0.75,-0.13158911213818725
sub-040,control,medial,face,1.0,-0.12324850838434703
sub-040,control,medial,face,1.25,-0.11936555043863266
sub-040,control,medial,face,1.5,-0.11136527769716925
sub-040,control,medial,face,1.75,-0.09522725935324554
sub-040,control,medial,face,2.0,-0.08446930218583716
sub-040,control,medial,face,2.25,-0.06995987165069593
sub-040,control,medial,face,2.5,-0.06377074306459844
sub-040,control,medial,face,2.75,-0.05152481198428241
sub-040,control,medial,face,3.0,-0.029987192984097504
sub-040,control,medial,face,3.25,0.023026351462061164
sub-040,control,medial,face,3.5,0.05683511501556799
sub-040,control,medial,face,3.75,0.04984142028307865
sub-040,control,medial,face,4.0,0.025964997064379363
sub-040,control,medial,face,4.25,0.043714151045885004
sub-040,control,medial,face,4.5,0.025736806666591328
sub-040,control,medial,face,4.75,0.013402151062379597
sub-040,control,medial,face,5.0,-0.010972426639398503
sub-040,control,whole,house,0.25,-0.10204162414704442
sub-040,control,whole,house,0.5,-0.11100687391361555
sub-040,control,whole,house,0.75,-0.12904783732625547
sub-040,control,whole,house,1.0,-0.14438027208426363
sub-040,control,whole,house,1.25,-0.15726529031481085
sub-040,control,whole,house,1.5,-0.1751590596210042
sub-040,control,whole,house,1.75,-0.1954839615745655
sub-040,control,whole,house,2.0,-0.2164695825429516
sub-040,control,whole,house,2.25,-0.23989624832763087
sub-040,control,whole,house,2.5,-0.2591084869417051
sub-040,control,whole,house,2.75,-0.27735313499499464
sub-040,control,whole,house,3.0,-0.31119978476495314
sub-040,control,whole,house,3.25,-0.3320079959297544
sub-040,control,whole,house,3.5,-0.36417875864950233
sub-040,control,whole,house,3.75,-0.37985121014947576
sub-040,control,whole,house,4.0,-0.4016789885391499
sub-040,control,whole,house,4.25,-0.41244509646343164
sub-040,control,whole,house,4.5,-0.42723409187482736
sub-040,control,whole,house,4.75,-0.44845841967561517
sub-040,control,whole,house,5.0,-0.4771497305620974
sub-040,control,lateral,house,0.25,-0.131240532383491
sub-040,control,lateral,house,0.5,-0.14601366648239933
sub-040,control,lateral,house,0.75,-0.16460835436214474
sub-040,control,lateral,house,1.0,-0.18015157612150134
sub-040,control,lateral,house,1.25,-0.19191650992188536
sub-040,control,lateral,house,1.5,-0.20380506812445495
sub-040,control,lateral,house,1.75,-0.21931011663360223
sub-040,control,lateral,house,2.0,-0.2409506888148349
sub-040,control,lateral,house,2.25,-0.25549508152581574
sub-040,control,lateral,house,2.5,-0.2814402987083785
sub-040,control,lateral,house,2.75,-0.3093819346073858
sub-040,control,lateral,house,3.0,-0.3368933229397719
sub-040,control,lateral,house,3.25,-0.3649257236147679
sub-040,control,lateral,house,3.5,-0.40010096732419453
sub-040,control,lateral,house,3.75,-0.4143249399458216
sub-040,control,lateral,house,4.0,-0.4325322102574452
sub-040,control,lateral,house,4.25,-0.4428617768631152
sub-040,control,lateral,house,4.5,-0.46520784264788284
sub-040,control,lateral,house,4.75,-0.48964774875375594
sub-040,control,lateral,house,5.0,-0.5150270706552617
sub-040,control,medial,house,0.25,-0.04786403445962056
sub-040,control,medial,house,0.5,-0.043562420133147324
sub-040,control,medial,house,0.75,-0.056383848977756716
sub-040,control,medial,house,1.0,-0.06848245041377624
sub-040,control,medial,house,1.25,-0.08205701768321808
sub-040,control,medial,house,1.5,-0.10872170926193406
sub-040,control,medial,house,1.75,-0.14122521137806457
sub-040,control,medial,house,2.0,-0.1561384547303331
sub-040,control,medial,house,2.25,-0.16878107457316266
sub-040,control,medial,house,2.5,-0.19596987642471908
sub-040,control,medial,house,2.75,-0.21813645631314174
sub-040,control,medial,house,3.0,-0.24204494249478412
sub-040,control,medial,house,3.25,-0.25000829231564414
sub-040,control,medial,house,3.5,-0.25977696702381314
sub-040,control,medial,house,3.75,-0.257834027152368
sub-040,control,medial,house,4.0,-0.29912518229769386
sub-040,control,medial,house,4.25,-0.3172945709370184
sub-040,control,medial,house,4.5,-0.3313655866975257
sub-040,control,medial,house,4.75,-0.34763280072913827
sub-040,control,medial,house,5.0,-0.35697392501533526
sub-040,control,whole,object,0.25,0.14835141877654365
sub-040,control,whole,object,0.5,0.16043674355991613
sub-040,control,whole,object,0.75,0.16939374944090355
sub-040,control,whole,object,1.0,0.1714415172204749
sub-040,control,whole,object,1.25,0.1735701001419052
sub-040,control,whole,object,1.5,0.16519052185348174
sub-040,control,whole,object,1.75,0.16742976047095376
sub-040,control,whole,object,2.0,0.16797103760045307
sub-040,control,whole,object,2.25,0.17138054731734428
sub-040,control,whole,object,2.5,0.18307743455877312
sub-040,control,whole,object,2.75,0.20174767053601259
sub-040,control,whole,object,3.0,0.21461167356910846
sub-040,control,whole,object,3.25,0.2287677314030619
sub-040,control,whole,object,3.5,0.24833565609552619
sub-040,control,whole,object,3.75,0.2687732214400765
sub-040,control,whole,object,4.0,0.2751680909983972
sub-040,control,whole,object,4.25,0.2897831758849316
sub-040,control,whole,object,4.5,0.3116533308714365
sub-040,control,whole,object,4.75,0.30477795589090206
sub-040,control,whole,object,5.0,0.31708175865191746
sub-040,control,lateral,object,0.25,0.13501179092491186
sub-040,control,lateral,object,0.5,0.13484066357518823
sub-040,control,lateral,object,0.75,0.13628014091216983
sub-040,control,lateral,object,1.0,0.13748319028207642
sub-040,control,lateral,object,1.25,0.1359788253112058
sub-040,control,lateral,object,1.5,0.12868087172140233
sub-040,control,lateral,object,1.75,0.12892229293417662
sub-040,control,lateral,object,2.0,0.1321668366526678
sub-040,control,lateral,object,2.25,0.14246412473256334
sub-040,control,lateral,object,2.5,0.14819237402484958
sub-040,control,lateral,object,2.75,0.1647771917070889
sub-040,control,lateral,object,3.0,0.17674106359505612
sub-040,control,lateral,object,3.25,0.19729825164535314
sub-040,control,lateral,object,3.5,0.2112739907239563
sub-040,control,lateral,object,3.75,0.2240125297698999
sub-040,control,lateral,object,4.0,0.23955590715278244
sub-040,control,lateral,object,4.25,0.2530099492572904
sub-040,control,lateral,object,4.5,0.26221015804537545
sub-040,control,lateral,object,4.75,0.2655375658875759
sub-040,control,lateral,object,5.0,0.2825825417656602
sub-040,control,medial,object,0.25,0.19228563892325792
sub-040,control,medial,object,0.5,0.2314114251223397
sub-040,control,medial,object,0.75,0.2721045114720846
sub-040,control,medial,object,1.0,0.30702828470171306
sub-040,control,medial,object,1.25,0.33264100417436404
sub-040,control,medial,object,1.5,0.3496711494450156
sub-040,control,medial,object,1.75,0.3715694400258077
sub-040,control,medial,object,2.0,0.39432512431086997
sub-040,control,medial,object,2.25,0.4018505684629752
sub-040,control,medial,object,2.5,0.4316092339685212
sub-040,control,medial,object,2.75,0.5065542611223456
sub-040,control,medial,object,3.0,0.5350116185148087
sub-040,control,medial,object,3.25,0.5586502370546075
sub-040,control,medial,object,3.5,0.6702975286192941
sub-040,control,medial,object,3.75,0.6897010526514158
sub-040,control,medial,object,4.0,0.7083971313364866
sub-040,control,medial,object,4.25,0.7429768498844275
sub-040,control,medial,object,4.5,0.8017763158671178
sub-040,control,medial,object,4.75,0.8025412800568338
sub-040,control,medial,object,5.0,0.8326127612971304
sub-040,control,whole,word,0.25,0.3728786715814737
sub-040,control,whole,word,0.5,0.4066845429731393
sub-040,control,whole,word,0.75,0.42778972030022694
sub-040,control,whole,word,1.0,0.4729215506511811
sub-040,control,whole,word,1.25,0.47813647953824234
sub-040,control,whole,word,1.5,0.5389515860555084
sub-040,control,whole,word,1.75,0.5861994301420317
sub-040,control,whole,word,2.0,0.6685151357409915
sub-040,control,whole,word,2.25,0.7411339311006634
sub-040,control,whole,word,2.5,0.7894831976400938
sub-040,control,whole,word,2.75,0.8305531887101713
sub-040,control,whole,word,3.0,0.8864924558872269
sub-040,control,whole,word,3.25,0.9470927495091128
sub-040,control,whole,word,3.5,0.9804427931453752
sub-040,control,whole,word,3.75,0.9859244141900547
sub-040,control,whole,word,4.0,0.9852466407681476
sub-040,control,whole,word,4.25,1.0
sub-040,control,whole,word,4.5,1.0
sub-040,control,whole,word,4.75,1.0
sub-040,control,whole,word,5.0,1.0
sub-040,control,lateral,word,0.25,0.48686115325787105
sub-040,control,lateral,word,0.5,0.526033613784061
sub-040,control,lateral,word,0.75,0.5446353988763597
sub-040,control,lateral,word,1.0,0.582723336073995
sub-040,control,lateral,word,1.25,0.5928905833685609
sub-040,control,lateral,word,1.5,0.6517049826311048
sub-040,control,lateral,word,1.75,0.6832927726501841
sub-040,control,lateral,word,2.0,0.739996711087209
sub-040,control,lateral,word,2.25,0.7829357387651987
sub-040,control,lateral,word,2.5,0.8284089434290799
sub-040,control,lateral,word,2.75,0.866449873310266
sub-040,control,lateral,word,3.0,0.8936588167600665
sub-040,control,lateral,word,3.25,0.9511714193717719
sub-040,control,lateral,word,3.5,0.981410383297923
sub-040,control,lateral,word,3.75,0.9853036458576412
sub-040,control,lateral,word,4.0,0.9875005673371611
sub-040,control,lateral,word,4.25,1.0
sub-040,control,lateral,word,4.5,1.0
sub-040,control,lateral,word,4.75,1.0
sub-040,control,lateral,word,5.0,1.0
sub-040,control,medial,word,0.25,0.14349278055647216
sub-040,control,medial,word,0.5,0.14046013408577238
sub-040,control,medial,word,0.75,0.16205070142364744
sub-040,control,medial,word,1.0,0.1902077119103883
sub-040,control,medial,word,1.25,0.16264375500232592
sub-040,control,medial,word,1.5,0.1547227308377542
sub-040,control,medial,word,1.75,0.2518044971622782
sub-040,control,medial,word,2.0,0.3644947250381291
sub-040,control,medial,word,2.25,0.47259690070594085
sub-040,control,medial,word,2.5,0.5409721440174317
sub-040,control,medial,word,2.75,0.5009185951265416
sub-040,control,medial,word,3.0,0.8599115066220328
sub-040,control,medial,word,3.25,0.9946666666666666
sub-041,control,whole,face,0.25,-0.12336972712313075
sub-041,control,whole,face,0.5,-0.15929799599108063
sub-041,control,whole,face,0.75,-0.20632108762298315
sub-041,control,whole,face,1.0,-0.24583180047550487
sub-041,control,whole,face,1.25,-0.3069755322695483
sub-041,control,whole,face,1.5,-0.35070949646330996
sub-041,control,whole,face,1.75,-0.41148171288216695
sub-041,control,whole,face,2.0,-0.43326953356824305
sub-041,control,whole,face,2.25,-0.4987431219152883
sub-041,control,whole,face,2.5,-0.5483918009821119
sub-041,control,whole,face,2.75,-0.6008436355564749
sub-041,control,whole,face,3.0,-0.6370408643550235
sub-041,control,whole,face,3.25,-0.651720422972278
sub-041,control,whole,face,3.5,-0.6442186845994139
sub-041,control,whole,face,3.75,-0.6854231559104219
sub-041,control,whole,face,4.0,-0.6803215384198265
sub-041,control,whole,face,4.25,-0.705098659321194
sub-041,control,whole,face,4.5,-0.7213136605654955
sub-041,control,whole,face,4.75,-0.7234849536027417
sub-041,control,whole,face,5.0,-0.6959217649095238
sub-041,control,lateral,face,0.25,-0.07716155080420303
sub-041,control,lateral,face,0.5,-0.1233847820295944
sub-041,control,lateral,face,0.75,-0.18628841473620258
sub-041,control,lateral,face,1.0,-0.2383717415910645
sub-041,control,lateral,face,1.25,-0.3185381712184756
sub-041,control,lateral,face,1.5,-0.35178154451807814
sub-041,control,lateral,face,1.75,-0.4418379483960137
sub-041,control,lateral,face,2.0,-0.4896008702264732
sub-041,control,lateral,face,2.25,-0.5596453906418903
sub-041,control,lateral,face,2.5,-0.5972995996539645
sub-041,control,lateral,face,2.75,-0.6056479530649965
sub-041,control,lateral,face,3.0,-0.644791389307291
sub-041,control,lateral,face,3.25,-0.6882121343837342
sub-041,control,lateral,face,3.5,-0.6682291311577596
sub-041,control,lateral,face,3.75,-0.700877360017261
sub-041,control,lateral,face,4.0,-0.6878389871847824
sub-041,control,lateral,face,4.25,-0.716836906294409
sub-041,control,lateral,face,4.5,-0.7355367609369295
sub-041,control,lateral,face,4.75,-0.7437271650502562
sub-041,control,lateral,face,5.0,-0.7023300731665959
sub-041,control,medial,face,0.25,-0.1915081646886792
sub-041,control,medial,face,0.5,-0.21078637130921102
sub-041,control,medial,face,0.75,-0.23471859027066586
sub-041,control,medial,face,1.0,-0.24966459515827516
sub-041,control,medial,face,1.25,-0.3022781713524165
sub-041,control,medial,face,1.5,-0.33505560348093577
sub-041,control,medial,face,1.75,-0.3697537016151461
sub-041,control,medial,face,2.0,-0.3817349873103491
sub-041,control,medial,face,2.25,-0.43006881604357466
sub-041,control,medial,face,2.5,-0.5099546826228161
sub-041,control,medial,face,2.75,-0.5753821769968838
sub-041,control,medial,face,3.0,-0.6139448514882295
sub-041,control,medial,face,3.25,-0.6086500373361892
sub-041,control,medial,face,3.5,-0.6125742709607215
sub-041,control,medial,face,3.75,-0.6530336370378674
sub-041,control,medial,face,4.0,-0.6691258669479635
sub-041,control,medial,face,4.25,-0.6708239447051251
sub-041,control,medial,face,4.5,-0.7422366143287291
sub-041,control,medial,face,4.75,-0.7199795259156561
sub-041,control,medial,face,5.0,-0.7165038794603157
sub-041,control,whole,house,0.25,-0.23648649803635854
sub-041,control,whole,house,0.5,-0.28253835886266154
sub-041,control,whole,house,0.75,-0.32157981682172226
sub-041,control,whole,house,1.0,-0.35049145610970606
sub-041,control,whole,house,1.25,-0.3887777822931875
sub-041,control,whole,house,1.5,-0.40849845698852144
sub-041,control,whole,house,1.75,-0.42507390916415283
sub-041,control,whole,house,2.0,-0.43702066600705614
sub-041,control,whole,house,2.25,-0.4324663428315833
sub-041,control,whole,house,2.5,-0.4378315391159966
sub-041,control,whole,house,2.75,-0.4445948472350436
sub-041,control,whole,house,3.0,-0.44450368715736005
sub-041,control,whole,house,3.25,-0.44379154181672176
sub-041,control,whole,house,3.5,-0.4656211383434464
sub-041,control,whole,house,3.75,-0.4768217300081238
sub-041,control,whole,house,4.0,-0.5034935915512002
sub-041,control,whole,house,4.25,-0.48302151644595404
sub-041,control,whole,house,4.5,-0.49129029502234106
sub-041,control,whole,house,4.75,-0.49402694613986425
sub-041,control,whole,house,5.0,-0.47482221600278934
sub-041,control,lateral,house,0.25,-0.2537387290107966
sub-041,control,lateral,house,0.5,-0.2933877008477348
sub-041,control,lateral,house,0.75,-0.32948653064087613
sub-041,control,lateral,house,1.0,-0.35000010133156484
sub-041,control,lateral,house,1.25,-0.37828212703769
sub-041,control,lateral,house,1.5,-0.4014999893905755
sub-041,control,lateral,house,1.75,-0.42931466671362917
sub-041,control,lateral,house,2.0,-0.4424231116864321
sub-041,control,lateral,house,2.25,-0.44575834297909706
sub-041,control,lateral,house,2.5,-0.4523231417970796
sub-041,control,lateral,house,2.75,-0.4595238474273045
sub-041,control,lateral,house,3.0,-0.467954584763753
sub-041,control,lateral,house,3.25,-0.47438599915477203
sub-041,control,lateral,house,3.5,-0.5005390972424582
sub-041,control,lateral,house,3.75,-0.5188711438074366
sub-041,control,lateral,house,4.0,-0.54212623575669
sub-041,control,lateral,house,4.25,-0.5407859325106465
sub-041,control,lateral,house,4.5,-0.555474224628583
sub-041,control,lateral,house,4.75,-0.5791250104836605
sub-041,control,lateral,house,5.0,-0.5906405123034343
sub-041,control,medial,house,0.25,-0.2166819057970408
sub-041,control,medial,house,0.5,-0.26519560087717664
sub-041,control,medial,house,0.75,-0.3039725655448569
sub-041,control,medial,house,1.0,-0.35264056862845083
sub-041,control,medial,house,1.25,-0.4026099713196469
sub-041,control,medial,house,1.5,-0.420268216035761
sub-041,control,medial,house,1.75,-0.4279635639064314
sub-041,control,medial,house,2.0,-0.4179895430413055
sub-041,control,medial,house,2.25,-0.3987760826180092
sub-041,control,medial,house,2.5,-0.38029657835932534
sub-041,control,medial,house,2.75,-0.3814121914239946
sub-041,control,medial,house,3.0,-0.35912510362720984
sub-041,control,medial,house,3.25,-0.36578901267979835
sub-041,control,medial,house,3.5,-0.38596148118481266
sub-041,control,medial,house,3.75,-0.35829163423050403
sub-041,control,medial,house,4.0,-0.38093248094662435
sub-041,control,medial,house,4.25,-0.3586928246356713
sub-041,control,medial,house,4.5,-0.3352528544295748
sub-041,control,medial,house,4.75,-0.3124656709712762
sub-041,control,medial,house,5.0,-0.25408672116186826
sub-041,control,whole,object,0.25,0.049012773474906145
sub-041,control,whole,object,0.5,0.07106351454826226
sub-041,control,whole,object,0.75,0.09487096210401409
sub-041,control,whole,object,1.0,0.11954019685551089
sub-041,control,whole,object,1.25,0.1376358529369335
sub-041,control,whole,object,1.5,0.16121090858342868
sub-041,control,whole,object,1.75,0.18292387958385425
sub-041,control,whole,object,2.0,0.20520315704639802
sub-041,control,whole,object,2.25,0.22433085297847344
sub-041,control,whole,object,2.5,0.2239909380495681
sub-041,control,whole,object,2.75,0.22708552956211797
sub-041,control,whole,object,3.0,0.2084077661788616
sub-041,control,whole,object,3.25,0.19354831847803383
sub-041,control,whole,object,3.5,0.16963367257895634
sub-041,control,whole,object,3.75,0.13925516238064325
sub-041,control,whole,object,4.0,0.11779335273035725
sub-041,control,whole,object,4.25,0.09627677372183463
sub-041,control,whole,object,4.5,0.0971288549159188
sub-041,control,whole,object,4.75,0.07974614901977217
sub-041,control,whole,object,5.0,0.03920994109843378
sub-041,control,lateral,object,0.25,0.0514048744608819
sub-041,control,lateral,object,0.5,0.06838928205339365
sub-041,control,lateral,object,0.75,0.0939269968250097
sub-041,control,lateral,object,1.0,0.11720489363786823
sub-041,control,lateral,object,1.25,0.13048475627757328
sub-041,control,lateral,object,1.5,0.13942743735828517
sub-041,control,lateral,object,1.75,0.15426257564415535
sub-041,control,lateral,object,2.0,0.16600723377860654
sub-041,control,lateral,object,2.25,0.1883199408086644
sub-041,control,lateral,object,2.5,0.18710597186402328
sub-041,control,lateral,object,2.75,0.18087845503891398
sub-041,control,lateral,object,3.0,0.17349562364252225
sub-041,control,lateral,object,3.25,0.15428498965630572
sub-041,control,lateral,object,3.5,0.14073366878465365
sub-041,control,lateral,object,3.75,0.10809429088774075
sub-041,control,lateral,object,4.0,0.0888217243138998
sub-041,control,lateral,object,4.25,0.08393079476324006
sub-041,control,lateral,object,4.5,0.07296735846883089
sub-041,control,lateral,object,4.75,0.05602809473731279
sub-041,control,lateral,object,5.0,0.0309239687796846
sub-041,control,medial,object,0.25,0.035048993294274806
sub-041,control,medial,object,0.5,0.06910617618515691
sub-041,control,medial,object,0.75,0.095018762618972
sub-041,control,medial,object,1.0,0.13182838131573738
sub-041,control,medial,object,1.25,0.1713009002825513
sub-041,control,medial,object,1.5,0.22024986923002593
sub-041,control,medial,object,1.75,0.2900863662238697
sub-041,control,medial,object,2.0,0.3461450375213353
sub-041,control,medial,object,2.25,0.38529585321770626
sub-041,control,medial,object,2.5,0.410084625805464
sub-041,control,medial,object,2.75,0.450091817599944
sub-041,control,medial,object,3.0,0.4661282981832933
sub-041,control,medial,object,3.25,0.4916746667816663
sub-041,control,medial,object,3.5,0.4969617419088864
sub-041,control,medial,object,3.75,0.5574940104602688
sub-041,control,medial,object,4.0,0.5280331953843627
sub-041,control,medial,object,4.25,0.6115434118978386
sub-041,control,medial,object,4.5,0.5522501003270234
sub-041,control,medial,object,4.75,0.4595747873525651
sub-041,control,medial,object,5.0,0.5112580834803057
sub-041,control,whole,word,0.25,0.19656542650834588
sub-041,control,whole,word,0.5,0.23089139287676463
sub-041,control,whole,word,0.75,0.2581640270803762
sub-041,control,whole,word,1.0,0.3089750722937533
sub-041,control,whole,word,1.25,0.35493267475914336
sub-041,control,whole,word,1.5,0.40496625608655196
sub-041,control,whole,word,1.75,0.44878744288352257
sub-041,control,whole,word,2.0,0.4979374167721474
sub-041,control,whole,word,2.25,0.5728111883431297
sub-041,control,whole,word,2.5,0.7226369693497817
sub-041,control,whole,word,2.75,0.8386251500391282
sub-041,control,whole,word,3.0,0.8918791003006246
sub-041,control,whole,word,3.25,0.9729868247324104
sub-041,control,whole,word,3.5,0.9932876557185638
sub-041,control,whole,word,3.75,1.0
sub-041,control,whole,word,4.0,1.0
sub-041,control,whole,word,4.25,1.0
sub-041,control,whole,word,4.5,1.0
sub-041,control,whole,word,4.75,1.0
sub-041,control,whole,word,5.0,1.0
sub-041,control,lateral,word,0.25,0.20377902783107119
sub-041,control,lateral,word,0.5,0.24561244952225844
sub-041,control,lateral,word,0.75,0.29281372523642996
sub-041,control,lateral,word,1.0,0.3530055486743084
sub-041,control,lateral,word,1.25,0.41984080656714934
sub-041,control,lateral,word,1.5,0.4949539457611861
sub-041,control,lateral,word,1.75,0.5277064299317671
sub-041,control,lateral,word,2.0,0.5986912352472005
sub-041,control,lateral,word,2.25,0.6658578609060548
sub-041,control,lateral,word,2.5,0.8199253997046554
sub-041,control,lateral,word,2.75,0.9230566335490273
sub-041,control,lateral,word,3.0,0.9482443701165966
sub-041,control,lateral,word,3.25,0.9841763612899622
sub-041,control,lateral,word,3.5,1.0
sub-041,control,lateral,word,3.75,1.0
sub-041,control,lateral,word,4.0,1.0
sub-041,control,lateral,word,4.25,1.0
sub-041,control,lateral,word,4.5,1.0
sub-041,control,lateral,word,4.75,1.0
sub-041,control,lateral,word,5.0,1.0
sub-041,control,medial,word,0.25,0.16110577411115834
sub-041,control,medial,word,0.5,0.16149235139873278
sub-041,control,medial,word,0.75,0.1526925801794587
sub-041,control,medial,word,1.0,0.15081929583654421
sub-041,control,medial,word,1.25,0.15399485538165886
sub-041,control,medial,word,1.5,0.1134932982994148
sub-041,control,medial,word,1.75,0.1235729044621911
sub-041,control,medial,word,2.0,0.07180948735741176
sub-041,control,medial,word,2.25,0.046562158021854365
sub-041,control,medial,word,2.5,0.1869507022477364
sub-041,control,medial,word,2.75,0.27989788933686033
sub-041,control,medial,word,3.0,0.48546939848709814
sub-041,control,medial,word,3.25,0.9084540644540645
sub-041,control,medial,word,3.5,0.9728359788359788
sub-041,control,medial,word,3.75,1.0
sub-041,control,medial,word,4.0,1.0
sub-043,control,whole,face,0.25,-0.13745923797405665
sub-043,control,whole,face,0.5,-0.16305000058287378
sub-043,control,whole,face,0.75,-0.18520525093896523
sub-043,control,whole,face,1.0,-0.23143232037285075
sub-043,control,whole,face,1.25,-0.2711910932731276
sub-043,control,whole,face,1.5,-0.3121002205303791
sub-043,control,whole,face,1.75,-0.33776410040071275
sub-043,control,whole,face,2.0,-0.34543933359510726
sub-043,control,whole,face,2.25,-0.36204585386059845
sub-043,control,whole,face,2.5,-0.36038855287469046
sub-043,control,whole,face,2.75,-0.361091397422163
sub-043,control,whole,face,3.0,-0.3557759575712485
sub-043,control,whole,face,3.25,-0.34214984899794215
sub-043,control,whole,face,3.5,-0.34452641509430343
sub-043,control,whole,face,3.75,-0.34844360648285316
sub-043,control,whole,face,4.0,-0.3822673213420172
sub-043,control,whole,face,4.25,-0.38299009558375813
sub-043,control,whole,face,4.5,-0.3734172577032895
sub-043,control,whole,face,4.75,-0.3789980003568874
sub-043,control,whole,face,5.0,-0.39010925011002745
sub-043,control,lateral,face,0.25,-0.18802168122105659
sub-043,control,lateral,face,0.5,-0.2074239596608017
sub-043,control,lateral,face,0.75,-0.22889806469716326
sub-043,control,lateral,face,1.0,-0.2720227359231347
sub-043,control,lateral,face,1.25,-0.31017097481416867
sub-043,control,lateral,face,1.5,-0.34891939926682114
sub-043,control,lateral,face,1.75,-0.37740686928060846
sub-043,control,lateral,face,2.0,-0.36870356626145306
sub-043,control,lateral,face,2.25,-0.36005019358937945
sub-043,control,lateral,face,2.5,-0.36300352630062604
sub-043,control,lateral,face,2.75,-0.3361037460302699
sub-043,control,lateral,face,3.0,-0.30579568374343996
sub-043,control,lateral,face,3.25,-0.285038765174068
sub-043,control,lateral,face,3.5,-0.2781316437218207
sub-043,control,lateral,face,3.75,-0.2885088592523603
sub-043,control,lateral,face,4.0,-0.2855838952497756
sub-043,control,lateral,face,4.25,-0.3005110948069156
sub-043,control,lateral,face,4.5,-0.3012745622654773
sub-043,control,lateral,face,4.75,-0.301781591109225
sub-043,control,lateral,face,5.0,-0.3312226077273865
sub-043,control,medial,face,0.25,-0.03611658242477017
sub-043,control,medial,face,0.5,-0.06542261320261492
sub-043,control,medial,face,0.75,-0.09180258509474248
sub-043,control,medial,face,1.0,-0.13856767829777256
sub-043,control,medial,face,1.25,-0.18677438028736312
sub-043,control,medial,face,1.5,-0.2358561688115747
sub-043,control,medial,face,1.75,-0.25966810334399393
sub-043,control,medial,face,2.0,-0.3037860450383807
sub-043,control,medial,face,2.25,-0.3649471226005187
sub-043,control,medial,face,2.5,-0.4000700730160229
sub-043,control,medial,face,2.75,-0.44523536370654865
sub-043,control,medial,face,3.0,-0.4636726994855941
sub-043,control,medial,face,3.25,-0.49929126617641306
sub-043,control,medial,face,3.5,-0.5593969261907562
sub-043,control,medial,face,3.75,-0.5869454108008669
sub-043,control,medial,face,4.0,-0.6674299205175243
sub-043,control,medial,face,4.25,-0.752950844671662
sub-043,control,medial,face,4.5,-0.7660057316512383
sub-043,control,medial,face,4.75,-0.7758461733041145
sub-043,control,medial,face,5.0,-0.7831665746000791
sub-043,control,whole,house,0.25,-0.13387326308594152
sub-043,control,whole,house,0.5,-0.13330125921515654
sub-043,control,whole,house,0.75,-0.1434071335005005
sub-043,control,whole,house,1.0,-0.15482290757986517
sub-043,control,whole,house,1.25,-0.15536112786140038
sub-043,control,whole,house,1.5,-0.16166863310411336
sub-043,control,whole,house,1.75,-0.17178597173581756
sub-043,control,whole,house,2.0,-0.19706373685873538
sub-043,control,whole,house,2.25,-0.24578384439930864
sub-043,control,whole,house,2.5,-0.2792079524505703
sub-043,control,whole,house,2.75,-0.3126876580632941
sub-043,control,whole,house,3.0,-0.33869164153279135
sub-043,control,whole,house,3.25,-0.35114639082697613
sub-043,control,whole,house,3.5,-0.37803050096126567
sub-043,control,whole,house,3.75,-0.3875623211066122
sub-043,control,whole,house,4.0,-0.4115251121581961
sub-043,control,whole,house,4.25,-0.4282160430734909
sub-043,control,whole,house,4.5,-0.4836178630207526
sub-043,control,whole,house,4.75,-0.5000072285084564
sub-043,control,whole,house,5.0,-0.5760286396315973
sub-043,control,lateral,house,0.25,-0.1458443770743369
sub-043,control,lateral,house,0.5,-0.13768089683515833
sub-043,control,lateral,house,0.75,-0.14806185030494748
sub-043,control,lateral,house,1.0,-0.14400375609581717
sub-043,control,lateral,house,1.25,-0.14227934075949794
sub-043,control,lateral,house,1.5,-0.16817805500415484
sub-043,control,lateral,house,1.75,-0.17438037322381794
sub-043,control,lateral,house,2.0,-0.2010326953920159
sub-043,control,lateral,house,2.25,-0.2639779724377681
sub-043,control,lateral,house,2.5,-0.31012501051914065
sub-043,control,lateral,house,2.75,-0.3675760538238835
sub-043,control,lateral,house,3.0,-0.37801382135248823
sub-043,control,lateral,house,3.25,-0.42224303228967697
sub-043,control,lateral,house,3.5,-0.40725752651725367
sub-043,control,lateral,house,3.75,-0.4200619211209909
sub-043,control,lateral,house,4.0,-0.4577926313905364
sub-043,control,lateral,house,4.25,-0.4557277147248892
sub-043,control,lateral,house,4.5,-0.49843734127370853
sub-043,control,lateral,house,4.75,-0.47873108140552384
sub-043,control,lateral,house,5.0,-0.5098587779222027
sub-043,control,medial,house,0.25,-0.11043502678124369
sub-043,control,medial,house,0.5,-0.12671683578452625
sub-043,control,medial,house,0.75,-0.13985007655367465
sub-043,control,medial,house,1.0,-0.15587158376965923
sub-043,control,medial,house,1.25,-0.16988952295449747
sub-043,control,medial,house,1.5,-0.16895504613944654
sub-043,control,medial,house,1.75,-0.1829032692943766
sub-043,control,medial,house,2.0,-0.20760538403158132
sub-043,control,medial,house,2.25,-0.21072247518998435
sub-043,control,medial,house,2.5,-0.2404172847810577
sub-043,control,medial,house,2.75,-0.2574595511638585
sub-043,control,medial,house,3.0,-0.2712743907983504
sub-043,control,medial,house,3.25,-0.27489743699627267
sub-043,control,medial,house,3.5,-0.3377136178943475
sub-043,control,medial,house,3.75,-0.3563540023272827
sub-043,control,medial,house,4.0,-0.37105128911798674
sub-043,control,medial,house,4.25,-0.38725281177519033
sub-043,control,medial,house,4.5,-0.45487423137025207
sub-043,control,medial,house,4.75,-0.5138036903975444
sub-043,control,medial,house,5.0,-0.6207000654448998
sub-043,control,whole,object,0.25,0.006450538638112454
sub-043,control,whole,object,0.5,0.0099330269870632
sub-043,control,whole,object,0.75,0.0121423556977015
sub-043,control,whole,object,1.0,0.02452389814526235
sub-043,control,whole,object,1.25,0.04065998897184646
sub-043,control,whole,object,1.5,0.05230573879495463
sub-043,control,whole,object,1.75,0.07120780266502465
sub-043,control,whole,object,2.0,0.08410411102557173
sub-043,control,whole,object,2.25,0.08639021195980164
sub-043,control,whole,object,2.5,0.10688751115681823
sub-043,control,whole,object,2.75,0.11545191320898017
sub-043,control,whole,object,3.0,0.12518967041429746
sub-043,control,whole,object,3.25,0.12184889657186547
sub-043,control,whole,object,3.5,0.12586376210286362
sub-043,control,whole,object,3.75,0.13692555605178103
sub-043,control,whole,object,4.0,0.14821838395865575
sub-043,control,whole,object,4.25,0.14938334333046419
sub-043,control,whole,object,4.5,0.17339291813138874
sub-043,control,whole,object,4.75,0.1892963272582829
sub-043,control,whole,object,5.0,0.22066010378768713
sub-043,control,lateral,object,0.25,0.03930449270263516
sub-043,control,lateral,object,0.5,0.047123183594028124
sub-043,control,lateral,object,0.75,0.06510433529853488
sub-043,control,lateral,object,1.0,0.08343372331612862
sub-043,control,lateral,object,1.25,0.10299547937977696
sub-043,control,lateral,object,1.5,0.1166083041037877
sub-043,control,lateral,object,1.75,0.13701375707735425
sub-043,control,lateral,object,2.0,0.14360846028929697
sub-043,control,lateral,object,2.25,0.1516227359833842
sub-043,control,lateral,object,2.5,0.17195534067294002
sub-043,control,lateral,object,2.75,0.17696389239781177
sub-043,control,lateral,object,3.0,0.182049593415905
sub-043,control,lateral,object,3.25,0.18278253583331647
sub-043,control,lateral,object,3.5,0.18664216152065102
sub-043,control,lateral,object,3.75,0.18137194454226144
sub-043,control,lateral,object,4.0,0.1857886099036293
sub-043,control,lateral,object,4.25,0.19076668076264106
sub-043,control,lateral,object,4.5,0.19525040958280745
sub-043,control,lateral,object,4.75,0.2079025798700757
sub-043,control,lateral,object,5.0,0.21570169966863084
sub-043,control,medial,object,0.25,-0.07769472577947417
sub-043,control,medial,object,0.5,-0.10678439759112403
sub-043,control,medial,object,0.75,-0.12478155811985747
sub-043,control,medial,object,1.0,-0.16814882391550076
sub-043,control,medial,object,1.25,-0.18085979592966225
sub-043,control,medial,object,1.5,-0.18469482497346598
sub-043,control,medial,object,1.75,-0.18480368183893517
sub-043,control,medial,object,2.0,-0.17902258004092672
sub-043,control,medial,object,2.25,-0.19187256497649977
sub-043,control,medial,object,2.5,-0.19868353072938633
sub-043,control,medial,object,2.75,-0.2240311885428921
sub-043,control,medial,object,3.0,-0.20868081716644937
sub-043,control,medial,object,3.25,-0.20406726405743153
sub-043,control,medial,object,3.5,-0.18986217613629347
sub-043,control,medial,object,3.75,-0.10627053403086055
sub-043,control,medial,object,4.0,-0.08257158306278108
sub-043,control,medial,object,4.25,-0.05134665212310785
sub-043,control,medial,object,4.5,0.03666921548534299
sub-043,control,medial,object,4.75,0.09765889185594925
sub-043,control,medial,object,5.0,0.23659604787860114
sub-043,control,whole,word,0.25,0.3684888516399566
sub-043,control,whole,word,0.5,0.40869952597681597
sub-043,control,whole,word,0.75,0.4348264233100862
sub-043,control,whole,word,1.0,0.44499533860554935
sub-043,control,whole,word,1.25,0.46944249045981196
sub-043,control,whole,word,1.5,0.5086583478383483
sub-043,control,whole,word,1.75,0.543573234887021
sub-043,control,whole,word,2.0,0.5723230254696046
sub-043,control,whole,word,2.25,0.5993555927994935
sub-043,control,whole,word,2.5,0.6409456649138956
sub-043,control,whole,word,2.75,0.6624257982103792
sub-043,control,whole,word,3.0,0.7078548978383181
sub-043,control,whole,word,3.25,0.7313352983322838
sub-043,control,whole,word,3.5,0.7462635701093635
sub-043,control,whole,word,3.75,0.7513198733234246
sub-043,control,whole,word,4.0,0.7878044178582313
sub-043,control,whole,word,4.25,0.8043265376127915
sub-043,control,whole,word,4.5,0.8309969136847676
sub-043,control,whole,word,4.75,0.8536188702039457
sub-043,control,whole,word,5.0,0.8755757535294875
sub-043,control,lateral,word,0.25,0.4392855620148143
sub-043,control,lateral,word,0.5,0.4687486288129846
sub-043,control,lateral,word,0.75,0.4866710780614503
sub-043,control,lateral,word,1.0,0.49181047712489684
sub-043,control,lateral,word,1.25,0.5174588955861686
sub-043,control,lateral,word,1.5,0.5529734700191911
sub-043,control,lateral,word,1.75,0.573155108176696
sub-043,control,lateral,word,2.0,0.5995827371618546
sub-043,control,lateral,word,2.25,0.6254449563908782
sub-043,control,lateral,word,2.5,0.647599391758656
sub-043,control,lateral,word,2.75,0.664672121650461
sub-043,control,lateral,word,3.0,0.7091177279225779
sub-043,control,lateral,word,3.25,0.7103019420008785
sub-043,control,lateral,word,3.5,0.7318286340639962
sub-043,control,lateral,word,3.75,0.740940901974987
sub-043,control,lateral,word,4.0,0.762269094896148
sub-043,control,lateral,word,4.25,0.7919823001344013
sub-043,control,lateral,word,4.5,0.8088516270669552
sub-043,control,lateral,word,4.75,0.8560697277315578
sub-043,control,lateral,word,5.0,0.8685116315013545
sub-043,control,medial,word,0.25,0.04612759869819862
sub-043,control,medial,word,0.5,0.06095891569545953
sub-043,control,medial,word,0.75,0.05531169352630593
sub-043,control,medial,word,1.0,0.06314333395949522
sub-043,control,medial,word,1.25,0.10703320581330461
sub-043,control,medial,word,1.5,0.08355447852555685
sub-043,control,medial,word,1.75,0.18113588424913515
sub-043,control,medial,word,2.0,0.2542749975687941
sub-043,control,medial,word,2.25,0.35538155360947826
sub-043,control,medial,word,2.5,0.5680896213765547
sub-043,control,medial,word,2.75,0.6968510762133789
sub-043,control,medial,word,3.0,0.8898278187005565
sub-043,control,medial,word,3.25,1.0
sub-043,control,medial,word,3.5,1.0
sub-043,control,medial,word,3.75,1.0
sub-043,control,medial,word,4.0,1.0
sub-043,control,medial,word,4.25,1.0
sub-043,control,medial,word,4.5,1.0
sub-043,control,medial,word,4.75,1.0
sub-043,control,medial,word,5.0,1.0
sub-044,OTC,whole,face,0.25,-0.005754537727439968
sub-044,OTC,whole,face,0.5,-0.01350984850719817
sub-044,OTC,whole,face,0.75,-0.022154437000683282
sub-044,OTC,whole,face,1.0,-0.028381904728827862
sub-044,OTC,whole,face,1.25,-0.027860219489914587
sub-044,OTC,whole,face,1.5,-0.024916503718176906
sub-044,OTC,whole,face,1.75,-0.020479288758056984
sub-044,OTC,whole,face,2.0,-0.02174171232915521
sub-044,OTC,whole,face,2.25,-0.031647251030354796
sub-044,OTC,whole,face,2.5,-0.03960315486744868
sub-044,OTC,whole,face,2.75,-0.07218297127397254
sub-044,OTC,whole,face,3.0,-0.08509635549254739
sub-044,OTC,whole,face,3.25,-0.10364695483792895
sub-044,OTC,whole,face,3.5,-0.09952354643837996
sub-044,OTC,whole,face,3.75,-0.10006456275166845
sub-044,OTC,whole,face,4.0,-0.0917081826409054
sub-044,OTC,whole,face,4.25,-0.09443661122137831
sub-044,OTC,whole,face,4.5,-0.07468943624339744
sub-044,OTC,whole,face,4.75,-0.07956424461638786
sub-044,OTC,whole,face,5.0,-0.06028403686005512
sub-044,OTC,lateral,face,0.25,-0.008650933885730856
sub-044,OTC,lateral,face,0.5,-0.02341761690911442
sub-044,OTC,lateral,face,0.75,-0.02275615999416004
sub-044,OTC,lateral,face,1.0,-0.03141381574414728
sub-044,OTC,lateral,face,1.25,-0.026545513834931204
sub-044,OTC,lateral,face,1.5,-0.03306537289592555
sub-044,OTC,lateral,face,1.75,-0.04237266523642483
sub-044,OTC,lateral,face,2.0,-0.032359289609603575
sub-044,OTC,lateral,face,2.25,-0.05716835513770638
sub-044,OTC,lateral,face,2.5,-0.08406253254258944
sub-044,OTC,lateral,face,2.75,-0.11271597851554019
sub-044,OTC,lateral,face,3.0,-0.11687980527743104
sub-044,OTC,lateral,face,3.25,-0.13292197928758032
sub-044,OTC,lateral,face,3.5,-0.1548910305410457
sub-044,OTC,lateral,face,3.75,-0.1309300218942134
sub-044,OTC,lateral,face,4.0,-0.1430989613844086
sub-044,OTC,lateral,face,4.25,-0.13747941327395316
sub-044,OTC,lateral,face,4.5,-0.10922101595571448
sub-044,OTC,lateral,face,4.75,-0.09793758221861801
sub-044,OTC,lateral,face,5.0,-0.08049965105428697
sub-044,OTC,medial,face,0.25,0.009351090099089682
sub-044,OTC,medial,face,0.5,0.005730664234284064
sub-044,OTC,medial,face,0.75,-0.006401628284001348
sub-044,OTC,medial,face,1.0,-0.026331160661870093
sub-044,OTC,medial,face,1.25,-0.0033682917679617986
sub-044,OTC,medial,face,1.5,-0.007600413724608674
sub-044,OTC,medial,face,1.75,0.0047655822558454455
sub-044,OTC,medial,face,2.0,0.01816534405148456
sub-044,OTC,medial,face,2.25,0.0461188399150591
sub-044,OTC,medial,face,2.5,0.06756189422576571
sub-044,OTC,medial,face,2.75,0.0599453452509956
sub-044,OTC,medial,face,3.0,0.08095539656573474
sub-044,OTC,medial,face,3.25,0.07703036022009462
sub-044,OTC,medial,face,3.5,0.07133771716732235
sub-044,OTC,medial,face,3.75,0.0594978329784378
sub-044,OTC,medial,face,4.0,0.10393332461773604
sub-044,OTC,medial,face,4.25,0.06110799793707755
sub-044,OTC,medial,face,4.5,0.08781566296170477
sub-044,OTC,medial,face,4.75,0.008287840268662442
sub-044,OTC,medial,face,5.0,-0.011842186498570925
sub-044,OTC,whole,house,0.25,0.013069975681313805
sub-044,OTC,whole,house,0.5,0.007674898020354002
sub-044,OTC,whole,house,0.75,0.007958553818877345
sub-044,OTC,whole,house,1.0,-0.010870534835803625
sub-044,OTC,whole,house,1.25,-0.03173427546793715
sub-044,OTC,whole,house,1.5,-0.04962178923747548
sub-044,OTC,whole,house,1.75,-0.07331342505972485
sub-044,OTC,whole,house,2.0,-0.10397102694984094
sub-044,OTC,whole,house,2.25,-0.13591162262583253
sub-044,OTC,whole,house,2.5,-0.177635195302973
sub-044,OTC,whole,house,2.75,-0.2196366298103192
sub-044,OTC,whole,house,3.0,-0.24908848797163208
sub-044,OTC,whole,house,3.25,-0.2803483998388511
sub-044,OTC,whole,house,3.5,-0.30390177726665935
sub-044,OTC,whole,house,3.75,-0.33138897517121174
sub-044,OTC,whole,house,4.0,-0.350925350639692
sub-044,OTC,whole,house,4.25,-0.35449732595908956
sub-044,OTC,whole,house,4.5,-0.3603863169300343
sub-044,OTC,whole,house,4.75,-0.3783841593266387
sub-044,OTC,whole,house,5.0,-0.37871401136043203
sub-044,OTC,lateral,house,0.25,0.08812839885386203
sub-044,OTC,lateral,house,0.5,0.10247475564688723
sub-044,OTC,lateral,house,0.75,0.11134813744195375
sub-044,OTC,lateral,house,1.0,0.11579992503041621
sub-044,OTC,lateral,house,1.25,0.10389168204960533
sub-044,OTC,lateral,house,1.5,0.09119290934298324
sub-044,OTC,lateral,house,1.75,0.08010587906270286
sub-044,OTC,lateral,house,2.0,0.05510559111619592
sub-044,OTC,lateral,house,2.25,0.02526605810665813
sub-044,OTC,lateral,house,2.5,-0.025186509736673877
sub-044,OTC,lateral,house,2.75,-0.07211330099561007
sub-044,OTC,lateral,house,3.0,-0.11560820412933531
sub-044,OTC,lateral,house,3.25,-0.16047598553029338
sub-044,OTC,lateral,house,3.5,-0.17337219984714353
sub-044,OTC,lateral,house,3.75,-0.193615743621597
sub-044,OTC,lateral,house,4.0,-0.21491080831789208
sub-044,OTC,lateral,house,4.25,-0.19347884020916786
sub-044,OTC,lateral,house,4.5,-0.20259512103395913
sub-044,OTC,lateral,house,4.75,-0.21662034508063757
sub-044,OTC,lateral,house,5.0,-0.22178781285776375
sub-044,OTC,medial,house,0.25,-0.1502057514168167
sub-044,OTC,medial,house,0.5,-0.18870882827092836
sub-044,OTC,medial,house,0.75,-0.21317228242626418
sub-044,OTC,medial,house,1.0,-0.2507249349288619
sub-044,OTC,medial,house,1.25,-0.29938948037953256
sub-044,OTC,medial,house,1.5,-0.3359391414834401
sub-044,OTC,medial,house,1.75,-0.35154993785564725
sub-044,OTC,medial,house,2.0,-0.3850047357053532
sub-044,OTC,medial,house,2.25,-0.4043097241086872
sub-044,OTC,medial,house,2.5,-0.4163715230218735
sub-044,OTC,medial,house,2.75,-0.43317149692240825
sub-044,OTC,medial,house,3.0,-0.43747199062485187
sub-044,OTC,medial,house,3.25,-0.4644910769471724
sub-044,OTC,medial,house,3.5,-0.47786277984015046
sub-044,OTC,medial,house,3.75,-0.5117302780833195
sub-044,OTC,medial,house,4.0,-0.5003879995800697
sub-044,OTC,medial,house,4.25,-0.521119540255273
sub-044,OTC,medial,house,4.5,-0.5265741890525204
sub-044,OTC,medial,house,4.75,-0.529636565854388
sub-044,OTC,medial,house,5.0,-0.5543846190457273
sub-044,OTC,whole,object,0.25,-0.03230760500590411
sub-044,OTC,whole,object,0.5,-0.03202178083117263
sub-044,OTC,whole,object,0.75,-0.0304155992401472
sub-044,OTC,whole,object,1.0,-0.04515004583519441
sub-044,OTC,whole,object,1.25,-0.05135855040123812
sub-044,OTC,whole,object,1.5,-0.06884548099834853
sub-044,OTC,whole,object,1.75,-0.08089004772951207
sub-044,OTC,whole,object,2.0,-0.09935576209354924
sub-044,OTC,whole,object,2.25,-0.11225942649738886
sub-044,OTC,whole,object,2.5,-0.1048610817182114
sub-044,OTC,whole,object,2.75,-0.09966603137130486
sub-044,OTC,whole,object,3.0,-0.10942919622102981
sub-044,OTC,whole,object,3.25,-0.12038331963249568
sub-044,OTC,whole,object,3.5,-0.135561744332418
sub-044,OTC,whole,object,3.75,-0.14732631896516118
sub-044,OTC,whole,object,4.0,-0.158720794381869
sub-044,OTC,whole,object,4.25,-0.1710996388689305
sub-044,OTC,whole,object,4.5,-0.18543843875510116
sub-044,OTC,whole,object,4.75,-0.19344050622643558
sub-044,OTC,whole,object,5.0,-0.18365206539342682
sub-044,OTC,lateral,object,0.25,-0.030111620156516708
sub-044,OTC,lateral,object,0.5,-0.02703668119128626
sub-044,OTC,lateral,object,0.75,-0.011650348335514158
sub-044,OTC,lateral,object,1.0,-0.012611607602909202
sub-044,OTC,lateral,object,1.25,-0.025398631369709906
sub-044,OTC,lateral,object,1.5,-0.026706941126330513
sub-044,OTC,lateral,object,1.75,-0.030464691207432813
sub-044,OTC,lateral,object,2.0,-0.028164753735492685
sub-044,OTC,lateral,object,2.25,-0.020216447139809655
sub-044,OTC,lateral,object,2.5,0.008830586498627039
sub-044,OTC,lateral,object,2.75,0.026045819210817035
sub-044,OTC,lateral,object,3.0,0.037458101317448055
sub-044,OTC,lateral,object,3.25,0.04032881751801048
sub-044,OTC,lateral,object,3.5,0.04218361131230482
sub-044,OTC,lateral,object,3.75,0.01739940993541939
sub-044,OTC,lateral,object,4.0,0.03365985238566388
sub-044,OTC,lateral,object,4.25,0.04698452440749604
sub-044,OTC,lateral,object,4.5,0.05171441434504333
sub-044,OTC,lateral,object,4.75,0.06742309667603019
sub-044,OTC,lateral,object,5.0,0.054792717322064456
sub-044,OTC,medial,object,0.25,-0.04645030849705987
sub-044,OTC,medial,object,0.5,-0.05129843142756843
sub-044,OTC,medial,object,0.75,-0.08379059020570365
sub-044,OTC,medial,object,1.0,-0.11162129362729825
sub-044,OTC,medial,object,1.25,-0.13346993505642188
sub-044,OTC,medial,object,1.5,-0.16387575464708562
sub-044,OTC,medial,object,1.75,-0.228681950076793
sub-044,OTC,medial,object,2.0,-0.2742704895477874
sub-044,OTC,medial,object,2.25,-0.34857092465533623
sub-044,OTC,medial,object,2.5,-0.37866062874861306
sub-044,OTC,medial,object,2.75,-0.43973399067097657
sub-044,OTC,medial,object,3.0,-0.47557928390772103
sub-044,OTC,medial,object,3.25,-0.49139861272082036
sub-044,OTC,medial,object,3.5,-0.5305725205587847
sub-044,OTC,medial,object,3.75,-0.5563252513815744
sub-044,OTC,medial,object,4.0,-0.6030065135173934
sub-044,OTC,medial,object,4.25,-0.6075778864921708
sub-044,OTC,medial,object,4.5,-0.613055236860541
sub-044,OTC,medial,object,4.75,-0.6388097334831881
sub-044,OTC,medial,object,5.0,-0.6316298809268516
sub-044,OTC,whole,word,0.25,0.09282253694177665
sub-044,OTC,whole,word,0.5,0.05939493071770344
sub-044,OTC,whole,word,0.75,-0.005547510875975683
sub-044,OTC,whole,word,1.0,-0.07266679332592119
sub-044,OTC,whole,word,1.25,-0.13023168749071837
sub-044,OTC,whole,word,1.5,-0.20004910958974392
sub-044,OTC,whole,word,1.75,-0.2729507399612296
sub-044,OTC,whole,word,2.0,-0.3376428196858815
sub-044,OTC,whole,word,2.25,-0.3757608441901143
sub-044,OTC,whole,word,2.5,-0.3890054614583526
sub-044,OTC,whole,word,2.75,-0.40488648552973283
sub-044,OTC,whole,word,3.0,-0.4401932136423203
sub-044,OTC,whole,word,3.25,-0.47038406834383834
sub-044,OTC,whole,word,3.5,-0.5359354940160871
sub-044,OTC,whole,word,3.75,-0.630535874502528
sub-044,OTC,whole,word,4.0,-0.6883084044266413
sub-044,OTC,whole,word,4.25,-0.6089133192434131
sub-044,OTC,whole,word,4.5,-0.6036119191122583
sub-044,OTC,whole,word,4.75,-0.5356030586468932
sub-044,OTC,whole,word,5.0,-0.42572003468229874
sub-044,OTC,lateral,word,0.25,0.05017807635276708
sub-044,OTC,lateral,word,0.5,0.028513950041354166
sub-044,OTC,lateral,word,0.75,-0.021633466130414572
sub-044,OTC,lateral,word,1.0,-0.08040449860821307
sub-044,OTC,lateral,word,1.25,-0.12606953873988958
sub-044,OTC,lateral,word,1.5,-0.17647223167447845
sub-044,OTC,lateral,word,1.75,-0.20699916569581112
sub-044,OTC,lateral,word,2.0,-0.24633747149216614
sub-044,OTC,lateral,word,2.25,-0.27317535361858725
sub-044,OTC,lateral,word,2.5,-0.28201366364010433
sub-044,OTC,lateral,word,2.75,-0.2800663962540295
sub-044,OTC,lateral,word,3.0,-0.26802852490965595
sub-044,OTC,lateral,word,3.25,-0.2894412683124778
sub-044,OTC,lateral,word,3.5,-0.3536841166289396
sub-044,OTC,lateral,word,3.75,-0.47730892845687606
sub-044,OTC,lateral,word,4.0,-0.4802149162057696
sub-044,OTC,lateral,word,4.25,-0.34028425220302994
sub-044,OTC,lateral,word,4.5,-0.29971086734977886
sub-044,OTC,lateral,word,4.75,-0.19699172880991062
sub-044,OTC,lateral,word,5.0,-0.025379848909260677
sub-044,OTC,medial,word,0.25,0.20849886822426342
sub-044,OTC,medial,word,0.5,0.14366175584873245
sub-044,OTC,medial,word,0.75,0.06303265400018251
sub-044,OTC,medial,word,1.0,-0.0816740705510976
sub-044,OTC,medial,word,1.25,-0.16749944519447063
sub-044,OTC,medial,word,1.5,-0.3152313199756583
sub-044,OTC,medial,word,1.75,-0.44115542538932523
sub-044,OTC,medial,word,2.0,-0.5806582548001531
sub-044,OTC,medial,word,2.25,-0.6659299097151665
sub-044,OTC,medial,word,2.5,-0.6907384342575473
sub-044,OTC,medial,word,2.75,-0.7553298391992985
sub-044,OTC,medial,word,3.0,-0.9528617714402026
sub-044,OTC,medial,word,3.25,-1.0
sub-044,OTC,medial,word,3.5,-1.0
sub-044,OTC,medial,word,3.75,-1.0
sub-044,OTC,medial,word,4.0,-1.0
sub-044,OTC,medial,word,4.25,-1.0
sub-044,OTC,medial,word,4.5,-1.0
sub-044,OTC,medial,word,4.75,-1.0
sub-044,OTC,medial,word,5.0,-1.0
sub-052,control,whole,face,0.25,-0.06785020667995317
sub-052,control,whole,face,0.5,-0.08996290257244573
sub-052,control,whole,face,0.75,-0.10948122325960512
sub-052,control,whole,face,1.0,-0.13387173252993925
sub-052,control,whole,face,1.25,-0.1542926767852445
sub-052,control,whole,face,1.5,-0.1861211129767802
sub-052,control,whole,face,1.75,-0.20526313920663136
sub-052,control,whole,face,2.0,-0.2393828873121016
sub-052,control,whole,face,2.25,-0.24733306677677785
sub-052,control,whole,face,2.5,-0.24488695014171102
sub-052,control,whole,face,2.75,-0.23581099723607607
sub-052,control,whole,face,3.0,-0.23423511255258553
sub-052,control,whole,face,3.25,-0.23428042645161148
sub-052,control,whole,face,3.5,-0.23390079943524747
sub-052,control,whole,face,3.75,-0.21209779913372484
sub-052,control,whole,face,4.0,-0.20340932542255658
sub-052,control,whole,face,4.25,-0.2044157509005623
sub-052,control,whole,face,4.5,-0.20430174877965596
sub-052,control,whole,face,4.75,-0.196119597949462
sub-052,control,whole,face,5.0,-0.19634401942700896
sub-052,control,lateral,face,0.25,-0.1142612509214971
sub-052,control,lateral,face,0.5,-0.1319213249835994
sub-052,control,lateral,face,0.75,-0.1560923126634907
sub-052,control,lateral,face,1.0,-0.17126446756590424
sub-052,control,lateral,face,1.25,-0.1866187454658058
sub-052,control,lateral,face,1.5,-0.21693586758804329
sub-052,control,lateral,face,1.75,-0.23555711351241293
sub-052,control,lateral,face,2.0,-0.25997643163834444
sub-052,control,lateral,face,2.25,-0.27891903962147596
sub-052,control,lateral,face,2.5,-0.28214071542892816
sub-052,control,lateral,face,2.75,-0.25955426457326697
sub-052,control,lateral,face,3.0,-0.2584732850608384
sub-052,control,lateral,face,3.25,-0.28790530935109776
sub-052,control,lateral,face,3.5,-0.28461294565659556
sub-052,control,lateral,face,3.75,-0.2713807611325648
sub-052,control,lateral,face,4.0,-0.2567488865409898
sub-052,control,lateral,face,4.25,-0.2769234762426729
sub-052,control,lateral,face,4.5,-0.28890403737389175
sub-052,control,lateral,face,4.75,-0.30218529675388367
sub-052,control,lateral,face,5.0,-0.28815591218329467
sub-052,control,medial,face,0.25,0.05413520959345727
sub-052,control,medial,face,0.5,0.03829317713375447
sub-052,control,medial,face,0.75,0.022139174460374972
sub-052,control,medial,face,1.0,-0.0024390298545328985
sub-052,control,medial,face,1.25,-0.034140199058324265
sub-052,control,medial,face,1.5,-0.05206167023931277
sub-052,control,medial,face,1.75,-0.08864754363975509
sub-052,control,medial,face,2.0,-0.1147875881709449
sub-052,control,medial,face,2.25,-0.1537157648556453
sub-052,control,medial,face,2.5,-0.14554573648467642
sub-052,control,medial,face,2.75,-0.12662473612905115
sub-052,control,medial,face,3.0,-0.09068486589574005
sub-052,control,medial,face,3.25,-0.03982671643915017
sub-052,control,medial,face,3.5,-0.021030777746532853
sub-052,control,medial,face,3.75,0.01275240973491263
sub-052,control,medial,face,4.0,0.06572867182856709
sub-052,control,medial,face,4.25,0.1303685964227596
sub-052,control,medial,face,4.5,0.12342903515820897
sub-052,control,medial,face,4.75,0.2119878123616058
sub-052,control,medial,face,5.0,0.19244155843228028
sub-052,control,whole,house,0.25,-0.06924309624004422
sub-052,control,whole,house,0.5,-0.06690128674626418
sub-052,control,whole,house,0.75,-0.06205731209893182
sub-052,control,whole,house,1.0,-0.05817090885098947
sub-052,control,whole,house,1.25,-0.06777115730852899
sub-052,control,whole,house,1.5,-0.07631469234598218
sub-052,control,whole,house,1.75,-0.07432242278715856
sub-052,control,whole,house,2.0,-0.07985036969600091
sub-052,control,whole,house,2.25,-0.08107879998208874
sub-052,control,whole,house,2.5,-0.08377689368637425
sub-052,control,whole,house,2.75,-0.08629782780960454
sub-052,control,whole,house,3.0,-0.07198315712513209
sub-052,control,whole,house,3.25,-0.06689748995526859
sub-052,control,whole,house,3.5,-0.05937571825827624
sub-052,control,whole,house,3.75,-0.061429647776653225
sub-052,control,whole,house,4.0,-0.04115014490518199
sub-052,control,whole,house,4.25,-0.010236857396891714
sub-052,control,whole,house,4.5,0.005596629814546556
sub-052,control,whole,house,4.75,0.009868244952930576
sub-052,control,whole,house,5.0,0.031062889133270332
sub-052,control,lateral,house,0.25,-0.09076460459231264
sub-052,control,lateral,house,0.5,-0.09033306871520715
sub-052,control,lateral,house,0.75,-0.08691301124192544
sub-052,control,lateral,house,1.0,-0.09784175107009113
sub-052,control,lateral,house,1.25,-0.10363310229988935
sub-052,control,lateral,house,1.5,-0.11471725548803006
sub-052,control,lateral,house,1.75,-0.11465610048860268
sub-052,control,lateral,house,2.0,-0.12004568394477343
sub-052,control,lateral,house,2.25,-0.11435316128295048
sub-052,control,lateral,house,2.5,-0.12030381043208736
sub-052,control,lateral,house,2.75,-0.12107224701592548
sub-052,control,lateral,house,3.0,-0.09817919442629489
sub-052,control,lateral,house,3.25,-0.07224087935331208
sub-052,control,lateral,house,3.5,-0.04803849238844283
sub-052,control,lateral,house,3.75,-0.031638577381238216
sub-052,control,lateral,house,4.0,-0.008775514255097573
sub-052,control,lateral,house,4.25,0.02918634123651682
sub-052,control,lateral,house,4.5,0.08665684397254353
sub-052,control,lateral,house,4.75,0.1218003836313343
sub-052,control,lateral,house,5.0,0.16470947035527897
sub-052,control,medial,house,0.25,-0.02476255002114651
sub-052,control,medial,house,0.5,-0.00570342936349458
sub-052,control,medial,house,0.75,-0.0011965903805966518
sub-052,control,medial,house,1.0,0.00824711559890628
sub-052,control,medial,house,1.25,0.008204753345667363
sub-052,control,medial,house,1.5,0.004175006884490697
sub-052,control,medial,house,1.75,0.025785305796326582
sub-052,control,medial,house,2.0,0.013155924240197334
sub-052,control,medial,house,2.25,0.007594870357808797
sub-052,control,medial,house,2.5,-0.0020332310804087508
sub-052,control,medial,house,2.75,-0.021264759558878008
sub-052,control,medial,house,3.0,-0.0219522667102014
sub-052,control,medial,house,3.25,-0.05172320287039742
sub-052,control,medial,house,3.5,-0.07356214663212393
sub-052,control,medial,house,3.75,-0.08785466775978382
sub-052,control,medial,house,4.0,-0.10623313871763031
sub-052,control,medial,house,4.25,-0.09540022329806933
sub-052,control,medial,house,4.5,-0.1380591641143459
sub-052,control,medial,house,4.75,-0.1363311624328557
sub-052,control,medial,house,5.0,-0.13474856112730355
sub-052,control,whole,object,0.25,0.003923457929871067
sub-052,control,whole,object,0.5,-0.0061131870837137035
sub-052,control,whole,object,0.75,-0.009592348237236703
sub-052,control,whole,object,1.0,-0.015912022531716877
sub-052,control,whole,object,1.25,-0.011970629981288373
sub-052,control,whole,object,1.5,-0.0009124596129188687
sub-052,control,whole,object,1.75,0.011293327204342533
sub-052,control,whole,object,2.0,0.022226130359631485
sub-052,control,whole,object,2.25,0.03481907240661598
sub-052,control,whole,object,2.5,0.044723750170532005
sub-052,control,whole,object,2.75,0.024984310559773196
sub-052,control,whole,object,3.0,0.024811692553144395
sub-052,control,whole,object,3.25,0.013106060207451762
sub-052,control,whole,object,3.5,0.012654905685214648
sub-052,control,whole,object,3.75,0.005494212387857594
sub-052,control,whole,object,4.0,-0.010523555220907034
sub-052,control,whole,object,4.25,-0.023070170063439407
sub-052,control,whole,object,4.5,-0.04923018584269383
sub-052,control,whole,object,4.75,-0.05971261511337889
sub-052,control,whole,object,5.0,-0.059328820002547744
sub-052,control,lateral,object,0.25,0.026410783092543168
sub-052,control,lateral,object,0.5,0.019347246648059382
sub-052,control,lateral,object,0.75,0.020843707570296036
sub-052,control,lateral,object,1.0,0.024980627042539037
sub-052,control,lateral,object,1.25,0.03456338220874807
sub-052,control,lateral,object,1.5,0.051669240083527114
sub-052,control,lateral,object,1.75,0.05685134685307403
sub-052,control,lateral,object,2.0,0.0645728304527377
sub-052,control,lateral,object,2.25,0.07205694685779764
sub-052,control,lateral,object,2.5,0.07232402889545173
sub-052,control,lateral,object,2.75,0.05465462060736852
sub-052,control,lateral,object,3.0,0.058530856102067465
sub-052,control,lateral,object,3.25,0.04045985067189656
sub-052,control,lateral,object,3.5,0.035315010716782204
sub-052,control,lateral,object,3.75,0.026509180336398125
sub-052,control,lateral,object,4.0,0.011772269489255955
sub-052,control,lateral,object,4.25,-0.005374197983168797
sub-052,control,lateral,object,4.5,-0.030753980676859617
sub-052,control,lateral,object,4.75,-0.027445477414864233
sub-052,control,lateral,object,5.0,-0.046669620916566644
sub-052,control,medial,object,0.25,-0.052894977502079346
sub-052,control,medial,object,0.5,-0.07502597717052702
sub-052,control,medial,object,0.75,-0.09439735556138239
sub-052,control,medial,object,1.0,-0.1256520107913806
sub-052,control,medial,object,1.25,-0.15875484419214136
sub-052,control,medial,object,1.5,-0.16683615222381562
sub-052,control,medial,object,1.75,-0.19649120605225842
sub-052,control,medial,object,2.0,-0.1916253346023472
sub-052,control,medial,object,2.25,-0.1990767543646365
sub-052,control,medial,object,2.5,-0.16015728455685813
sub-052,control,medial,object,2.75,-0.1878266455920914
sub-052,control,medial,object,3.0,-0.21754570984390828
sub-052,control,medial,object,3.25,-0.20088079811380413
sub-052,control,medial,object,3.5,-0.19555982955423523
sub-052,control,medial,object,3.75,-0.21601261725380866
sub-052,control,medial,object,4.0,-0.24513511087887954
sub-052,control,medial,object,4.25,-0.23112213502846934
sub-052,control,medial,object,4.5,-0.2536406578112593
sub-052,control,medial,object,4.75,-0.20128385944348445
sub-052,control,medial,object,5.0,-0.1831197831067248
sub-052,control,whole,word,0.25,0.023693532377477372
sub-052,control,whole,word,0.5,0.017386550670999017
sub-052,control,whole,word,0.75,0.016579699303876268
sub-052,control,whole,word,1.0,0.009011131182441337
sub-052,control,whole,word,1.25,-0.0014350928412622244
sub-052,control,whole,word,1.5,-0.011016710710151412
sub-052,control,whole,word,1.75,-0.020124503327386235
sub-052,control,whole,word,2.0,-0.015798136100161175
sub-052,control,whole,word,2.25,0.008684934302578948
sub-052,control,whole,word,2.5,0.03929760039415764
sub-052,control,whole,word,2.75,0.09112479783183046
sub-052,control,whole,word,3.0,0.18356575834658567
sub-052,control,whole,word,3.25,0.22017518471763137
sub-052,control,whole,word,3.5,0.27071490562473
sub-052,control,whole,word,3.75,0.29074607056552976
sub-052,control,whole,word,4.0,0.39374814045526824
sub-052,control,whole,word,4.25,0.5095915851851089
sub-052,control,whole,word,4.5,0.5798777113183363
sub-052,control,whole,word,4.75,0.7480353197103343
sub-052,control,whole,word,5.0,0.9022359078708979
sub-052,control,lateral,word,0.25,0.07397396199468206
sub-052,control,lateral,word,0.5,0.08934526562161225
sub-052,control,lateral,word,0.75,0.09966334598826268
sub-052,control,lateral,word,1.0,0.09850823752813981
sub-052,control,lateral,word,1.25,0.0983078432894911
sub-052,control,lateral,word,1.5,0.1130042968170863
sub-052,control,lateral,word,1.75,0.12918210489947957
sub-052,control,lateral,word,2.0,0.16542110135076324
sub-052,control,lateral,word,2.25,0.25268125965215693
sub-052,control,lateral,word,2.5,0.3580844186774702
sub-052,control,lateral,word,2.75,0.5369397678176618
sub-052,control,lateral,word,3.0,0.6518559565017115
sub-052,control,lateral,word,3.25,0.7337712331829885
sub-052,control,lateral,word,3.5,0.8189029168053075
sub-052,control,lateral,word,3.75,0.8944889741138603
sub-052,control,lateral,word,4.0,0.9995833333333334
sub-052,control,lateral,word,4.25,1.0
sub-052,control,lateral,word,4.5,1.0
sub-052,control,lateral,word,4.75,1.0
sub-052,control,lateral,word,5.0,1.0
sub-052,control,medial,word,0.25,-0.04302443126390055
sub-052,control,medial,word,0.5,-0.0648762372420958
sub-052,control,medial,word,0.75,-0.08131449438586807
sub-052,control,medial,word,1.0,-0.09420425773791694
sub-052,control,medial,word,1.25,-0.12399077558263379
sub-052,control,medial,word,1.5,-0.13782821815738658
sub-052,control,medial,word,1.75,-0.18890242320923015
sub-052,control,medial,word,2.0,-0.2001365856093049
sub-052,control,medial,word,2.25,-0.2251245123565639
sub-052,control,medial,word,2.5,-0.25431255044575435
sub-052,control,medial,word,2.75,-0.27242147268544886
sub-052,control,medial,word,3.0,-0.2504860872813523
sub-052,control,medial,word,3.25,-0.3449700820748893
sub-052,control,medial,word,3.5,-0.4710970117334683
sub-052,control,medial,word,3.75,-0.6653952848728537
sub-052,control,medial,word,4.0,-0.8715433149277774
sub-052,control,medial,word,4.25,-0.9405028332520592
sub-052,control,medial,word,4.5,-1.0
sub-052,control,medial,word,4.75,-1.0
sub-054,control,whole,face,0.25,-0.13466476441379277
sub-054,control,whole,face,0.5,-0.13862886399724267
sub-054,control,whole,face,0.75,-0.14405344829806593
sub-054,control,whole,face,1.0,-0.1586009945893957
sub-054,control,whole,face,1.25,-0.1663241654260586
sub-054,control,whole,face,1.5,-0.18392018959361228
sub-054,control,whole,face,1.75,-0.19403633117096425
sub-054,control,whole,face,2.0,-0.19815418021265827
sub-054,control,whole,face,2.25,-0.21439345421843356
sub-054,control,whole,face,2.5,-0.2270490511903904
sub-054,control,whole,face,2.75,-0.2417233204239095
sub-054,control,whole,face,3.0,-0.24567393116015984
sub-054,control,whole,face,3.25,-0.2677865886456935
sub-054,control,whole,face,3.5,-0.2913343868281894
sub-054,control,whole,face,3.75,-0.3052636048781419
sub-054,control,whole,face,4.0,-0.3229212338637313
sub-054,control,whole,face,4.25,-0.3632976031221237
sub-054,control,whole,face,4.5,-0.3776722642683035
sub-054,control,whole,face,4.75,-0.3979556780137341
sub-054,control,whole,face,5.0,-0.42673605761597827
sub-054,control,lateral,face,0.25,-0.15936013467314258
sub-054,control,lateral,face,0.5,-0.16425725736083133
sub-054,control,lateral,face,0.75,-0.1643854498644509
sub-054,control,lateral,face,1.0,-0.17712904793348844
sub-054,control,lateral,face,1.25,-0.18371703380083865
sub-054,control,lateral,face,1.5,-0.19662089435003216
sub-054,control,lateral,face,1.75,-0.2049854437413143
sub-054,control,lateral,face,2.0,-0.20761159268304202
sub-054,control,lateral,face,2.25,-0.2163174859738747
sub-054,control,lateral,face,2.5,-0.2299035244525115
sub-054,control,lateral,face,2.75,-0.24803357898982448
sub-054,control,lateral,face,3.0,-0.2535361954094421
sub-054,control,lateral,face,3.25,-0.2854981892365627
sub-054,control,lateral,face,3.5,-0.3123258351238072
sub-054,control,lateral,face,3.75,-0.3180060704609391
sub-054,control,lateral,face,4.0,-0.3345783641560701
sub-054,control,lateral,face,4.25,-0.35344313378859615
sub-054,control,lateral,face,4.5,-0.37704687212202953
sub-054,control,lateral,face,4.75,-0.390866847349928
sub-054,control,lateral,face,5.0,-0.4149919976182623
sub-054,control,medial,face,0.25,-0.1089264655239207
sub-054,control,medial,face,0.5,-0.11125704726169877
sub-054,control,medial,face,0.75,-0.12163143546335502
sub-054,control,medial,face,1.0,-0.13089278452788286
sub-054,control,medial,face,1.25,-0.15072247342889195
sub-054,control,medial,face,1.5,-0.16987773385113683
sub-054,control,medial,face,1.75,-0.178052750397865
sub-054,control,medial,face,2.0,-0.187246241061806
sub-054,control,medial,face,2.25,-0.20301174272408684
sub-054,control,medial,face,2.5,-0.2204238852882288
sub-054,control,medial,face,2.75,-0.24171089979294585
sub-054,control,medial,face,3.0,-0.2261889984658398
sub-054,control,medial,face,3.25,-0.25043420154778684
sub-054,control,medial,face,3.5,-0.28049180471750185
sub-054,control,medial,face,3.75,-0.29365608880206895
sub-054,control,medial,face,4.0,-0.315211750267123
sub-054,control,medial,face,4.25,-0.3622739960700866
sub-054,control,medial,face,4.5,-0.3828595506873367
sub-054,control,medial,face,4.75,-0.41761880047662603
sub-054,control,medial,face,5.0,-0.45216168123250566
sub-054,control,whole,house,0.25,-0.09034217859029957
sub-054,control,whole,house,0.5,-0.09622493597646387
sub-054,control,whole,house,0.75,-0.10317642425297258
sub-054,control,whole,house,1.0,-0.1113704850244145
sub-054,control,whole,house,1.25,-0.10994017632498354
sub-054,control,whole,house,1.5,-0.11446105519562924
sub-054,control,whole,house,1.75,-0.11683773011609849
sub-054,control,whole,house,2.0,-0.12140135588374275
sub-054,control,whole,house,2.25,-0.11980185810473219
sub-054,control,whole,house,2.5,-0.1289239882885001
sub-054,control,whole,house,2.75,-0.13271352523145435
sub-054,control,whole,house,3.0,-0.1469379693762665
sub-054,control,whole,house,3.25,-0.16231861063611933
sub-054,control,whole,house,3.5,-0.17587444962217352
sub-054,control,whole,house,3.75,-0.1918097837532038
sub-054,control,whole,house,4.0,-0.22519907465642267
sub-054,control,whole,house,4.25,-0.2553694642668627
sub-054,control,whole,house,4.5,-0.2654642136334371
sub-054,control,whole,house,4.75,-0.2869722351247037
sub-054,control,whole,house,5.0,-0.29199940718848333
sub-054,control,lateral,house,0.25,-0.0929999187336367
sub-054,control,lateral,house,0.5,-0.09475670893888362
sub-054,control,lateral,house,0.75,-0.10346423127935926
sub-054,control,lateral,house,1.0,-0.10775479509877557
sub-054,control,lateral,house,1.25,-0.11117657499114987
sub-054,control,lateral,house,1.5,-0.12283777525564649
sub-054,control,lateral,house,1.75,-0.11618594181861193
sub-054,control,lateral,house,2.0,-0.11565522686873843
sub-054,control,lateral,house,2.25,-0.12718165948144955
sub-054,control,lateral,house,2.5,-0.12467876002343761
sub-054,control,lateral,house,2.75,-0.1391997116125997
sub-054,control,lateral,house,3.0,-0.1609964308538626
sub-054,control,lateral,house,3.25,-0.17818873383313746
sub-054,control,lateral,house,3.5,-0.1976969756272463
sub-054,control,lateral,house,3.75,-0.21404030666244325
sub-054,control,lateral,house,4.0,-0.26149324489362924
sub-054,control,lateral,house,4.25,-0.29161720475684294
sub-054,control,lateral,house,4.5,-0.3141821050915643
sub-054,control,lateral,house,4.75,-0.3467828533011819
sub-054,control,lateral,house,5.0,-0.365470841234419
sub-054,control,medial,house,0.25,-0.08681111102143334
sub-054,control,medial,house,0.5,-0.09994571734088512
sub-054,control,medial,house,0.75,-0.11538755656316274
sub-054,control,medial,house,1.0,-0.11435075758570212
sub-054,control,medial,house,1.25,-0.1065901480347406
sub-054,control,medial,house,1.5,-0.1256723494928923
sub-054,control,medial,house,1.75,-0.13301965902650342
sub-054,control,medial,house,2.0,-0.1271267368988278
sub-054,control,medial,house,2.25,-0.12764420284120495
sub-054,control,medial,house,2.5,-0.1271783145232262
sub-054,control,medial,house,2.75,-0.12459332111809354
sub-054,control,medial,house,3.0,-0.14074332072504492
sub-054,control,medial,house,3.25,-0.137422976155597
sub-054,control,medial,house,3.5,-0.13626231055466287
sub-054,control,medial,house,3.75,-0.14869795468083621
sub-054,control,medial,house,4.0,-0.15418865390093542
sub-054,control,medial,house,4.25,-0.19023686062177678
sub-054,control,medial,house,4.5,-0.180976532004217
sub-054,control,medial,house,4.75,-0.185968660734319
sub-054,control,medial,house,5.0,-0.18239962485087766
sub-054,control,whole,object,0.25,0.050161289541575366
sub-054,control,whole,object,0.5,0.0568553582815857
sub-054,control,whole,object,0.75,0.05739728850547485
sub-054,control,whole,object,1.0,0.059261224314722236
sub-054,control,whole,object,1.25,0.06312122494989496
sub-054,control,whole,object,1.5,0.06692132055317725
sub-054,control,whole,object,1.75,0.07771698713730106
sub-054,control,whole,object,2.0,0.09120123597332039
sub-054,control,whole,object,2.25,0.10549541348249265
sub-054,control,whole,object,2.5,0.12053040296056562
sub-054,control,whole,object,2.75,0.13628024115729845
sub-054,control,whole,object,3.0,0.14805074092323295
sub-054,control,whole,object,3.25,0.1673900048790259
sub-054,control,whole,object,3.5,0.1847878942985054
sub-054,control,whole,object,3.75,0.2026922635579976
sub-054,control,whole,object,4.0,0.2064703313141704
sub-054,control,whole,object,4.25,0.23343635724334444
sub-054,control,whole,object,4.5,0.25149490357553783
sub-054,control,whole,object,4.75,0.2616961030096397
sub-054,control,whole,object,5.0,0.27557531237710137
sub-054,control,lateral,object,0.25,0.07523652301780373
sub-054,control,lateral,object,0.5,0.07517531963026816
sub-054,control,lateral,object,0.75,0.07640897006280786
sub-054,control,lateral,object,1.0,0.07970812146510632
sub-054,control,lateral,object,1.25,0.08335042707573999
sub-054,control,lateral,object,1.5,0.08959596840736468
sub-054,control,lateral,object,1.75,0.0931365653534846
sub-054,control,lateral,object,2.0,0.11380311443265662
sub-054,control,lateral,object,2.25,0.12624830961983277
sub-054,control,lateral,object,2.5,0.13971785761240935
sub-054,control,lateral,object,2.75,0.15650283766203024
sub-054,control,lateral,object,3.0,0.16833523902979908
sub-054,control,lateral,object,3.25,0.17483481865769185
sub-054,control,lateral,object,3.5,0.1917350605597546
sub-054,control,lateral,object,3.75,0.1994355529495088
sub-054,control,lateral,object,4.0,0.20279874076931603
sub-054,control,lateral,object,4.25,0.21229459146327312
sub-054,control,lateral,object,4.5,0.22222622255446076
sub-054,control,lateral,object,4.75,0.2236455946672303
sub-054,control,lateral,object,5.0,0.23467869270912478
sub-054,control,medial,object,0.25,-0.009505236918049916
sub-054,control,medial,object,0.5,0.00029186001501236707
sub-054,control,medial,object,0.75,-0.006143147019832934
sub-054,control,medial,object,1.0,-0.01449037476084749
sub-054,control,medial,object,1.25,-0.0073339128292533
sub-054,control,medial,object,1.5,-0.02417240655526911
sub-054,control,medial,object,1.75,-0.017343549172320397
sub-054,control,medial,object,2.0,-0.013240068157060548
sub-054,control,medial,object,2.25,0.003512828245750625
sub-054,control,medial,object,2.5,0.006688765155758673
sub-054,control,medial,object,2.75,0.04107230525019458
sub-054,control,medial,object,3.0,0.059543953989871036
sub-054,control,medial,object,3.25,0.11080524739528061
sub-054,control,medial,object,3.5,0.14433716639254476
sub-054,control,medial,object,3.75,0.1601295962757549
sub-054,control,medial,object,4.0,0.23443166777304572
sub-054,control,medial,object,4.25,0.33029017219778134
sub-054,control,medial,object,4.5,0.4342546544550798
sub-054,control,medial,object,4.75,0.5039852651849948
sub-054,control,medial,object,5.0,0.6124114779040125
sub-054,control,whole,word,0.25,0.39190548122421043
sub-054,control,whole,word,0.5,0.4434180953166452
sub-054,control,whole,word,0.75,0.5115785263226045
sub-054,control,whole,word,1.0,0.5662454640410463
sub-054,control,whole,word,1.25,0.6247321683835382
sub-054,control,whole,word,1.5,0.6995556421146256
sub-054,control,whole,word,1.75,0.7706617395741533
sub-054,control,whole,word,2.0,0.8106108481204484
sub-054,control,whole,word,2.25,0.8500673541603042
sub-054,control,whole,word,2.5,0.8580014243509113
sub-054,control,whole,word,2.75,0.923280593265895
sub-054,control,whole,word,3.0,0.9324996455678044
sub-054,control,whole,word,3.25,0.9699349433034221
sub-054,control,whole,word,3.5,0.9781663783260245
sub-054,control,whole,word,3.75,1.0
sub-054,control,whole,word,4.0,1.0
sub-054,control,whole,word,4.25,1.0
sub-054,control,whole,word,4.5,1.0
sub-054,control,whole,word,4.75,1.0
sub-054,control,whole,word,5.0,1.0
sub-054,control,lateral,word,0.25,0.35586480069788956
sub-054,control,lateral,word,0.5,0.40866251761722433
sub-054,control,lateral,word,0.75,0.48689278889710275
sub-054,control,lateral,word,1.0,0.5476061396443812
sub-054,control,lateral,word,1.25,0.6274073254503598
sub-054,control,lateral,word,1.5,0.695833788647331
sub-054,control,lateral,word,1.75,0.772025988332856
sub-054,control,lateral,word,2.0,0.8029334894307231
sub-054,control,lateral,word,2.25,0.8489803553656032
sub-054,control,lateral,word,2.5,0.8608194387131853
sub-054,control,lateral,word,2.75,0.9198168663904769
sub-054,control,lateral,word,3.0,0.9349440054534435
sub-054,control,lateral,word,3.25,0.9683767662163248
sub-054,control,lateral,word,3.5,0.9879562800926395
sub-054,control,lateral,word,3.75,0.9997411003236247
sub-054,control,lateral,word,4.0,1.0
sub-054,control,lateral,word,4.25,1.0
sub-054,control,lateral,word,4.5,1.0
sub-054,control,lateral,word,4.75,1.0
sub-054,control,lateral,word,5.0,1.0
sub-054,control,medial,word,0.25,0.6054898271279247
sub-054,control,medial,word,0.5,0.6374497306116655
sub-054,control,medial,word,0.75,0.6590898563171101
sub-054,control,medial,word,1.0,0.6667729534364271
sub-054,control,medial,word,1.25,0.6439331666420842
sub-054,control,medial,word,1.5,0.7024692009355397
sub-054,control,medial,word,1.75,0.881336758819014
sub-054,control,medial,word,2.0,0.9488192132582716
sub-054,control,medial,word,2.25,1.0
sub-057,control,whole,face,0.25,-0.09247382136796548
sub-057,control,whole,face,0.5,-0.11665596158607022
sub-057,control,whole,face,0.75,-0.14321687373681324
sub-057,control,whole,face,1.0,-0.17097830608457643
sub-057,control,whole,face,1.25,-0.18633144530506562
sub-057,control,whole,face,1.5,-0.19875401813521842
sub-057,control,whole,face,1.75,-0.20033388135929728
sub-057,control,whole,face,2.0,-0.19393526171318637
sub-057,control,whole,face,2.25,-0.17606802709214595
sub-057,control,whole,face,2.5,-0.16089082099695712
sub-057,control,whole,face,2.75,-0.168300922897813
sub-057,control,whole,face,3.0,-0.1502078068418219
sub-057,control,whole,face,3.25,-0.1389196609100944
sub-057,control,whole,face,3.5,-0.13108225846801316
sub-057,control,whole,face,3.75,-0.12932512518264347
sub-057,control,whole,face,4.0,-0.13044392154844694
sub-057,control,whole,face,4.25,-0.13411359869702963
sub-057,control,whole,face,4.5,-0.13322166296973223
sub-057,control,whole,face,4.75,-0.13869150768451288
sub-057,control,whole,face,5.0,-0.1569428477350326
sub-057,control,lateral,face,0.25,-0.1252826361732124
sub-057,control,lateral,face,0.5,-0.15056186994034212
sub-057,control,lateral,face,0.75,-0.18921015937856883
sub-057,control,lateral,face,1.0,-0.21911913559511334
sub-057,control,lateral,face,1.25,-0.2376056652834861
sub-057,control,lateral,face,1.5,-0.258076961885529
sub-057,control,lateral,face,1.75,-0.24574237947089517
sub-057,control,lateral,face,2.0,-0.2263677105164124
sub-057,control,lateral,face,2.25,-0.201839522640116
sub-057,control,lateral,face,2.5,-0.1827021685548586
sub-057,control,lateral,face,2.75,-0.16543654849214107
sub-057,control,lateral,face,3.0,-0.14914416627665644
sub-057,control,lateral,face,3.25,-0.13981030702407898
sub-057,control,lateral,face,3.5,-0.11873346365284412
sub-057,control,lateral,face,3.75,-0.1259231141411994
sub-057,control,lateral,face,4.0,-0.11768395259286217
sub-057,control,lateral,face,4.25,-0.135359766049879
sub-057,control,lateral,face,4.5,-0.1298851063897445
sub-057,control,lateral,face,4.75,-0.137792012521293
sub-057,control,lateral,face,5.0,-0.14734096928394474
sub-057,control,medial,face,0.25,-0.02458222315336487
sub-057,control,medial,face,0.5,-0.04612526252169895
sub-057,control,medial,face,0.75,-0.04558400596884028
sub-057,control,medial,face,1.0,-0.07310896677187624
sub-057,control,medial,face,1.25,-0.07399960156000476
sub-057,control,medial,face,1.5,-0.07856024575007053
sub-057,control,medial,face,1.75,-0.07149385927855441
sub-057,control,medial,face,2.0,-0.08434817862657389
sub-057,control,medial,face,2.25,-0.09966993082092027
sub-057,control,medial,face,2.5,-0.13077492855876918
sub-057,control,medial,face,2.75,-0.15445979908112648
sub-057,control,medial,face,3.0,-0.15371748708730407
sub-057,control,medial,face,3.25,-0.159744574765446
sub-057,control,medial,face,3.5,-0.17254086226087204
sub-057,control,medial,face,3.75,-0.15990696611093758
sub-057,control,medial,face,4.0,-0.13349954726385263
sub-057,control,medial,face,4.25,-0.16201634307768129
sub-057,control,medial,face,4.5,-0.16910485781158643
sub-057,control,medial,face,4.75,-0.1305834903559162
sub-057,control,medial,face,5.0,-0.15212156443637012
sub-057,control,whole,house,0.25,-0.05236775471054948
sub-057,control,whole,house,0.5,-0.0512947300678223
sub-057,control,whole,house,0.75,-0.05839246282323446
sub-057,control,whole,house,1.0,-0.05740716767570359
sub-057,control,whole,house,1.25,-0.06202451296536582
sub-057,control,whole,house,1.5,-0.061755059108323934
sub-057,control,whole,house,1.75,-0.06444232562330786
sub-057,control,whole,house,2.0,-0.06719746551684053
sub-057,control,whole,house,2.25,-0.07245065614640535
sub-057,control,whole,house,2.5,-0.07680243892887342
sub-057,control,whole,house,2.75,-0.07245537930401258
sub-057,control,whole,house,3.0,-0.08505160720146794
sub-057,control,whole,house,3.25,-0.08147361983540367
sub-057,control,whole,house,3.5,-0.0934190675525106
sub-057,control,whole,house,3.75,-0.1044578524795039
sub-057,control,whole,house,4.0,-0.10600745513847697
sub-057,control,whole,house,4.25,-0.11233975121768046
sub-057,control,whole,house,4.5,-0.12783386350630707
sub-057,control,whole,house,4.75,-0.1444460869045029
sub-057,control,whole,house,5.0,-0.17238358409468674
sub-057,control,lateral,house,0.25,-0.07020142735022318
sub-057,control,lateral,house,0.5,-0.0719617636242499
sub-057,control,lateral,house,0.75,-0.07009329834722842
sub-057,control,lateral,house,1.0,-0.07037924145054271
sub-057,control,lateral,house,1.25,-0.07067165842944673
sub-057,control,lateral,house,1.5,-0.06552594778604845
sub-057,control,lateral,house,1.75,-0.07262751136158249
sub-057,control,lateral,house,2.0,-0.07113949441367
sub-057,control,lateral,house,2.25,-0.07244835631254105
sub-057,control,lateral,house,2.5,-0.08024993717625498
sub-057,control,lateral,house,2.75,-0.08232004213131287
sub-057,control,lateral,house,3.0,-0.08190707001198634
sub-057,control,lateral,house,3.25,-0.09047200288897445
sub-057,control,lateral,house,3.5,-0.09773651649932086
sub-057,control,lateral,house,3.75,-0.1003799850933398
sub-057,control,lateral,house,4.0,-0.10902556459399383
sub-057,control,lateral,house,4.25,-0.11774480691637992
sub-057,control,lateral,house,4.5,-0.13251907490566261
sub-057,control,lateral,house,4.75,-0.15712936205490072
sub-057,control,lateral,house,5.0,-0.19109630496704524
sub-057,control,medial,house,0.25,-0.002764570921448142
sub-057,control,medial,house,0.5,-0.003224221224307931
sub-057,control,medial,house,0.75,-0.009312371160039667
sub-057,control,medial,house,1.0,-0.035010726874359445
sub-057,control,medial,house,1.25,-0.034541940843278045
sub-057,control,medial,house,1.5,-0.04238656085182214
sub-057,control,medial,house,1.75,-0.04618850033233166
sub-057,control,medial,house,2.0,-0.05392608470513952
sub-057,control,medial,house,2.25,-0.0631909764243284
sub-057,control,medial,house,2.5,-0.05075596599430756
sub-057,control,medial,house,2.75,-0.06819494673659021
sub-057,control,medial,house,3.0,-0.08232027441569555
sub-057,control,medial,house,3.25,-0.08612754838774173
sub-057,control,medial,house,3.5,-0.08407119411116495
sub-057,control,medial,house,3.75,-0.11508964616391192
sub-057,control,medial,house,4.0,-0.1124245727267823
sub-057,control,medial,house,4.25,-0.12986916883016447
sub-057,control,medial,house,4.5,-0.12014422852153209
sub-057,control,medial,house,4.75,-0.09997763615671804
sub-057,control,medial,house,5.0,-0.11739418672979647
sub-057,control,whole,object,0.25,0.0023539104311493765
sub-057,control,whole,object,0.5,0.002886247520509004
sub-057,control,whole,object,0.75,0.010006159258286951
sub-057,control,whole,object,1.0,0.024218230924894443
sub-057,control,whole,object,1.25,0.0351714522430063
sub-057,control,whole,object,1.5,0.04544303964132422
sub-057,control,whole,object,1.75,0.059791489873978
sub-057,control,whole,object,2.0,0.07446845445786175
sub-057,control,whole,object,2.25,0.08799618600909438
sub-057,control,whole,object,2.5,0.0984506911793148
sub-057,control,whole,object,2.75,0.11235511323584524
sub-057,control,whole,object,3.0,0.13053345666998709
sub-057,control,whole,object,3.25,0.15543943432854207
sub-057,control,whole,object,3.5,0.17846564701562484
sub-057,control,whole,object,3.75,0.21886274022837474
sub-057,control,whole,object,4.0,0.24008358676554375
sub-057,control,whole,object,4.25,0.2622737719679139
sub-057,control,whole,object,4.5,0.2831606672909917
sub-057,control,whole,object,4.75,0.3081987938471106
sub-057,control,whole,object,5.0,0.3243923675057103
sub-057,control,lateral,object,0.25,-0.004464910091030387
sub-057,control,lateral,object,0.5,-0.004790954909776463
sub-057,control,lateral,object,0.75,0.009524642106961967
sub-057,control,lateral,object,1.0,0.018659922166034473
sub-057,control,lateral,object,1.25,0.038535086465432127
sub-057,control,lateral,object,1.5,0.046933172022518385
sub-057,control,lateral,object,1.75,0.06360058768055038
sub-057,control,lateral,object,2.0,0.07918051071500366
sub-057,control,lateral,object,2.25,0.10185322657218332
sub-057,control,lateral,object,2.5,0.12256017659475685
sub-057,control,lateral,object,2.75,0.15224564129302393
sub-057,control,lateral,object,3.0,0.1617226384095888
sub-057,control,lateral,object,3.25,0.19397720092869986
sub-057,control,lateral,object,3.5,0.221728039954375
sub-057,control,lateral,object,3.75,0.2578246738520301
sub-057,control,lateral,object,4.0,0.2688997317803698
sub-057,control,lateral,object,4.25,0.2958704182896224
sub-057,control,lateral,object,4.5,0.32802650461458144
sub-057,control,lateral,object,4.75,0.330261701444482
sub-057,control,lateral,object,5.0,0.3433424043087651
sub-057,control,medial,object,0.25,0.01179033053608807
sub-057,control,medial,object,0.5,0.013470438575091179
sub-057,control,medial,object,0.75,0.022160299719637643
sub-057,control,medial,object,1.0,0.029039333804666157
sub-057,control,medial,object,1.25,0.039177199619617714
sub-057,control,medial,object,1.5,0.0396437688850521
sub-057,control,medial,object,1.75,0.06213010381677379
sub-057,control,medial,object,2.0,0.05211632316124188
sub-057,control,medial,object,2.25,0.05096490185281478
sub-057,control,medial,object,2.5,0.03228074918448033
sub-057,control,medial,object,2.75,0.011727852131011574
sub-057,control,medial,object,3.0,-0.01515153300143352
sub-057,control,medial,object,3.25,-0.005727352053798762
sub-057,control,medial,object,3.5,0.0011428277035165513
sub-057,control,medial,object,3.75,0.044619071113743115
sub-057,control,medial,object,4.0,0.06118256711280691
sub-057,control,medial,object,4.25,0.08385538761081897
sub-057,control,medial,object,4.5,0.09910079942366722
sub-057,control,medial,object,4.75,0.17605296601074896
sub-057,control,medial,object,5.0,0.21118016551849028
sub-057,control,whole,word,0.25,0.17273848383436657
sub-057,control,whole,word,0.5,0.19835259965230712
sub-057,control,whole,word,0.75,0.19818665898300988
sub-057,control,whole,word,1.0,0.1998645207197172
sub-057,control,whole,word,1.25,0.20682505880544724
sub-057,control,whole,word,1.5,0.21398411258043754
sub-057,control,whole,word,1.75,0.20379285604522746
sub-057,control,whole,word,2.0,0.1977607643330773
sub-057,control,whole,word,2.25,0.1724889448308092
sub-057,control,whole,word,2.5,0.17401178606079945
sub-057,control,whole,word,2.75,0.13523367884740087
sub-057,control,whole,word,3.0,0.13731415950676615
sub-057,control,whole,word,3.25,0.07064786529431767
sub-057,control,whole,word,3.5,0.06439718540595425
sub-057,control,whole,word,3.75,0.01625163680125451
sub-057,control,whole,word,4.0,-0.006246174928753892
sub-057,control,whole,word,4.25,-0.04354554880612848
sub-057,control,whole,word,4.5,-0.0833354070299246
sub-057,control,whole,word,4.75,-0.2784585502469937
sub-057,control,whole,word,5.0,-0.2747981835910453
sub-057,control,lateral,word,0.25,0.2467020739625665
sub-057,control,lateral,word,0.5,0.262380372730025
sub-057,control,lateral,word,0.75,0.26158675070553095
sub-057,control,lateral,word,1.0,0.2687601043315057
sub-057,control,lateral,word,1.25,0.2668250430276586
sub-057,control,lateral,word,1.5,0.25622037089617994
sub-057,control,lateral,word,1.75,0.2545592117697085
sub-057,control,lateral,word,2.0,0.26186325835708674
sub-057,control,lateral,word,2.25,0.2457896925965688
sub-057,control,lateral,word,2.5,0.2582278070870289
sub-057,control,lateral,word,2.75,0.21448428062242958
sub-057,control,lateral,word,3.0,0.16222881126402758
sub-057,control,lateral,word,3.25,0.1694556090242955
sub-057,control,lateral,word,3.5,0.134414822335625
sub-057,control,lateral,word,3.75,0.09839072386037619
sub-057,control,lateral,word,4.0,0.1029378095567437
sub-057,control,lateral,word,4.25,0.09709137669307612
sub-057,control,lateral,word,4.5,0.012540586818023282
sub-057,control,lateral,word,4.75,-0.11660139580307648
sub-057,control,lateral,word,5.0,-0.25077679134282904
sub-057,control,medial,word,0.25,0.02610092960340404
sub-057,control,medial,word,0.5,0.028697517081386823
sub-057,control,medial,word,0.75,0.01835893310072085
sub-057,control,medial,word,1.0,-0.01858907065059018
sub-057,control,medial,word,1.25,0.013921280619422004
sub-057,control,medial,word,1.5,0.008331697794154446
sub-057,control,medial,word,1.75,-0.03909399250836397
sub-057,control,medial,word,2.0,-0.14432026154944305
sub-057,control,medial,word,2.25,-0.2659139493117798
sub-057,control,medial,word,2.5,-0.2947090410004569
sub-057,control,medial,word,2.75,-0.18184769187399838
sub-057,control,medial,word,3.0,-0.18292321468085365
sub-057,control,medial,word,3.25,-0.2004115554328551
sub-057,control,medial,word,3.5,-0.23586885079145134
sub-057,control,medial,word,3.75,-0.24826820727630436
sub-057,control,medial,word,4.0,-0.28181004885157135
sub-057,control,medial,word,4.25,-0.36483612541304844
sub-057,control,medial,word,4.5,-0.35137975232314844
sub-057,control,medial,word,4.75,-0.41388644035702854
sub-057,control,medial,word,5.0,-0.3024920634920634
sub-058,control,whole,face,0.25,-0.3149833460092459
sub-058,control,whole,face,0.5,-0.33504586545876225
sub-058,control,whole,face,0.75,-0.3381687259003703
sub-058,control,whole,face,1.0,-0.33696226398639917
sub-058,control,whole,face,1.25,-0.30669782913109356
sub-058,control,whole,face,1.5,-0.2838807297235329
sub-058,control,whole,face,1.75,-0.27387391855675003
sub-058,control,whole,face,2.0,-0.2586068943113457
sub-058,control,whole,face,2.25,-0.23668267258502224
sub-058,control,whole,face,2.5,-0.2198338663007265
sub-058,control,whole,face,2.75,-0.19791497812846473
sub-058,control,whole,face,3.0,-0.2125678284551676
sub-058,control,whole,face,3.25,-0.19380824044834452
sub-058,control,whole,face,3.5,-0.17552909810255182
sub-058,control,whole,face,3.75,-0.19618297368761867
sub-058,control,whole,face,4.0,-0.18533000180908402
sub-058,control,whole,face,4.25,-0.16576825238314044
sub-058,control,whole,face,4.5,-0.18454022375964654
sub-058,control,whole,face,4.75,-0.17091378599085283
sub-058,control,whole,face,5.0,-0.12829477665733963
sub-058,control,lateral,face,0.25,-0.394783384429815
sub-058,control,lateral,face,0.5,-0.4212579962231488
sub-058,control,lateral,face,0.75,-0.4095795745826258
sub-058,control,lateral,face,1.0,-0.3942213915092448
sub-058,control,lateral,face,1.25,-0.3872639363363686
sub-058,control,lateral,face,1.5,-0.39394591737551676
sub-058,control,lateral,face,1.75,-0.3923738941606021
sub-058,control,lateral,face,2.0,-0.38321352094699135
sub-058,control,lateral,face,2.25,-0.37518759324572826
sub-058,control,lateral,face,2.5,-0.3427015716058268
sub-058,control,lateral,face,2.75,-0.3475581079472771
sub-058,control,lateral,face,3.0,-0.3253231240067749
sub-058,control,lateral,face,3.25,-0.32946637100494575
sub-058,control,lateral,face,3.5,-0.32113128286432646
sub-058,control,lateral,face,3.75,-0.31913137025249483
sub-058,control,lateral,face,4.0,-0.316842510994831
sub-058,control,lateral,face,4.25,-0.3103497064187519
sub-058,control,lateral,face,4.5,-0.32753490987868666
sub-058,control,lateral,face,4.75,-0.30765762785120937
sub-058,control,lateral,face,5.0,-0.2660700583228175
sub-058,control,medial,face,0.25,-0.12181284497614062
sub-058,control,medial,face,0.5,-0.11398859223458638
sub-058,control,medial,face,0.75,-0.13202897387085075
sub-058,control,medial,face,1.0,-0.10159859124731042
sub-058,control,medial,face,1.25,0.003342334222764967
sub-058,control,medial,face,1.5,0.19591316812132106
sub-058,control,medial,face,1.75,0.4507954078763278
sub-058,control,medial,face,2.0,0.6401397976476266
sub-058,control,medial,face,2.25,0.7173947408327881
sub-058,control,medial,face,2.5,0.832735674857868
sub-058,control,medial,face,2.75,0.9660249250328136
sub-058,control,medial,face,3.0,0.9559560312593408
sub-058,control,medial,face,3.25,1.0
sub-058,control,medial,face,3.5,1.0
sub-058,control,medial,face,3.75,1.0
sub-058,control,medial,face,4.0,1.0
sub-058,control,medial,face,4.25,1.0
sub-058,control,medial,face,4.5,1.0
sub-058,control,medial,face,4.75,1.0
sub-058,control,medial,face,5.0,1.0
sub-058,control,whole,house,0.25,-0.06913572992225384
sub-058,control,whole,house,0.5,-0.0901498177292032
sub-058,control,whole,house,0.75,-0.11357881547534435
sub-058,control,whole,house,1.0,-0.14304715541732269
sub-058,control,whole,house,1.25,-0.1634652211486087
sub-058,control,whole,house,1.5,-0.19416867999228582
sub-058,control,whole,house,1.75,-0.2195996787775583
sub-058,control,whole,house,2.0,-0.2490631269836817
sub-058,control,whole,house,2.25,-0.2607027853355152
sub-058,control,whole,house,2.5,-0.2632534933617122
sub-058,control,whole,house,2.75,-0.2487948017503001
sub-058,control,whole,house,3.0,-0.2402815893625666
sub-058,control,whole,house,3.25,-0.19123606117702865
sub-058,control,whole,house,3.5,-0.1651997445007119
sub-058,control,whole,house,3.75,-0.1244217891670516
sub-058,control,whole,house,4.0,-0.10072115140786778
sub-058,control,whole,house,4.25,-0.05981698315989678
sub-058,control,whole,house,4.5,-0.055769098781591774
sub-058,control,whole,house,4.75,-0.05740109301921162
sub-058,control,whole,house,5.0,-0.016303142519422567
sub-058,control,lateral,house,0.25,-0.1439067005282909
sub-058,control,lateral,house,0.5,-0.17544141422807102
sub-058,control,lateral,house,0.75,-0.21150696273814018
sub-058,control,lateral,house,1.0,-0.2498757837280744
sub-058,control,lateral,house,1.25,-0.28193473247359935
sub-058,control,lateral,house,1.5,-0.3146225873751296
sub-058,control,lateral,house,1.75,-0.34933563016127456
sub-058,control,lateral,house,2.0,-0.3899262766809961
sub-058,control,lateral,house,2.25,-0.4157774023194063
sub-058,control,lateral,house,2.5,-0.4183735052269009
sub-058,control,lateral,house,2.75,-0.4230260311726829
sub-058,control,lateral,house,3.0,-0.42416608062735656
sub-058,control,lateral,house,3.25,-0.3747298576995516
sub-058,control,lateral,house,3.5,-0.3570121788054826
sub-058,control,lateral,house,3.75,-0.34226142756605094
sub-058,control,lateral,house,4.0,-0.3309304818016841
sub-058,control,lateral,house,4.25,-0.2571088622648886
sub-058,control,lateral,house,4.5,-0.2723153851989903
sub-058,control,lateral,house,4.75,-0.19840459339269967
sub-058,control,lateral,house,5.0,-0.17518562722491418
sub-058,control,medial,house,0.25,0.061679896496953476
sub-058,control,medial,house,0.5,0.056879522102227235
sub-058,control,medial,house,0.75,0.07200221806143825
sub-058,control,medial,house,1.0,0.06469021474514892
sub-058,control,medial,house,1.25,0.0763796970583946
sub-058,control,medial,house,1.5,0.0641692215189626
sub-058,control,medial,house,1.75,0.05826899902087715
sub-058,control,medial,house,2.0,0.058660664013479566
sub-058,control,medial,house,2.25,0.058969490624687176
sub-058,control,medial,house,2.5,0.04479956667235454
sub-058,control,medial,house,2.75,0.06299035136607467
sub-058,control,medial,house,3.0,0.0953738413691506
sub-058,control,medial,house,3.25,0.11243751042855016
sub-058,control,medial,house,3.5,0.12481955893257622
sub-058,control,medial,house,3.75,0.1514155670334404
sub-058,control,medial,house,4.0,0.17470965073430025
sub-058,control,medial,house,4.25,0.1553809636931156
sub-058,control,medial,house,4.5,0.14604376501984462
sub-058,control,medial,house,4.75,0.09601517965512399
sub-058,control,medial,house,5.0,0.0979737946292834
sub-058,control,whole,object,0.25,-0.06684868909247146
sub-058,control,whole,object,0.5,-0.07639546740727385
sub-058,control,whole,object,0.75,-0.07774169215125337
sub-058,control,whole,object,1.0,-0.07407964438445633
sub-058,control,whole,object,1.25,-0.07187730456015841
sub-058,control,whole,object,1.5,-0.05868871349088057
sub-058,control,whole,object,1.75,-0.054293253280457254
sub-058,control,whole,object,2.0,-0.04477447470803714
sub-058,control,whole,object,2.25,-0.03389320733671312
sub-058,control,whole,object,2.5,-0.03675989974533509
sub-058,control,whole,object,2.75,-0.031348146837286
sub-058,control,whole,object,3.0,-0.020647447957433677
sub-058,control,whole,object,3.25,-0.008679972767250556
sub-058,control,whole,object,3.5,-0.0014405036662104933
sub-058,control,whole,object,3.75,0.01966169686593845
sub-058,control,whole,object,4.0,0.03279176209955624
sub-058,control,whole,object,4.25,0.05125757196704948
sub-058,control,whole,object,4.5,0.0694384112466685
sub-058,control,whole,object,4.75,0.09131849724357725
sub-058,control,whole,object,5.0,0.11465004147584126
sub-058,control,lateral,object,0.25,-0.0538573569688912
sub-058,control,lateral,object,0.5,-0.06252131381140837
sub-058,control,lateral,object,0.75,-0.06844621289246672
sub-058,control,lateral,object,1.0,-0.06733561333873271
sub-058,control,lateral,object,1.25,-0.06406156938253173
sub-058,control,lateral,object,1.5,-0.05687885308626134
sub-058,control,lateral,object,1.75,-0.04706504019693059
sub-058,control,lateral,object,2.0,-0.03963503770705379
sub-058,control,lateral,object,2.25,-0.04190490997146986
sub-058,control,lateral,object,2.5,-0.04254170007945911
sub-058,control,lateral,object,2.75,-0.04254420343644341
sub-058,control,lateral,object,3.0,-0.0399547892031282
sub-058,control,lateral,object,3.25,-0.03126614389131674
sub-058,control,lateral,object,3.5,-0.018071993676624033
sub-058,control,lateral,object,3.75,0.00046398026635436517
sub-058,control,lateral,object,4.0,0.02061698824183858
sub-058,control,lateral,object,4.25,0.04192566417378393
sub-058,control,lateral,object,4.5,0.06342321966037645
sub-058,control,lateral,object,4.75,0.08813603222369033
sub-058,control,lateral,object,5.0,0.11503447736395796
sub-058,control,medial,object,0.25,-0.10473525068222773
sub-058,control,medial,object,0.5,-0.10777749147328197
sub-058,control,medial,object,0.75,-0.11016618674132164
sub-058,control,medial,object,1.0,-0.10895176536133402
sub-058,control,medial,object,1.25,-0.08555875657722771
sub-058,control,medial,object,1.5,-0.08028292634778152
sub-058,control,medial,object,1.75,-0.07876971143703196
sub-058,control,medial,object,2.0,-0.04747626642860415
sub-058,control,medial,object,2.25,-0.026480639295272466
sub-058,control,medial,object,2.5,0.0030277111980464362
sub-058,control,medial,object,2.75,0.04718892939163839
sub-058,control,medial,object,3.0,0.07204297774558317
sub-058,control,medial,object,3.25,0.09275143161459011
sub-058,control,medial,object,3.5,0.12046664616743502
sub-058,control,medial,object,3.75,0.12043177894681138
sub-058,control,medial,object,4.0,0.11528435505600372
sub-058,control,medial,object,4.25,0.11285520383241746
sub-058,control,medial,object,4.5,0.10275191788340671
sub-058,control,medial,object,4.75,0.10854954552979051
sub-058,control,medial,object,5.0,0.1330013131021422
sub-058,control,whole,word,0.25,0.3389319887953217
sub-058,control,whole,word,0.5,0.35739661358583824
sub-058,control,whole,word,0.75,0.38165733566696153
sub-058,control,whole,word,1.0,0.3947998532699971
sub-058,control,whole,word,1.25,0.42362476855589926
sub-058,control,whole,word,1.5,0.43352750861485423
sub-058,control,whole,word,1.75,0.457255429910836
sub-058,control,whole,word,2.0,0.4720583761556154
sub-058,control,whole,word,2.25,0.5178666781639178
sub-058,control,whole,word,2.5,0.5410661059576072
sub-058,control,whole,word,2.75,0.5480533604573447
sub-058,control,whole,word,3.0,0.5797724903543365
sub-058,control,whole,word,3.25,0.6397957527001035
sub-058,control,whole,word,3.5,0.6881626062407961
sub-058,control,whole,word,3.75,0.7675970967904184
sub-058,control,whole,word,4.0,0.8294388457219638
sub-058,control,whole,word,4.25,0.898995458133164
sub-058,control,whole,word,4.5,0.9485593563907982
sub-058,control,whole,word,4.75,0.9990476190476191
sub-058,control,whole,word,5.0,1.0
sub-058,control,lateral,word,0.25,0.4693814696003822
sub-058,control,lateral,word,0.5,0.5033273135184059
sub-058,control,lateral,word,0.75,0.5340558690152174
sub-058,control,lateral,word,1.0,0.559306752572284
sub-058,control,lateral,word,1.25,0.5953518826068044
sub-058,control,lateral,word,1.5,0.6214301001894534
sub-058,control,lateral,word,1.75,0.6440278033623792
sub-058,control,lateral,word,2.0,0.6854404371458551
sub-058,control,lateral,word,2.25,0.7188559448088446
sub-058,control,lateral,word,2.5,0.7252891105064595
sub-058,control,lateral,word,2.75,0.7405368474260632
sub-058,control,lateral,word,3.0,0.714957718562322
sub-058,control,lateral,word,3.25,0.754150424726071
sub-058,control,lateral,word,3.5,0.7497422836271093
sub-058,control,lateral,word,3.75,0.7804132287651322
sub-058,control,lateral,word,4.0,0.8460353394768496
sub-058,control,lateral,word,4.25,0.9094147703763605
sub-058,control,lateral,word,4.5,0.9608705207197223
sub-058,control,lateral,word,4.75,1.0
sub-058,control,lateral,word,5.0,1.0
sub-058,control,medial,word,0.25,0.029547506434247937
sub-058,control,medial,word,0.5,-0.005737934756091409
sub-058,control,medial,word,0.75,-0.039566970013838576
sub-058,control,medial,word,1.0,-0.07516350539540341
sub-058,control,medial,word,1.25,-0.11644009194816457
sub-058,control,medial,word,1.5,-0.21733891975026165
sub-058,control,medial,word,1.75,-0.21550537491297994
sub-058,control,medial,word,2.0,-0.2577972521724474
sub-058,control,medial,word,2.25,-0.26496386774546615
sub-058,control,medial,word,2.5,-0.25397559446388324
sub-058,control,medial,word,2.75,-0.34053894986407096
sub-058,control,medial,word,3.0,-0.3038393246648059
sub-058,control,medial,word,3.25,-0.11165726704694318
sub-058,control,medial,word,3.5,0.052410901467505246
sub-058,control,medial,word,3.75,0.2541565778853914
sub-059,control,whole,face,0.25,-0.18920337643472238
sub-059,control,whole,face,0.5,-0.2455772524197494
sub-059,control,whole,face,0.75,-0.3086913371139855
sub-059,control,whole,face,1.0,-0.3618527287977781
sub-059,control,whole,face,1.25,-0.42124796220843486
sub-059,control,whole,face,1.5,-0.45688424962286517
sub-059,control,whole,face,1.75,-0.4879027929148558
sub-059,control,whole,face,2.0,-0.5189148620783057
sub-059,control,whole,face,2.25,-0.5565594184320591
sub-059,control,whole,face,2.5,-0.5896952297713878
sub-059,control,whole,face,2.75,-0.6071282366740012
sub-059,control,whole,face,3.0,-0.6211431936617339
sub-059,control,whole,face,3.25,-0.6416855613307308
sub-059,control,whole,face,3.5,-0.6650759014444422
sub-059,control,whole,face,3.75,-0.6681055458620486
sub-059,control,whole,face,4.0,-0.6786429353712217
sub-059,control,whole,face,4.25,-0.6796408921765443
sub-059,control,whole,face,4.5,-0.6939380394168488
sub-059,control,whole,face,4.75,-0.6911436088369828
sub-059,control,whole,face,5.0,-0.7248310765277973
sub-059,control,lateral,face,0.25,-0.20137422293127533
sub-059,control,lateral,face,0.5,-0.2794648262005499
sub-059,control,lateral,face,0.75,-0.3524392200541756
sub-059,control,lateral,face,1.0,-0.41923250131555845
sub-059,control,lateral,face,1.25,-0.46791636701593503
sub-059,control,lateral,face,1.5,-0.5133702795152483
sub-059,control,lateral,face,1.75,-0.5476372061806771
sub-059,control,lateral,face,2.0,-0.5798880506651494
sub-059,control,lateral,face,2.25,-0.6047719153439937
sub-059,control,lateral,face,2.5,-0.6096424959011411
sub-059,control,lateral,face,2.75,-0.6275663923580767
sub-059,control,lateral,face,3.0,-0.6356457868707913
sub-059,control,lateral,face,3.25,-0.6515837137942703
sub-059,control,lateral,face,3.5,-0.6626745807473143
sub-059,control,lateral,face,3.75,-0.6723397688108205
sub-059,control,lateral,face,4.0,-0.6821079049036469
sub-059,control,lateral,face,4.25,-0.6794869857820401
sub-059,control,lateral,face,4.5,-0.6827570641577434
sub-059,control,lateral,face,4.75,-0.6972831998119007
sub-059,control,lateral,face,5.0,-0.7176616028766871
sub-059,control,medial,face,0.25,-0.15158287344816082
sub-059,control,medial,face,0.5,-0.1640415832080593
sub-059,control,medial,face,0.75,-0.1704126896775074
sub-059,control,medial,face,1.0,-0.14005634014494472
sub-059,control,medial,face,1.25,-0.13944693067898226
sub-059,control,medial,face,1.5,-0.03193590231435876
sub-059,control,medial,face,1.75,-0.009762613453240778
sub-059,control,medial,face,2.0,0.1168271033857281
sub-059,control,medial,face,2.25,0.11471997972795842
sub-059,control,medial,face,2.5,0.09720336728295086
sub-059,control,medial,face,2.75,0.1354610613212167
sub-059,control,medial,face,3.0,-0.10017749135396194
sub-059,control,medial,face,3.25,-0.22587031024531024
sub-059,control,medial,face,3.5,-0.2878720238095238
sub-059,control,medial,face,3.75,-0.5736801242236025
sub-059,control,whole,house,0.25,-0.14131456740582315
sub-059,control,whole,house,0.5,-0.157840775627909
sub-059,control,whole,house,0.75,-0.18109653806075937
sub-059,control,whole,house,1.0,-0.19400500015850042
sub-059,control,whole,house,1.25,-0.21123685783792354
sub-059,control,whole,house,1.5,-0.21706121615039908
sub-059,control,whole,house,1.75,-0.2248625760376657
sub-059,control,whole,house,2.0,-0.242320791154292
sub-059,control,whole,house,2.25,-0.2536943645049185
sub-059,control,whole,house,2.5,-0.26256827624878326
sub-059,control,whole,house,2.75,-0.28382944744617955
sub-059,control,whole,house,3.0,-0.305536252321408
sub-059,control,whole,house,3.25,-0.3218387432514635
sub-059,control,whole,house,3.5,-0.33542233515870856
sub-059,control,whole,house,3.75,-0.3405035545225685
sub-059,control,whole,house,4.0,-0.36202327498708264
sub-059,control,whole,house,4.25,-0.3674363399857622
sub-059,control,whole,house,4.5,-0.36855745248435795
sub-059,control,whole,house,4.75,-0.3721944543095199
sub-059,control,whole,house,5.0,-0.3688775421288319
sub-059,control,lateral,house,0.25,-0.15941208236744336
sub-059,control,lateral,house,0.5,-0.18000254556410492
sub-059,control,lateral,house,0.75,-0.21005458595769894
sub-059,control,lateral,house,1.0,-0.23384958367386985
sub-059,control,lateral,house,1.25,-0.2522142510604557
sub-059,control,lateral,house,1.5,-0.2702951561491178
sub-059,control,lateral,house,1.75,-0.27349557912285233
sub-059,control,lateral,house,2.0,-0.2867991110672143
sub-059,control,lateral,house,2.25,-0.31136966500480995
sub-059,control,lateral,house,2.5,-0.32465397670967155
sub-059,control,lateral,house,2.75,-0.3631152751809128
sub-059,control,lateral,house,3.0,-0.3992657700415574
sub-059,control,lateral,house,3.25,-0.4323480435350212
sub-059,control,lateral,house,3.5,-0.4822255120672336
sub-059,control,lateral,house,3.75,-0.5344804322281344
sub-059,control,lateral,house,4.0,-0.5757941772596037
sub-059,control,lateral,house,4.25,-0.6363484895071175
sub-059,control,lateral,house,4.5,-0.6577233958231394
sub-059,control,lateral,house,4.75,-0.6816939984171643
sub-059,control,lateral,house,5.0,-0.7251476672994316
sub-059,control,medial,house,0.25,-0.09648282149898645
sub-059,control,medial,house,0.5,-0.10185810073081082
sub-059,control,medial,house,0.75,-0.08492105311323972
sub-059,control,medial,house,1.0,-0.09660590993399243
sub-059,control,medial,house,1.25,-0.1039999780522059
sub-059,control,medial,house,1.5,-0.09353528015215158
sub-059,control,medial,house,1.75,-0.1279113013803386
sub-059,control,medial,house,2.0,-0.12825963923175243
sub-059,control,medial,house,2.25,-0.13499708287228734
sub-059,control,medial,house,2.5,-0.12767947529508353
sub-059,control,medial,house,2.75,-0.14385946690421814
sub-059,control,medial,house,3.0,-0.13270140849013445
sub-059,control,medial,house,3.25,-0.1300422404019936
sub-059,control,medial,house,3.5,-0.11282818814905049
sub-059,control,medial,house,3.75,-0.09656836975294063
sub-059,control,medial,house,4.0,-0.08492140884510566
sub-059,control,medial,house,4.25,-0.07610236642123396
sub-059,control,medial,house,4.5,-0.07663547263327994
sub-059,control,medial,house,4.75,-0.06676644944506614
sub-059,control,medial,house,5.0,-0.0819362542611474
sub-059,control,whole,object,0.25,-0.004315200484506064
sub-059,control,whole,object,0.5,-0.0013765234123628142
sub-059,control,whole,object,0.75,0.00047444410108926665
sub-059,control,whole,object,1.0,-0.0021833839538314857
sub-059,control,whole,object,1.25,0.0035178774243958917
sub-059,control,whole,object,1.5,0.0053592973834748585
sub-059,control,whole,object,1.75,0.0050429832624718455
sub-059,control,whole,object,2.0,0.0033976372525532966
sub-059,control,whole,object,2.25,0.008781753187697224
sub-059,control,whole,object,2.5,0.016107019773145336
sub-059,control,whole,object,2.75,0.02519962849632664
sub-059,control,whole,object,3.0,0.032899018197909885
sub-059,control,whole,object,3.25,0.04024957702181454
sub-059,control,whole,object,3.5,0.04412402066418036
sub-059,control,whole,object,3.75,0.048574286533567365
sub-059,control,whole,object,4.0,0.048305364248707204
sub-059,control,whole,object,4.25,0.05000961439305485
sub-059,control,whole,object,4.5,0.06482796868407645
sub-059,control,whole,object,4.75,0.07003620408502359
sub-059,control,whole,object,5.0,0.08164734868596751
sub-059,control,lateral,object,0.25,-0.02550156483071678
sub-059,control,lateral,object,0.5,-0.021621287774322786
sub-059,control,lateral,object,0.75,-0.023035893450208414
sub-059,control,lateral,object,1.0,-0.01843078153005987
sub-059,control,lateral,object,1.25,-0.017278905581085507
sub-059,control,lateral,object,1.5,-0.01844308785526237
sub-059,control,lateral,object,1.75,-0.01606568736077406
sub-059,control,lateral,object,2.0,-0.011337306968012694
sub-059,control,lateral,object,2.25,-0.008171013611273082
sub-059,control,lateral,object,2.5,-0.0028690860065742644
sub-059,control,lateral,object,2.75,-0.0037354005888919285
sub-059,control,lateral,object,3.0,0.009884047475159327
sub-059,control,lateral,object,3.25,0.012756782247812837
sub-059,control,lateral,object,3.5,0.015168046454890227
sub-059,control,lateral,object,3.75,0.026386703135953017
sub-059,control,lateral,object,4.0,0.02438742766054016
sub-059,control,lateral,object,4.25,0.025292188288938797
sub-059,control,lateral,object,4.5,0.03369708184300446
sub-059,control,lateral,object,4.75,0.0396592466150938
sub-059,control,lateral,object,5.0,0.04955008848590566
sub-059,control,medial,object,0.25,0.04658721234621667
sub-059,control,medial,object,0.5,0.060183162321978116
sub-059,control,medial,object,0.75,0.059751459251855855
sub-059,control,medial,object,1.0,0.06950705311305247
sub-059,control,medial,object,1.25,0.08101479841178945
sub-059,control,medial,object,1.5,0.08317156976756966
sub-059,control,medial,object,1.75,0.08564124110411037
sub-059,control,medial,object,2.0,0.0904203151758379
sub-059,control,medial,object,2.25,0.10419696534765731
sub-059,control,medial,object,2.5,0.11525373137099751
sub-059,control,medial,object,2.75,0.1360190780247902
sub-059,control,medial,object,3.0,0.1456146683159686
sub-059,control,medial,object,3.25,0.15652483960175892
sub-059,control,medial,object,3.5,0.16211439239735762
sub-059,control,medial,object,3.75,0.16961535531218475
sub-059,control,medial,object,4.0,0.17410181874414968
sub-059,control,medial,object,4.25,0.17186018954496626
sub-059,control,medial,object,4.5,0.1804162648284069
sub-059,control,medial,object,4.75,0.19178495457237413
sub-059,control,medial,object,5.0,0.21358383751468185
sub-059,control,whole,word,0.25,0.11687788882172905
sub-059,control,whole,word,0.5,0.14475524422334063
sub-059,control,whole,word,0.75,0.15147113864015224
sub-059,control,whole,word,1.0,0.20123730512462232
sub-059,control,whole,word,1.25,0.26316534265065405
sub-059,control,whole,word,1.5,0.3292997977659538
sub-059,control,whole,word,1.75,0.4012834590794833
sub-059,control,whole,word,2.0,0.4719141923544282
sub-059,control,whole,word,2.25,0.5182218664600907
sub-059,control,whole,word,2.5,0.5624157539740071
sub-059,control,whole,word,2.75,0.6389085462678993
sub-059,control,whole,word,3.0,0.7324804955912835
sub-059,control,whole,word,3.25,0.7895866898986854
sub-059,control,whole,word,3.5,0.8478209254034375
sub-059,control,whole,word,3.75,0.877916825405809
sub-059,control,whole,word,4.0,0.9109554612662809
sub-059,control,whole,word,4.25,0.942358647904711
sub-059,control,whole,word,4.5,0.9760964713785948
sub-059,control,whole,word,4.75,0.9801882953118839
sub-059,control,whole,word,5.0,0.9767266110426321
sub-059,control,lateral,word,0.25,0.15965464611156152
sub-059,control,lateral,word,0.5,0.15563067861572855
sub-059,control,lateral,word,0.75,0.10352054379504275
sub-059,control,lateral,word,1.0,0.1073903522261378
sub-059,control,lateral,word,1.25,0.16841184911548154
sub-059,control,lateral,word,1.5,0.2622481230902682
sub-059,control,lateral,word,1.75,0.372127509638307
sub-059,control,lateral,word,2.0,0.4948494342022492
sub-059,control,lateral,word,2.25,0.6443169414459611
sub-059,control,lateral,word,2.5,0.7228358340469857
sub-059,control,lateral,word,2.75,0.7836145651172276
sub-059,control,lateral,word,3.0,0.8140037266360258
sub-059,control,lateral,word,3.25,0.808013115595133
sub-059,control,lateral,word,3.5,0.8110110558776219
sub-059,control,lateral,word,3.75,0.8154457496063158
sub-059,control,lateral,word,4.0,0.8985324819971596
sub-059,control,lateral,word,4.25,0.8945755706502309
sub-059,control,lateral,word,4.5,0.9471509122685594
sub-059,control,lateral,word,4.75,0.920785718346694
sub-059,control,lateral,word,5.0,0.858044733044733
sub-059,control,medial,word,0.25,0.06669101213494028
sub-059,control,medial,word,0.5,0.12369073094519986
sub-059,control,medial,word,0.75,0.1804480254126781
sub-059,control,medial,word,1.0,0.2640448317160612
sub-059,control,medial,word,1.25,0.34751818610873164
sub-059,control,medial,word,1.5,0.37295777825649845
sub-059,control,medial,word,1.75,0.4080983150717391
sub-059,control,medial,word,2.0,0.4647261486740621
sub-059,control,medial,word,2.25,0.48361987494508296
sub-059,control,medial,word,2.5,0.5005343845548583
sub-059,control,medial,word,2.75,0.5649735886484534
sub-059,control,medial,word,3.0,0.6766593563396364
sub-059,control,medial,word,3.25,0.7996606271883657
sub-059,control,medial,word,3.5,0.8784711078269927
sub-059,control,medial,word,3.75,0.9070699924000427
sub-059,control,medial,word,4.0,0.932289673470923
sub-059,control,medial,word,4.25,1.0
sub-059,control,medial,word,4.5,1.0
sub-059,control,medial,word,4.75,1.0
sub-059,control,medial,word,5.0,1.0
sub-062,control,whole,face,0.25,-0.07579148332387152
sub-062,control,whole,face,0.5,-0.08474625367691363
sub-062,control,whole,face,0.75,-0.08895589268179803
sub-062,control,whole,face,1.0,-0.09059954656173928
sub-062,control,whole,face,1.25,-0.10171794222407536
sub-062,control,whole,face,1.5,-0.10954597466199038
sub-062,control,whole,face,1.75,-0.12159420152007555
sub-062,control,whole,face,2.0,-0.13675083462166365
sub-062,control,whole,face,2.25,-0.16823395385756104
sub-062,control,whole,face,2.5,-0.20292151262494898
sub-062,control,whole,face,2.75,-0.23541034682098896
sub-062,control,whole,face,3.0,-0.26748240349221225
sub-062,control,whole,face,3.25,-0.31664267743260116
sub-062,control,whole,face,3.5,-0.3677552406092405
sub-062,control,whole,face,3.75,-0.42031051407287023
sub-062,control,whole,face,4.0,-0.4622659731166938
sub-062,control,whole,face,4.25,-0.5161740802518107
sub-062,control,whole,face,4.5,-0.5725652672950634
sub-062,control,whole,face,4.75,-0.6188874300911302
sub-062,control,whole,face,5.0,-0.6481412874491086
sub-062,control,lateral,face,0.25,-0.07481119109583853
sub-062,control,lateral,face,0.5,-0.08806413089428926
sub-062,control,lateral,face,0.75,-0.10130920061548221
sub-062,control,lateral,face,1.0,-0.10780676004179593
sub-062,control,lateral,face,1.25,-0.11328292490716001
sub-062,control,lateral,face,1.5,-0.12761812327386532
sub-062,control,lateral,face,1.75,-0.12778510959539482
sub-062,control,lateral,face,2.0,-0.1542179477516408
sub-062,control,lateral,face,2.25,-0.18113710097223776
sub-062,control,lateral,face,2.5,-0.22933944404290188
sub-062,control,lateral,face,2.75,-0.2679979450035042
sub-062,control,lateral,face,3.0,-0.31264808456527843
sub-062,control,lateral,face,3.25,-0.35685961017510465
sub-062,control,lateral,face,3.5,-0.4214833735514384
sub-062,control,lateral,face,3.75,-0.47993685672903924
sub-062,control,lateral,face,4.0,-0.5461537276755343
sub-062,control,lateral,face,4.25,-0.6042494275698317
sub-062,control,lateral,face,4.5,-0.6701719753278554
sub-062,control,lateral,face,4.75,-0.7183339732627624
sub-062,control,lateral,face,5.0,-0.760537138504914
sub-062,control,medial,face,0.25,-0.07269353326679773
sub-062,control,medial,face,0.5,-0.05172987931658433
sub-062,control,medial,face,0.75,-0.003101819233509301
sub-062,control,medial,face,1.0,0.025754697647894936
sub-062,control,medial,face,1.25,0.0325134430799617
sub-062,control,medial,face,1.5,0.02628126006774362
sub-062,control,medial,face,1.75,0.05228427524519184
sub-062,control,medial,face,2.0,0.09595073696662215
sub-062,control,medial,face,2.25,0.1266077962552703
sub-062,control,medial,face,2.5,0.19547442095977022
sub-062,control,medial,face,2.75,0.24664762563589426
sub-062,control,medial,face,3.0,0.3257900778223607
sub-062,control,medial,face,3.25,0.3575927510936207
sub-062,control,medial,face,3.5,0.4111384861999569
sub-062,control,medial,face,3.75,0.4492173602662412
sub-062,control,medial,face,4.0,0.5329920937649425
sub-062,control,medial,face,4.25,0.5669906965921473
sub-062,control,medial,face,4.5,0.5799934818271898
sub-062,control,medial,face,4.75,0.6118319667941249
sub-062,control,medial,face,5.0,0.6365022583756176
sub-062,control,whole,house,0.25,0.0163962454056933
sub-062,control,whole,house,0.5,0.0024754013162795172
sub-062,control,whole,house,0.75,-0.012260153801300277
sub-062,control,whole,house,1.0,-0.02495624679953185
sub-062,control,whole,house,1.25,-0.03259820628832562
sub-062,control,whole,house,1.5,-0.04344967137996795
sub-062,control,whole,house,1.75,-0.04580970774273427
sub-062,control,whole,house,2.0,-0.06847929177736609
sub-062,control,whole,house,2.25,-0.07830030502235866
sub-062,control,whole,house,2.5,-0.09539353716612026
sub-062,control,whole,house,2.75,-0.10560844101998387
sub-062,control,whole,house,3.0,-0.11892031061004683
sub-062,control,whole,house,3.25,-0.13193276321705708
sub-062,control,whole,house,3.5,-0.1464411667512206
sub-062,control,whole,house,3.75,-0.15598965522496427
sub-062,control,whole,house,4.0,-0.17998369549071844
sub-062,control,whole,house,4.25,-0.18151311015310917
sub-062,control,whole,house,4.5,-0.19382103333251874
sub-062,control,whole,house,4.75,-0.19647004616908206
sub-062,control,whole,house,5.0,-0.2060102002367966
sub-062,control,lateral,house,0.25,-0.01941083436034223
sub-062,control,lateral,house,0.5,-0.043125623942445464
sub-062,control,lateral,house,0.75,-0.06650407933490468
sub-062,control,lateral,house,1.0,-0.08717128005769861
sub-062,control,lateral,house,1.25,-0.08855934350159814
sub-062,control,lateral,house,1.5,-0.11374212921678001
sub-062,control,lateral,house,1.75,-0.12079533590616577
sub-062,control,lateral,house,2.0,-0.13674643440271994
sub-062,control,lateral,house,2.25,-0.15323379824552133
sub-062,control,lateral,house,2.5,-0.16003930835126404
sub-062,control,lateral,house,2.75,-0.1809730113779331
sub-062,control,lateral,house,3.0,-0.18948780772459586
sub-062,control,lateral,house,3.25,-0.18842340065837973
sub-062,control,lateral,house,3.5,-0.2057923635585652
sub-062,control,lateral,house,3.75,-0.21374301022790163
sub-062,control,lateral,house,4.0,-0.23020430440293352
sub-062,control,lateral,house,4.25,-0.2391038793130897
sub-062,control,lateral,house,4.5,-0.23476349650854117
sub-062,control,lateral,house,4.75,-0.24032634183057108
sub-062,control,lateral,house,5.0,-0.24609928087231706
sub-062,control,medial,house,0.25,0.1127578623247939
sub-062,control,medial,house,0.5,0.12294639361977824
sub-062,control,medial,house,0.75,0.13380390901347033
sub-062,control,medial,house,1.0,0.12756892269620976
sub-062,control,medial,house,1.25,0.13369762128956122
sub-062,control,medial,house,1.5,0.12287179143455342
sub-062,control,medial,house,1.75,0.12943781477048477
sub-062,control,medial,house,2.0,0.10666155243021648
sub-062,control,medial,house,2.25,0.0956129815776276
sub-062,control,medial,house,2.5,0.0868371116986745
sub-062,control,medial,house,2.75,0.05918631284200766
sub-062,control,medial,house,3.0,0.030936149329769954
sub-062,control,medial,house,3.25,0.025991805743482203
sub-062,control,medial,house,3.5,0.028592185003828874
sub-062,control,medial,house,3.75,-0.008449228507184464
sub-062,control,medial,house,4.0,-0.04134800574305
sub-062,control,medial,house,4.25,-0.04497625047321811
sub-062,control,medial,house,4.5,-0.08100965317344233
sub-062,control,medial,house,4.75,-0.09257064576529281
sub-062,control,medial,house,5.0,-0.10810977832266
sub-062,control,whole,object,0.25,0.055321585879221126
sub-062,control,whole,object,0.5,0.06811810448116729
sub-062,control,whole,object,0.75,0.07959604816325246
sub-062,control,whole,object,1.0,0.09594242936350535
sub-062,control,whole,object,1.25,0.11260934053196868
sub-062,control,whole,object,1.5,0.12375036145504438
sub-062,control,whole,object,1.75,0.14329194549554164
sub-062,control,whole,object,2.0,0.16495372181290374
sub-062,control,whole,object,2.25,0.18606489235548124
sub-062,control,whole,object,2.5,0.2068713088731772
sub-062,control,whole,object,2.75,0.2348407952661057
sub-062,control,whole,object,3.0,0.26262043509676614
sub-062,control,whole,object,3.25,0.30335358754638553
sub-062,control,whole,object,3.5,0.32834766549570565
sub-062,control,whole,object,3.75,0.3562553879807101
sub-062,control,whole,object,4.0,0.37687854093097944
sub-062,control,whole,object,4.25,0.4161463038670412
sub-062,control,whole,object,4.5,0.41812190190960985
sub-062,control,whole,object,4.75,0.42523603748571426
sub-062,control,whole,object,5.0,0.4362994245542673
sub-062,control,lateral,object,0.25,-0.011431762571271476
sub-062,control,lateral,object,0.5,-0.005674372284306135
sub-062,control,lateral,object,0.75,0.00369513656216354
sub-062,control,lateral,object,1.0,0.012019873813785761
sub-062,control,lateral,object,1.25,0.024245770142083546
sub-062,control,lateral,object,1.5,0.026001512067140284
sub-062,control,lateral,object,1.75,0.0515687447800096
sub-062,control,lateral,object,2.0,0.06375704139760949
sub-062,control,lateral,object,2.25,0.08523071811733393
sub-062,control,lateral,object,2.5,0.09251671347938918
sub-062,control,lateral,object,2.75,0.1097591026462838
sub-062,control,lateral,object,3.0,0.13950111069644272
sub-062,control,lateral,object,3.25,0.16670812351309167
sub-062,control,lateral,object,3.5,0.20450602479843014
sub-062,control,lateral,object,3.75,0.22730709570992427
sub-062,control,lateral,object,4.0,0.24816250336807222
sub-062,control,lateral,object,4.25,0.2823049421739934
sub-062,control,lateral,object,4.5,0.27446773436402716
sub-062,control,lateral,object,4.75,0.2762958569222671
sub-062,control,lateral,object,5.0,0.2750196008994354
sub-062,control,medial,object,0.25,0.2251278161539961
sub-062,control,medial,object,0.5,0.2598585531399243
sub-062,control,medial,object,0.75,0.28877919927117296
sub-062,control,medial,object,1.0,0.34495821320414877
sub-062,control,medial,object,1.25,0.38786534192969163
sub-062,control,medial,object,1.5,0.4251513464523431
sub-062,control,medial,object,1.75,0.4684630315664481
sub-062,control,medial,object,2.0,0.5292937452998491
sub-062,control,medial,object,2.25,0.5835282438920991
sub-062,control,medial,object,2.5,0.6471713679721666
sub-062,control,medial,object,2.75,0.6812302722295311
sub-062,control,medial,object,3.0,0.726677360509817
sub-062,control,medial,object,3.25,0.7567572398021101
sub-062,control,medial,object,3.5,0.7642353941146102
sub-062,control,medial,object,3.75,0.7797590915248257
sub-062,control,medial,object,4.0,0.8057110975703218
sub-062,control,medial,object,4.25,0.8281534440460446
sub-062,control,medial,object,4.5,0.8325651316679102
sub-062,control,medial,object,4.75,0.8372173536988854
sub-062,control,medial,object,5.0,0.8509604931483699
sub-062,control,whole,word,0.25,0.23396018209983246
sub-062,control,whole,word,0.5,0.2604380051326577
sub-062,control,whole,word,0.75,0.28207395001787794
sub-062,control,whole,word,1.0,0.30965007643005743
sub-062,control,whole,word,1.25,0.3503355874931001
sub-062,control,whole,word,1.5,0.3815436588112022
sub-062,control,whole,word,1.75,0.4247767737347315
sub-062,control,whole,word,2.0,0.4107550007137263
sub-062,control,whole,word,2.25,0.3951022650216806
sub-062,control,whole,word,2.5,0.3700149706851791
sub-062,control,whole,word,2.75,0.3506492516857012
sub-062,control,whole,word,3.0,0.33889845499121984
sub-062,control,whole,word,3.25,0.3555046646672943
sub-062,control,whole,word,3.5,0.3071858454522104
sub-062,control,whole,word,3.75,0.3434666116113001
sub-062,control,whole,word,4.0,0.4080487938445735
sub-062,control,whole,word,4.25,0.34970928154580005
sub-062,control,whole,word,4.5,0.34396567489463653
sub-062,control,whole,word,4.75,0.3789925085723001
sub-062,control,whole,word,5.0,0.29316398933325966
sub-062,control,lateral,word,0.25,0.3815016212718507
sub-062,control,lateral,word,0.5,0.4157749463088461
sub-062,control,lateral,word,0.75,0.47898359465336926
sub-062,control,lateral,word,1.0,0.5419340230027736
sub-062,control,lateral,word,1.25,0.6336997886722798
sub-062,control,lateral,word,1.5,0.7453233277147285
sub-062,control,lateral,word,1.75,0.9058350712396028
sub-062,control,lateral,word,2.0,0.9256271528071413
sub-062,control,lateral,word,2.25,0.938738272552624
sub-062,control,lateral,word,2.5,0.9395473867810683
sub-062,control,lateral,word,2.75,0.9436372765052796
sub-062,control,lateral,word,3.0,0.9505588591354612
sub-062,control,lateral,word,3.25,0.9759890201544467
sub-062,control,lateral,word,3.5,0.9883638137618984
sub-062,control,lateral,word,3.75,0.9762156160276743
sub-062,control,lateral,word,4.0,1.0
sub-062,control,lateral,word,4.25,1.0
sub-062,control,lateral,word,4.5,1.0
sub-062,control,lateral,word,4.75,1.0
sub-062,control,lateral,word,5.0,1.0
sub-062,control,medial,word,0.25,-0.019171099388643434
sub-062,control,medial,word,0.5,-0.0016883864392201085
sub-062,control,medial,word,0.75,0.0005702351885675834
sub-062,control,medial,word,1.0,0.013226364051459391
sub-062,control,medial,word,1.25,0.02823065757388599
sub-062,control,medial,word,1.5,0.03464194084900567
sub-062,control,medial,word,1.75,0.03278456382538976
sub-062,control,medial,word,2.0,0.006795997888532895
sub-062,control,medial,word,2.25,0.016498281068809763
sub-062,control,medial,word,2.5,0.006443572219891141
sub-062,control,medial,word,2.75,0.018328119646847465
sub-062,control,medial,word,3.0,0.038398899969371354
sub-062,control,medial,word,3.25,0.0576074323321018
sub-062,control,medial,word,3.5,0.025865517196032632
sub-062,control,medial,word,3.75,0.07570341811750361
sub-062,control,medial,word,4.0,0.1574676083279635
sub-062,control,medial,word,4.25,0.07298528418359485
sub-062,control,medial,word,4.5,0.09347298233991402
sub-062,control,medial,word,4.75,0.06924677647529126
sub-062,control,medial,word,5.0,-0.07810347676870255
sub-064,control,whole,face,0.25,-0.04462928895521299
sub-064,control,whole,face,0.5,-0.04160416564050068
sub-064,control,whole,face,0.75,-0.037010563278321376
sub-064,control,whole,face,1.0,-0.03209702927797203
sub-064,control,whole,face,1.25,-0.026623960544360226
sub-064,control,whole,face,1.5,-0.011015724550749386
sub-064,control,whole,face,1.75,-0.002066357850410152
sub-064,control,whole,face,2.0,-0.007046072170559503
sub-064,control,whole,face,2.25,-0.008678288362511378
sub-064,control,whole,face,2.5,0.010808571886639817
sub-064,control,whole,face,2.75,0.050789410250789785
sub-064,control,whole,face,3.0,0.06552752134915901
sub-064,control,whole,face,3.25,0.06331446264548533
sub-064,control,whole,face,3.5,0.058955087702118485
sub-064,control,whole,face,3.75,0.058268593989278764
sub-064,control,whole,face,4.0,0.05617674144533504
sub-064,control,whole,face,4.25,0.02964434762576557
sub-064,control,whole,face,4.5,0.005520733795629441
sub-064,control,whole,face,4.75,-0.004733235507138932
sub-064,control,whole,face,5.0,-0.03252954842507044
sub-064,control,lateral,face,0.25,-0.059774536769732774
sub-064,control,lateral,face,0.5,-0.05594374760167503
sub-064,control,lateral,face,0.75,-0.037694556414325266
sub-064,control,lateral,face,1.0,-0.019482779301154413
sub-064,control,lateral,face,1.25,0.005723212872469254
sub-064,control,lateral,face,1.5,0.02576392080606501
sub-064,control,lateral,face,1.75,0.04074992962426256
sub-064,control,lateral,face,2.0,0.07016964978492998
sub-064,control,lateral,face,2.25,0.061170169620434894
sub-064,control,lateral,face,2.5,0.09596404578874801
sub-064,control,lateral,face,2.75,0.126557199806213
sub-064,control,lateral,face,3.0,0.14860634482643287
sub-064,control,lateral,face,3.25,0.1526853984697627
sub-064,control,lateral,face,3.5,0.13814716534216998
sub-064,control,lateral,face,3.75,0.15443655158112451
sub-064,control,lateral,face,4.0,0.15673467651016243
sub-064,control,lateral,face,4.25,0.12043243853315767
sub-064,control,lateral,face,4.5,0.09485746310099999
sub-064,control,lateral,face,4.75,0.09507056418980767
sub-064,control,lateral,face,5.0,0.05913577102819392
sub-064,control,medial,face,0.25,-0.02670165472453359
sub-064,control,medial,face,0.5,-0.023092465196172647
sub-064,control,medial,face,0.75,-0.03451819844227918
sub-064,control,medial,face,1.0,-0.03569580897415034
sub-064,control,medial,face,1.25,-0.06610385415450716
sub-064,control,medial,face,1.5,-0.059528624049723644
sub-064,control,medial,face,1.75,-0.09283717969226857
sub-064,control,medial,face,2.0,-0.10980798815949788
sub-064,control,medial,face,2.25,-0.15900636437797763
sub-064,control,medial,face,2.5,-0.13865821879954798
sub-064,control,medial,face,2.75,-0.1085929352076717
sub-064,control,medial,face,3.0,-0.1081731549571601
sub-064,control,medial,face,3.25,-0.10767604176980267
sub-064,control,medial,face,3.5,-0.1315980674207996
sub-064,control,medial,face,3.75,-0.12296096179028135
sub-064,control,medial,face,4.0,-0.0876652537168172
sub-064,control,medial,face,4.25,-0.1000934228627478
sub-064,control,medial,face,4.5,-0.0920310483816868
sub-064,control,medial,face,4.75,-0.10432338501094121
sub-064,control,medial,face,5.0,-0.1181189983134675
sub-064,control,whole,house,0.25,-0.10280884635048217
sub-064,control,whole,house,0.5,-0.11630651077996909
sub-064,control,whole,house,0.75,-0.12423056413816255
sub-064,control,whole,house,1.0,-0.13434948454230225
sub-064,control,whole,house,1.25,-0.1415602415910954
sub-064,control,whole,house,1.5,-0.14292051742323295
sub-064,control,whole,house,1.75,-0.14377926720200804
sub-064,control,whole,house,2.0,-0.1529519939167264
sub-064,control,whole,house,2.25,-0.15566071544123083
sub-064,control,whole,house,2.5,-0.17629232465560968
sub-064,control,whole,house,2.75,-0.17965283462641168
sub-064,control,whole,house,3.0,-0.19265364170689503
sub-064,control,whole,house,3.25,-0.20290276089029718
sub-064,control,whole,house,3.5,-0.20115525505975504
sub-064,control,whole,house,3.75,-0.20524468481520727
sub-064,control,whole,house,4.0,-0.20172805422983447
sub-064,control,whole,house,4.25,-0.18581157711467797
sub-064,control,whole,house,4.5,-0.1568103468570323
sub-064,control,whole,house,4.75,-0.14148408148988711
sub-064,control,whole,house,5.0,-0.14673036993878086
sub-064,control,lateral,house,0.25,-0.08539736558640748
sub-064,control,lateral,house,0.5,-0.08939780310932333
sub-064,control,lateral,house,0.75,-0.09942153098421266
sub-064,control,lateral,house,1.0,-0.10528727435156822
sub-064,control,lateral,house,1.25,-0.10496413179210279
sub-064,control,lateral,house,1.5,-0.10642854005101679
sub-064,control,lateral,house,1.75,-0.10075407705098348
sub-064,control,lateral,house,2.0,-0.11159086241198907
sub-064,control,lateral,house,2.25,-0.11252815406756923
sub-064,control,lateral,house,2.5,-0.12400032235083637
sub-064,control,lateral,house,2.75,-0.12750952220364614
sub-064,control,lateral,house,3.0,-0.13418339477486405
sub-064,control,lateral,house,3.25,-0.1450406402887774
sub-064,control,lateral,house,3.5,-0.134011882799082
sub-064,control,lateral,house,3.75,-0.14848610358824899
sub-064,control,lateral,house,4.0,-0.11912417647842508
sub-064,control,lateral,house,4.25,-0.10217019346218865
sub-064,control,lateral,house,4.5,-0.05258853571664959
sub-064,control,lateral,house,4.75,-0.029756216380362185
sub-064,control,lateral,house,5.0,-0.027186819755733404
sub-064,control,medial,house,0.25,-0.14369773256302548
sub-064,control,medial,house,0.5,-0.18379502329652475
sub-064,control,medial,house,0.75,-0.19987599779203843
sub-064,control,medial,house,1.0,-0.22059743450694894
sub-064,control,medial,house,1.25,-0.2496028674504775
sub-064,control,medial,house,1.5,-0.2590972294777252
sub-064,control,medial,house,1.75,-0.2643210953177972
sub-064,control,medial,house,2.0,-0.2720910151501699
sub-064,control,medial,house,2.25,-0.29834253789771237
sub-064,control,medial,house,2.5,-0.31681700803149593
sub-064,control,medial,house,2.75,-0.32383711310193664
sub-064,control,medial,house,3.0,-0.3236625802760789
sub-064,control,medial,house,3.25,-0.32269444491803945
sub-064,control,medial,house,3.5,-0.3440273456530767
sub-064,control,medial,house,3.75,-0.35103791085264474
sub-064,control,medial,house,4.0,-0.3582728519909356
sub-064,control,medial,house,4.25,-0.34858279381850116
sub-064,control,medial,house,4.5,-0.34448564709525775
sub-064,control,medial,house,4.75,-0.32795380804621005
sub-064,control,medial,house,5.0,-0.3577812861101267
sub-064,control,whole,object,0.25,0.10598285583735502
sub-064,control,whole,object,0.5,0.1196841832920963
sub-064,control,whole,object,0.75,0.12229753614536759
sub-064,control,whole,object,1.0,0.12658569631623384
sub-064,control,whole,object,1.25,0.12189511992742384
sub-064,control,whole,object,1.5,0.11966413019582246
sub-064,control,whole,object,1.75,0.11484589896400617
sub-064,control,whole,object,2.0,0.1070496725998857
sub-064,control,whole,object,2.25,0.10255597443638685
sub-064,control,whole,object,2.5,0.10345866875640704
sub-064,control,whole,object,2.75,0.09621451431011449
sub-064,control,whole,object,3.0,0.09724453475801194
sub-064,control,whole,object,3.25,0.09969337931743752
sub-064,control,whole,object,3.5,0.1258847863134736
sub-064,control,whole,object,3.75,0.12696655471756263
sub-064,control,whole,object,4.0,0.13346400429203245
sub-064,control,whole,object,4.25,0.15412816923520029
sub-064,control,whole,object,4.5,0.1646004559965662
sub-064,control,whole,object,4.75,0.2106223141654841
sub-064,control,whole,object,5.0,0.23376369752328977
sub-064,control,lateral,object,0.25,0.12829313800728392
sub-064,control,lateral,object,0.5,0.14935955317347988
sub-064,control,lateral,object,0.75,0.16454571602294782
sub-064,control,lateral,object,1.0,0.16973277901705913
sub-064,control,lateral,object,1.25,0.17484995077925866
sub-064,control,lateral,object,1.5,0.18049402738924783
sub-064,control,lateral,object,1.75,0.18036213255206981
sub-064,control,lateral,object,2.0,0.16867998155121178
sub-064,control,lateral,object,2.25,0.1594872890803379
sub-064,control,lateral,object,2.5,0.15172478857347735
sub-064,control,lateral,object,2.75,0.14918131749541325
sub-064,control,lateral,object,3.0,0.1387181682071068
sub-064,control,lateral,object,3.25,0.13984666853808445
sub-064,control,lateral,object,3.5,0.1381266072912792
sub-064,control,lateral,object,3.75,0.14290729526475313
sub-064,control,lateral,object,4.0,0.1403782611491086
sub-064,control,lateral,object,4.25,0.15583940888488765
sub-064,control,lateral,object,4.5,0.1666303935071351
sub-064,control,lateral,object,4.75,0.1979737905196436
sub-064,control,lateral,object,5.0,0.23182556754345762
sub-064,control,medial,object,0.25,0.058611072227051704
sub-064,control,medial,object,0.5,0.0565506079667246
sub-064,control,medial,object,0.75,0.03563459868485388
sub-064,control,medial,object,1.0,0.018355461658154503
sub-064,control,medial,object,1.25,-0.01748089612942813
sub-064,control,medial,object,1.5,-0.0563012900895043
sub-064,control,medial,object,1.75,-0.08257665181253972
sub-064,control,medial,object,2.0,-0.10738319462043318
sub-064,control,medial,object,2.25,-0.09329330100910405
sub-064,control,medial,object,2.5,-0.10353567372201489
sub-064,control,medial,object,2.75,-0.09830555206236388
sub-064,control,medial,object,3.0,-0.06801002583414335
sub-064,control,medial,object,3.25,-0.012405664837653485
sub-064,control,medial,object,3.5,0.04249460118535162
sub-064,control,medial,object,3.75,0.07605937155848279
sub-064,control,medial,object,4.0,0.11388096085550069
sub-064,control,medial,object,4.25,0.15950005254126065
sub-064,control,medial,object,4.5,0.1607876461527057
sub-064,control,medial,object,4.75,0.2544290047551493
sub-064,control,medial,object,5.0,0.3051566326843773
sub-064,control,whole,word,0.25,0.2547146582399195
sub-064,control,whole,word,0.5,0.28627578806954335
sub-064,control,whole,word,0.75,0.3129904883819619
sub-064,control,whole,word,1.0,0.34345676455338314
sub-064,control,whole,word,1.25,0.3590879830791108
sub-064,control,whole,word,1.5,0.3837956894851215
sub-064,control,whole,word,1.75,0.44128666667992195
sub-064,control,whole,word,2.0,0.5462793106605988
sub-064,control,whole,word,2.25,0.6116984550818088
sub-064,control,whole,word,2.5,0.6704260188507893
sub-064,control,whole,word,2.75,0.6732518038523919
sub-064,control,whole,word,3.0,0.7000953436734517
sub-064,control,whole,word,3.25,0.7466262422111127
sub-064,control,whole,word,3.5,0.7839883699602539
sub-064,control,whole,word,3.75,0.8105892937883884
sub-064,control,whole,word,4.0,0.8207744626978968
sub-064,control,whole,word,4.25,0.840276812430823
sub-064,control,whole,word,4.5,0.8500389393746087
sub-064,control,whole,word,4.75,0.964845720105513
sub-064,control,whole,word,5.0,0.9901737223815147
sub-064,control,lateral,word,0.25,0.31048145941543187
sub-064,control,lateral,word,0.5,0.3395987183266358
sub-064,control,lateral,word,0.75,0.36539409228283726
sub-064,control,lateral,word,1.0,0.3671182235893199
sub-064,control,lateral,word,1.25,0.3878298739108484
sub-064,control,lateral,word,1.5,0.4255920907197746
sub-064,control,lateral,word,1.75,0.47094535382670805
sub-064,control,lateral,word,2.0,0.5450337093917129
sub-064,control,lateral,word,2.25,0.6331576277430289
sub-064,control,lateral,word,2.5,0.6715462430027382
sub-064,control,lateral,word,2.75,0.6845309912836904
sub-064,control,lateral,word,3.0,0.6956969505943971
sub-064,control,lateral,word,3.25,0.7446414982928033
sub-064,control,lateral,word,3.5,0.8215338015489985
sub-064,control,lateral,word,3.75,0.7963171662865028
sub-064,control,lateral,word,4.0,0.8206010498385179
sub-064,control,lateral,word,4.25,0.8037699960416151
sub-064,control,lateral,word,4.5,0.8442217690331294
sub-064,control,lateral,word,4.75,0.9702836787142436
sub-064,control,lateral,word,5.0,0.9980599647266314
sub-064,control,medial,word,0.25,0.15939367288813927
sub-064,control,medial,word,0.5,0.17329259784215012
sub-064,control,medial,word,0.75,0.2227949924619554
sub-064,control,medial,word,1.0,0.2959507451306323
sub-064,control,medial,word,1.25,0.3149331340360879
sub-064,control,medial,word,1.5,0.31048092953629775
sub-064,control,medial,word,1.75,0.340716366103159
sub-064,control,medial,word,2.0,0.4649582621724943
sub-064,control,medial,word,2.25,0.5324195832918122
sub-064,control,medial,word,2.5,0.5456574359557695
sub-064,control,medial,word,2.75,0.5964708548026705
sub-064,control,medial,word,3.0,0.6719778400106269
sub-064,control,medial,word,3.25,0.8313045872256398
sub-064,control,medial,word,3.5,0.6915627362055934
sub-064,control,medial,word,3.75,0.9965753424657534
sub-065,control,whole,face,0.25,-0.17176976086668744
sub-065,control,whole,face,0.5,-0.1849101601361288
sub-065,control,whole,face,0.75,-0.206932889527244
sub-065,control,whole,face,1.0,-0.22194889646429022
sub-065,control,whole,face,1.25,-0.2431519359023372
sub-065,control,whole,face,1.5,-0.2553785146705721
sub-065,control,whole,face,1.75,-0.26577839754972166
sub-065,control,whole,face,2.0,-0.2746276089578717
sub-065,control,whole,face,2.25,-0.281503681736236
sub-065,control,whole,face,2.5,-0.288357924325139
sub-065,control,whole,face,2.75,-0.2884791191477888
sub-065,control,whole,face,3.0,-0.2917787617419085
sub-065,control,whole,face,3.25,-0.286736358005585
sub-065,control,whole,face,3.5,-0.27441454639960294
sub-065,control,whole,face,3.75,-0.27162236514115473
sub-065,control,whole,face,4.0,-0.2521942232909188
sub-065,control,whole,face,4.25,-0.25299089343102155
sub-065,control,whole,face,4.5,-0.2682354196103461
sub-065,control,whole,face,4.75,-0.25776003607775594
sub-065,control,whole,face,5.0,-0.2657490636858405
sub-065,control,lateral,face,0.25,-0.30543981201177606
sub-065,control,lateral,face,0.5,-0.3223941700366026
sub-065,control,lateral,face,0.75,-0.33745945748368994
sub-065,control,lateral,face,1.0,-0.35830951472846956
sub-065,control,lateral,face,1.25,-0.3758894297973565
sub-065,control,lateral,face,1.5,-0.38786448311654026
sub-065,control,lateral,face,1.75,-0.40216119059060335
sub-065,control,lateral,face,2.0,-0.40555135906353135
sub-065,control,lateral,face,2.25,-0.40663113656424316
sub-065,control,lateral,face,2.5,-0.40544681596355525
sub-065,control,lateral,face,2.75,-0.4050945798362897
sub-065,control,lateral,face,3.0,-0.41404976060996895
sub-065,control,lateral,face,3.25,-0.41200776433993674
sub-065,control,lateral,face,3.5,-0.39423626690752045
sub-065,control,lateral,face,3.75,-0.3838307395899788
sub-065,control,lateral,face,4.0,-0.3627733429741432
sub-065,control,lateral,face,4.25,-0.3741359422686963
sub-065,control,lateral,face,4.5,-0.3721370745979683
sub-065,control,lateral,face,4.75,-0.35175470371058365
sub-065,control,lateral,face,5.0,-0.3676000401611132
sub-065,control,medial,face,0.25,0.11460486830210213
sub-065,control,medial,face,0.5,0.12432931220082452
sub-065,control,medial,face,0.75,0.1426667944532032
sub-065,control,medial,face,1.0,0.1665401996613603
sub-065,control,medial,face,1.25,0.18935929720237638
sub-065,control,medial,face,1.5,0.20892915047371385
sub-065,control,medial,face,1.75,0.2476991933455543
sub-065,control,medial,face,2.0,0.29373143431750515
sub-065,control,medial,face,2.25,0.3432093632369773
sub-065,control,medial,face,2.5,0.3626765824735234
sub-065,control,medial,face,2.75,0.40007864034914076
sub-065,control,medial,face,3.0,0.42538089331250034
sub-065,control,medial,face,3.25,0.43119370795526996
sub-065,control,medial,face,3.5,0.4100622527249431
sub-065,control,medial,face,3.75,0.43246906492262355
sub-065,control,medial,face,4.0,0.44061907734053035
sub-065,control,medial,face,4.25,0.42549624315145373
sub-065,control,medial,face,4.5,0.3627989421886454
sub-065,control,medial,face,4.75,0.3106442689126018
sub-065,control,medial,face,5.0,0.3201791392460059
sub-065,control,whole,house,0.25,-0.06683038925790524
sub-065,control,whole,house,0.5,-0.06997759584392271
sub-065,control,whole,house,0.75,-0.07435581308820816
sub-065,control,whole,house,1.0,-0.07448734600706057
sub-065,control,whole,house,1.25,-0.07164354868269436
sub-065,control,whole,house,1.5,-0.06472158213877972
sub-065,control,whole,house,1.75,-0.04894996109493127
sub-065,control,whole,house,2.0,-0.044019528594222083
sub-065,control,whole,house,2.25,-0.04074828601170194
sub-065,control,whole,house,2.5,-0.04034912878480475
sub-065,control,whole,house,2.75,-0.04376837647955736
sub-065,control,whole,house,3.0,-0.05634719107558043
sub-065,control,whole,house,3.25,-0.07007095785441399
sub-065,control,whole,house,3.5,-0.10121906710724593
sub-065,control,whole,house,3.75,-0.11060267181362654
sub-065,control,whole,house,4.0,-0.13241363889344426
sub-065,control,whole,house,4.25,-0.14355721980503064
sub-065,control,whole,house,4.5,-0.17203070556655664
sub-065,control,whole,house,4.75,-0.16976253892751042
sub-065,control,whole,house,5.0,-0.17393766210642156
sub-065,control,lateral,house,0.25,-0.03697462611095484
sub-065,control,lateral,house,0.5,-0.044033655826787366
sub-065,control,lateral,house,0.75,-0.03473462745607252
sub-065,control,lateral,house,1.0,-0.03339537837038513
sub-065,control,lateral,house,1.25,-0.026607452518786642
sub-065,control,lateral,house,1.5,-0.004898360950747288
sub-065,control,lateral,house,1.75,0.008692444243836231
sub-065,control,lateral,house,2.0,0.03877593821719897
sub-065,control,lateral,house,2.25,0.049374336409129145
sub-065,control,lateral,house,2.5,0.07441842527159193
sub-065,control,lateral,house,2.75,0.05972083110623831
sub-065,control,lateral,house,3.0,0.05728158927033347
sub-065,control,lateral,house,3.25,0.04783844211326535
sub-065,control,lateral,house,3.5,0.02170281105127528
sub-065,control,lateral,house,3.75,0.015139938683025824
sub-065,control,lateral,house,4.0,0.0015602803608046139
sub-065,control,lateral,house,4.25,-0.014686674556201196
sub-065,control,lateral,house,4.5,-0.02876834512493177
sub-065,control,lateral,house,4.75,-0.01193197128842078
sub-065,control,lateral,house,5.0,-0.001419371814372507
sub-065,control,medial,house,0.25,-0.13308775278227947
sub-065,control,medial,house,0.5,-0.146774041811432
sub-065,control,medial,house,0.75,-0.16555173135420925
sub-065,control,medial,house,1.0,-0.17478493484803737
sub-065,control,medial,house,1.25,-0.1903522377953962
sub-065,control,medial,house,1.5,-0.20572792459125339
sub-065,control,medial,house,1.75,-0.2275049229458973
sub-065,control,medial,house,2.0,-0.24072071252890123
sub-065,control,medial,house,2.25,-0.28206821502597906
sub-065,control,medial,house,2.5,-0.30458688969419845
sub-065,control,medial,house,2.75,-0.3254617669376947
sub-065,control,medial,house,3.0,-0.30804586417481283
sub-065,control,medial,house,3.25,-0.3327689595913069
sub-065,control,medial,house,3.5,-0.34524292215007135
sub-065,control,medial,house,3.75,-0.3494121329368353
sub-065,control,medial,house,4.0,-0.3828991304391546
sub-065,control,medial,house,4.25,-0.3857856243417341
sub-065,control,medial,house,4.5,-0.38142467324667195
sub-065,control,medial,house,4.75,-0.36592190228119614
sub-065,control,medial,house,5.0,-0.3951755265026046
sub-065,control,whole,object,0.25,-0.020604609785420402
sub-065,control,whole,object,0.5,-0.013268967421473297
sub-065,control,whole,object,0.75,0.0087529889343448
sub-065,control,whole,object,1.0,0.02901772124145151
sub-065,control,whole,object,1.25,0.052933077157013564
sub-065,control,whole,object,1.5,0.06539400033581938
sub-065,control,whole,object,1.75,0.08944192125854496
sub-065,control,whole,object,2.0,0.10312056343031718
sub-065,control,whole,object,2.25,0.11391040502788535
sub-065,control,whole,object,2.5,0.13571259742117253
sub-065,control,whole,object,2.75,0.1381484784216671
sub-065,control,whole,object,3.0,0.13457139228704348
sub-065,control,whole,object,3.25,0.1313969411678043
sub-065,control,whole,object,3.5,0.09847309546054026
sub-065,control,whole,object,3.75,0.0630826808263527
sub-065,control,whole,object,4.0,0.04492327848269718
sub-065,control,whole,object,4.25,0.017825396050709694
sub-065,control,whole,object,4.5,-0.015437571209203029
sub-065,control,whole,object,4.75,-0.026162063332005513
sub-065,control,whole,object,5.0,-0.04919167224679349
sub-065,control,lateral,object,0.25,-0.04391594368620367
sub-065,control,lateral,object,0.5,-0.03529615854899628
sub-065,control,lateral,object,0.75,-0.012415920619519492
sub-065,control,lateral,object,1.0,0.012697353166492138
sub-065,control,lateral,object,1.25,0.0514859819080592
sub-065,control,lateral,object,1.5,0.06302807795212831
sub-065,control,lateral,object,1.75,0.08691699292897337
sub-065,control,lateral,object,2.0,0.10289131651904661
sub-065,control,lateral,object,2.25,0.13652784593378633
sub-065,control,lateral,object,2.5,0.16846111044141004
sub-065,control,lateral,object,2.75,0.18005208828593738
sub-065,control,lateral,object,3.0,0.19346678829893674
sub-065,control,lateral,object,3.25,0.20997873871985948
sub-065,control,lateral,object,3.5,0.19149269304888863
sub-065,control,lateral,object,3.75,0.192678195523702
sub-065,control,lateral,object,4.0,0.1606234591846294
sub-065,control,lateral,object,4.25,0.14776526271458196
sub-065,control,lateral,object,4.5,0.1429237694576769
sub-065,control,lateral,object,4.75,0.10691997209670856
sub-065,control,lateral,object,5.0,0.035737154730274986
sub-065,control,medial,object,0.25,0.019502813855256217
sub-065,control,medial,object,0.5,0.028091714892931708
sub-065,control,medial,object,0.75,0.04630580303807782
sub-065,control,medial,object,1.0,0.04998593922248892
sub-065,control,medial,object,1.25,0.06300768492386352
sub-065,control,medial,object,1.5,0.0823949368515944
sub-065,control,medial,object,1.75,0.09070166526687747
sub-065,control,medial,object,2.0,0.07593158840428212
sub-065,control,medial,object,2.25,0.04994985280735925
sub-065,control,medial,object,2.5,0.04337894157770254
sub-065,control,medial,object,2.75,0.017967958237138506
sub-065,control,medial,object,3.0,-0.039280881381063136
sub-065,control,medial,object,3.25,-0.10153433473314948
sub-065,control,medial,object,3.5,-0.16073248792023634
sub-065,control,medial,object,3.75,-0.23272815644649103
sub-065,control,medial,object,4.0,-0.2539606581912494
sub-065,control,medial,object,4.25,-0.2648272576334666
sub-065,control,medial,object,4.5,-0.3004729315589943
sub-065,control,medial,object,4.75,-0.26535512240909825
sub-065,control,medial,object,5.0,-0.24619170324013012
sub-065,control,whole,word,0.25,0.1799343817138325
sub-065,control,whole,word,0.5,0.19799334666901483
sub-065,control,whole,word,0.75,0.22422154626931004
sub-065,control,whole,word,1.0,0.24655391740521992
sub-065,control,whole,word,1.25,0.2847824725763578
sub-065,control,whole,word,1.5,0.353819615686817
sub-065,control,whole,word,1.75,0.3882253731400786
sub-065,control,whole,word,2.0,0.4580238815776213
sub-065,control,whole,word,2.25,0.5155570640430427
sub-065,control,whole,word,2.5,0.5777148948642177
sub-065,control,whole,word,2.75,0.6380345562969414
sub-065,control,whole,word,3.0,0.7048003293143084
sub-065,control,whole,word,3.25,0.7743704825767886
sub-065,control,whole,word,3.5,0.8246771684613976
sub-065,control,whole,word,3.75,0.8535532958455643
sub-065,control,whole,word,4.0,0.8652461550720867
sub-065,control,whole,word,4.25,0.8770375287676069
sub-065,control,whole,word,4.5,0.8764301747310569
sub-065,control,whole,word,4.75,0.8681374679742163
sub-065,control,whole,word,5.0,0.8787602879050318
sub-065,control,lateral,word,0.25,0.14750450924779643
sub-065,control,lateral,word,0.5,0.15713444329090456
sub-065,control,lateral,word,0.75,0.1736236750215146
sub-065,control,lateral,word,1.0,0.18821882334433324
sub-065,control,lateral,word,1.25,0.23187917423074883
sub-065,control,lateral,word,1.5,0.29118965865210233
sub-065,control,lateral,word,1.75,0.3242529052236856
sub-065,control,lateral,word,2.0,0.39666702923435615
sub-065,control,lateral,word,2.25,0.4497642911244047
sub-065,control,lateral,word,2.5,0.5137859444316443
sub-065,control,lateral,word,2.75,0.5864196871600182
sub-065,control,lateral,word,3.0,0.6426330515970794
sub-065,control,lateral,word,3.25,0.7312430533451914
sub-065,control,lateral,word,3.5,0.7801343620625354
sub-065,control,lateral,word,3.75,0.8185824510318696
sub-065,control,lateral,word,4.0,0.8135957361703808
sub-065,control,lateral,word,4.25,0.8285534720893534
sub-065,control,lateral,word,4.5,0.8225720398365008
sub-065,control,lateral,word,4.75,0.8259148888119158
sub-065,control,lateral,word,5.0,0.8343637007467262
sub-065,control,medial,word,0.25,0.3488316606388221
sub-065,control,medial,word,0.5,0.42332019737894405
sub-065,control,medial,word,0.75,0.49526900913092836
sub-065,control,medial,word,1.0,0.6138790667370381
sub-065,control,medial,word,1.25,0.7013744490513197
sub-065,control,medial,word,1.5,0.7707613694182196
sub-065,control,medial,word,1.75,0.8413924042606294
sub-065,control,medial,word,2.0,0.872168490553293
sub-065,control,medial,word,2.25,0.9315655498463071
sub-065,control,medial,word,2.5,0.986946342932719
sub-065,control,medial,word,2.75,1.0
sub-065,control,medial,word,3.0,1.0
sub-065,control,medial,word,3.25,1.0
sub-065,control,medial,word,3.5,1.0
sub-065,control,medial,word,3.75,1.0
sub-065,control,medial,word,4.0,1.0
sub-065,control,medial,word,4.25,1.0
sub-065,control,medial,word,4.5,1.0
sub-065,control,medial,word,4.75,1.0
sub-065,control,medial,word,5.0,1.0
sub-066,OTC,whole,face,0.25,0.032357584902019065
sub-066,OTC,whole,face,0.5,0.009394085928329096
sub-066,OTC,whole,face,0.75,-0.023017679740613507
sub-066,OTC,whole,face,1.0,-0.06145574080829724
sub-066,OTC,whole,face,1.25,-0.12511611113194862
sub-066,OTC,whole,face,1.5,-0.19029938585554412
sub-066,OTC,whole,face,1.75,-0.26986044038815005
sub-066,OTC,whole,face,2.0,-0.35767237836082544
sub-066,OTC,whole,face,2.25,-0.5077725151171105
sub-066,OTC,whole,face,2.5,-0.682577296362757
sub-066,OTC,whole,face,2.75,-0.8212440074632025
sub-066,OTC,whole,face,3.0,-0.9242937149202265
sub-066,OTC,whole,face,3.25,-0.9679600284335891
sub-066,OTC,whole,face,3.5,-0.9827610762898789
sub-066,OTC,whole,face,3.75,-1.0
sub-066,OTC,whole,face,4.0,-1.0
sub-066,OTC,whole,face,4.25,-1.0
sub-066,OTC,whole,face,4.5,-1.0
sub-066,OTC,whole,face,4.75,-1.0
sub-066,OTC,whole,face,5.0,-1.0
sub-066,OTC,lateral,face,0.25,-0.060702276327991835
sub-066,OTC,lateral,face,0.5,-0.07924950315166074
sub-066,OTC,lateral,face,0.75,-0.0951186830840001
sub-066,OTC,lateral,face,1.0,-0.12318750816415346
sub-066,OTC,lateral,face,1.25,-0.1663916472799696
sub-066,OTC,lateral,face,1.5,-0.20742973045531454
sub-066,OTC,lateral,face,1.75,-0.2550978431346907
sub-066,OTC,lateral,face,2.0,-0.3379878361749721
sub-066,OTC,lateral,face,2.25,-0.4956903073337038
sub-066,OTC,lateral,face,2.5,-0.6653472920285989
sub-066,OTC,lateral,face,2.75,-0.8004818579763616
sub-066,OTC,lateral,face,3.0,-0.9161964972374501
sub-066,OTC,lateral,face,3.25,-0.965004573602712
sub-066,OTC,lateral,face,3.5,-0.9793489777849425
sub-066,OTC,lateral,face,3.75,-1.0
sub-066,OTC,lateral,face,4.0,-1.0
sub-066,OTC,lateral,face,4.25,-1.0
sub-066,OTC,lateral,face,4.5,-1.0
sub-066,OTC,lateral,face,4.75,-1.0
sub-066,OTC,lateral,face,5.0,-1.0
sub-066,OTC,medial,face,0.25,0.3688953972689868
sub-066,OTC,medial,face,0.5,0.3679912590449927
sub-066,OTC,medial,face,0.75,0.3544458883117913
sub-066,OTC,medial,face,1.0,0.28432747462907726
sub-066,OTC,medial,face,1.25,0.1705420878201856
sub-066,OTC,medial,face,1.5,-0.03865506531913378
sub-066,OTC,medial,face,1.75,-0.31559110545590807
sub-066,OTC,medial,face,2.0,-0.6073894007382983
sub-066,OTC,medial,face,2.25,-0.8386926716722863
sub-066,OTC,medial,face,2.5,-0.9485763257196862
sub-066,OTC,medial,face,2.75,-1.0
sub-066,OTC,medial,face,3.0,-1.0
sub-066,OTC,medial,face,3.25,-1.0
sub-066,OTC,medial,face,3.5,-1.0
sub-066,OTC,medial,face,3.75,-1.0
sub-066,OTC,medial,face,4.0,-1.0
sub-066,OTC,medial,face,4.25,-1.0
sub-066,OTC,medial,face,4.5,-1.0
sub-066,OTC,medial,face,4.75,-1.0
sub-066,OTC,medial,face,5.0,-1.0
sub-066,OTC,whole,house,0.25,-0.10520264142972806
sub-066,OTC,whole,house,0.5,-0.14978177003213952
sub-066,OTC,whole,house,0.75,-0.1990543536318677
sub-066,OTC,whole,house,1.0,-0.2480629572449411
sub-066,OTC,whole,house,1.25,-0.29801574629337935
sub-066,OTC,whole,house,1.5,-0.34219277506403295
sub-066,OTC,whole,house,1.75,-0.377582684029804
sub-066,OTC,whole,house,2.0,-0.43503982010881087
sub-066,OTC,whole,house,2.25,-0.4756787545850243
sub-066,OTC,whole,house,2.5,-0.5220797342901219
sub-066,OTC,whole,house,2.75,-0.5665334290216673
sub-066,OTC,whole,house,3.0,-0.6145534978246916
sub-066,OTC,whole,house,3.25,-0.667021956864645
sub-066,OTC,whole,house,3.5,-0.7021970077785084
sub-066,OTC,whole,house,3.75,-0.7385152647266547
sub-066,OTC,whole,house,4.0,-0.7767015685279438
sub-066,OTC,whole,house,4.25,-0.8023133753666849
sub-066,OTC,whole,house,4.5,-0.8322121725770576
sub-066,OTC,whole,house,4.75,-0.8569792313853353
sub-066,OTC,whole,house,5.0,-0.876692814721958
sub-066,OTC,lateral,house,0.25,-0.12391865638914025
sub-066,OTC,lateral,house,0.5,-0.16646155629608766
sub-066,OTC,lateral,house,0.75,-0.21281454692401305
sub-066,OTC,lateral,house,1.0,-0.2602987092725528
sub-066,OTC,lateral,house,1.25,-0.3016109007379212
sub-066,OTC,lateral,house,1.5,-0.33708747080517926
sub-066,OTC,lateral,house,1.75,-0.37303557458039455
sub-066,OTC,lateral,house,2.0,-0.41180413458785
sub-066,OTC,lateral,house,2.25,-0.4405836531670106
sub-066,OTC,lateral,house,2.5,-0.48269456104291614
sub-066,OTC,lateral,house,2.75,-0.5221588734901276
sub-066,OTC,lateral,house,3.0,-0.5608777300967063
sub-066,OTC,lateral,house,3.25,-0.6115061793706356
sub-066,OTC,lateral,house,3.5,-0.6451373447629148
sub-066,OTC,lateral,house,3.75,-0.683967134064811
sub-066,OTC,lateral,house,4.0,-0.7222752944113412
sub-066,OTC,lateral,house,4.25,-0.7534593584011178
sub-066,OTC,lateral,house,4.5,-0.7841766037384672
sub-066,OTC,lateral,house,4.75,-0.8207770256551841
sub-066,OTC,lateral,house,5.0,-0.8424401557588341
sub-066,OTC,medial,house,0.25,-0.05647294888110828
sub-066,OTC,medial,house,0.5,-0.09339606071499108
sub-066,OTC,medial,house,0.75,-0.14903259794605803
sub-066,OTC,medial,house,1.0,-0.20835010655298536
sub-066,OTC,medial,house,1.25,-0.27929823523521974
sub-066,OTC,medial,house,1.5,-0.3496284393513704
sub-066,OTC,medial,house,1.75,-0.4380493185763754
sub-066,OTC,medial,house,2.0,-0.5409508188028392
sub-066,OTC,medial,house,2.25,-0.6259577180239253
sub-066,OTC,medial,house,2.5,-0.7183096771308266
sub-066,OTC,medial,house,2.75,-0.8130887303095536
sub-066,OTC,medial,house,3.0,-0.8753816804742871
sub-066,OTC,medial,house,3.25,-0.9434267645819835
sub-066,OTC,medial,house,3.5,-0.9894348930903102
sub-066,OTC,medial,house,3.75,-0.9989436727657185
sub-066,OTC,medial,house,4.0,-1.0
sub-066,OTC,medial,house,4.25,-0.9991991136247429
sub-066,OTC,medial,house,4.5,-1.0
sub-066,OTC,medial,house,4.75,-1.0
sub-066,OTC,medial,house,5.0,-1.0
sub-066,OTC,whole,object,0.25,-0.053808980262986396
sub-066,OTC,whole,object,0.5,-0.07420863771937401
sub-066,OTC,whole,object,0.75,-0.10532384759718783
sub-066,OTC,whole,object,1.0,-0.15650307496516366
sub-066,OTC,whole,object,1.25,-0.2057043205548802
sub-066,OTC,whole,object,1.5,-0.2646609775916878
sub-066,OTC,whole,object,1.75,-0.32365224488752886
sub-066,OTC,whole,object,2.0,-0.3915847923665972
sub-066,OTC,whole,object,2.25,-0.46033678811768936
sub-066,OTC,whole,object,2.5,-0.5280761565375633
sub-066,OTC,whole,object,2.75,-0.5992235904955276
sub-066,OTC,whole,object,3.0,-0.6653066583224362
sub-066,OTC,whole,object,3.25,-0.7380349253364854
sub-066,OTC,whole,object,3.5,-0.8178920667214561
sub-066,OTC,whole,object,3.75,-0.8753906380969838
sub-066,OTC,whole,object,4.0,-0.9078574565978279
sub-066,OTC,whole,object,4.25,-0.9242932906695313
sub-066,OTC,whole,object,4.5,-0.9334048327394809
sub-066,OTC,whole,object,4.75,-0.9360059893497512
sub-066,OTC,whole,object,5.0,-0.9479858247719127
sub-066,OTC,lateral,object,0.25,-0.07460614527184292
sub-066,OTC,lateral,object,0.5,-0.09203801653666384
sub-066,OTC,lateral,object,0.75,-0.12717536612336425
sub-066,OTC,lateral,object,1.0,-0.17498856073902794
sub-066,OTC,lateral,object,1.25,-0.22526061951575918
sub-066,OTC,lateral,object,1.5,-0.27540491049811683
sub-066,OTC,lateral,object,1.75,-0.32601233223743054
sub-066,OTC,lateral,object,2.0,-0.3997539022844274
sub-066,OTC,lateral,object,2.25,-0.47080273665909833
sub-066,OTC,lateral,object,2.5,-0.523380132481521
sub-066,OTC,lateral,object,2.75,-0.5863688731783853
sub-066,OTC,lateral,object,3.0,-0.6577734989259544
sub-066,OTC,lateral,object,3.25,-0.7333667214970244
sub-066,OTC,lateral,object,3.5,-0.8218573314365207
sub-066,OTC,lateral,object,3.75,-0.8772668809126981
sub-066,OTC,lateral,object,4.0,-0.9135679273812911
sub-066,OTC,lateral,object,4.25,-0.9269959050996597
sub-066,OTC,lateral,object,4.5,-0.9350416561587968
sub-066,OTC,lateral,object,4.75,-0.9327732751073823
sub-066,OTC,lateral,object,5.0,-0.9447268471224552
sub-066,OTC,medial,object,0.25,-0.023403216764738867
sub-066,OTC,medial,object,0.5,-0.03457982502593846
sub-066,OTC,medial,object,0.75,-0.0629566391586108
sub-066,OTC,medial,object,1.0,-0.09973591322883685
sub-066,OTC,medial,object,1.25,-0.16342261698282382
sub-066,OTC,medial,object,1.5,-0.23366475631003106
sub-066,OTC,medial,object,1.75,-0.30214837226673125
sub-066,OTC,medial,object,2.0,-0.37968751164130266
sub-066,OTC,medial,object,2.25,-0.44126964225229304
sub-066,OTC,medial,object,2.5,-0.5411940906867834
sub-066,OTC,medial,object,2.75,-0.6238425391077852
sub-066,OTC,medial,object,3.0,-0.7176435764165818
sub-066,OTC,medial,object,3.25,-0.7893516827086025
sub-066,OTC,medial,object,3.5,-0.8444379188315361
sub-066,OTC,medial,object,3.75,-0.8792413270543696
sub-066,OTC,medial,object,4.0,-0.8906552042918732
sub-066,OTC,medial,object,4.25,-0.9079548048830514
sub-066,OTC,medial,object,4.5,-0.9392210245928717
sub-066,OTC,medial,object,4.75,-0.9600751126282511
sub-066,OTC,medial,object,5.0,-0.9992888888888888
sub-066,OTC,whole,word,0.25,-0.07404867172235713
sub-066,OTC,whole,word,0.5,-0.0999483043763121
sub-066,OTC,whole,word,0.75,-0.11467913543549503
sub-066,OTC,whole,word,1.0,-0.11746127414593797
sub-066,OTC,whole,word,1.25,-0.12626649363010498
sub-066,OTC,whole,word,1.5,-0.12791577790435818
sub-066,OTC,whole,word,1.75,-0.12935212702686058
sub-066,OTC,whole,word,2.0,-0.13372975363231357
sub-066,OTC,whole,word,2.25,-0.14442596592761048
sub-066,OTC,whole,word,2.5,-0.14376613164649532
sub-066,OTC,whole,word,2.75,-0.17178268080423892
sub-066,OTC,whole,word,3.0,-0.18217935314483277
sub-066,OTC,whole,word,3.25,-0.17770043537087785
sub-066,OTC,whole,word,3.5,-0.1890644426734463
sub-066,OTC,whole,word,3.75,-0.18372618302852875
sub-066,OTC,whole,word,4.0,-0.19879209956051788
sub-066,OTC,whole,word,4.25,-0.22626698749590698
sub-066,OTC,whole,word,4.5,-0.24523233745870063
sub-066,OTC,whole,word,4.75,-0.2531492398256826
sub-066,OTC,whole,word,5.0,-0.24395103078830271
sub-066,OTC,lateral,word,0.25,-0.16131582816804063
sub-066,OTC,lateral,word,0.5,-0.184568386522795
sub-066,OTC,lateral,word,0.75,-0.1921046795277902
sub-066,OTC,lateral,word,1.0,-0.19558099449961514
sub-066,OTC,lateral,word,1.25,-0.1912826522753038
sub-066,OTC,lateral,word,1.5,-0.17912543595781052
sub-066,OTC,lateral,word,1.75,-0.16561115560278294
sub-066,OTC,lateral,word,2.0,-0.15418983808056214
sub-066,OTC,lateral,word,2.25,-0.13488518158070822
sub-066,OTC,lateral,word,2.5,-0.11310195491746577
sub-066,OTC,lateral,word,2.75,-0.10424037560556908
sub-066,OTC,lateral,word,3.0,-0.0903491224653432
sub-066,OTC,lateral,word,3.25,-0.07950849205744222
sub-066,OTC,lateral,word,3.5,-0.06310741817666028
sub-066,OTC,lateral,word,3.75,-0.047741657245967115
sub-066,OTC,lateral,word,4.0,-0.07650798890506316
sub-066,OTC,lateral,word,4.25,-0.13937107053088976
sub-066,OTC,lateral,word,4.5,-0.19361996765665665
sub-066,OTC,lateral,word,4.75,-0.25235969585875767
sub-066,OTC,lateral,word,5.0,-0.30516578146640966
sub-066,OTC,medial,word,0.25,0.08710488648265521
sub-066,OTC,medial,word,0.5,0.07321890839325639
sub-066,OTC,medial,word,0.75,0.05121167421504505
sub-066,OTC,medial,word,1.0,0.032993784027675305
sub-066,OTC,medial,word,1.25,0.005383350745965379
sub-066,OTC,medial,word,1.5,-0.03191426327644982
sub-066,OTC,medial,word,1.75,-0.07107242848143407
sub-066,OTC,medial,word,2.0,-0.10982177069120447
sub-066,OTC,medial,word,2.25,-0.15719238219600945
sub-066,OTC,medial,word,2.5,-0.20146605314108204
sub-066,OTC,medial,word,2.75,-0.2628100873015499
sub-066,OTC,medial,word,3.0,-0.3252853438894075
sub-066,OTC,medial,word,3.25,-0.34714589053799344
sub-066,OTC,medial,word,3.5,-0.3660424687344963
sub-066,OTC,medial,word,3.75,-0.36515504767565493
sub-066,OTC,medial,word,4.0,-0.36764794129456796
sub-066,OTC,medial,word,4.25,-0.36423761548504935
sub-066,OTC,medial,word,4.5,-0.32517940840636345
sub-066,OTC,medial,word,4.75,-0.22236507798257577
sub-066,OTC,medial,word,5.0,-0.07616729061074877
sub-067,control,whole,face,0.25,-0.036506804105502735
sub-067,control,whole,face,0.5,-0.05966926554633442
sub-067,control,whole,face,0.75,-0.11161893036133487
sub-067,control,whole,face,1.0,-0.1600025074423147
sub-067,control,whole,face,1.25,-0.1945740712402949
sub-067,control,whole,face,1.5,-0.2411996121858878
sub-067,control,whole,face,1.75,-0.293659904941752
sub-067,control,whole,face,2.0,-0.32389857465667937
sub-067,control,whole,face,2.25,-0.34801602587823255
sub-067,control,whole,face,2.5,-0.3610350870171496
sub-067,control,whole,face,2.75,-0.3951316223205297
sub-067,control,whole,face,3.0,-0.39814055145093913
sub-067,control,whole,face,3.25,-0.4288578332664793
sub-067,control,whole,face,3.5,-0.4803497697248488
sub-067,control,whole,face,3.75,-0.558391349213716
sub-067,control,whole,face,4.0,-0.5682746587597228
sub-067,control,whole,face,4.25,-0.7294858648991308
sub-067,control,whole,face,4.5,-0.8205729642538152
sub-067,control,whole,face,4.75,-0.9044594766631333
sub-067,control,whole,face,5.0,-0.965074794285004
sub-067,control,lateral,face,0.25,-0.09426951421983819
sub-067,control,lateral,face,0.5,-0.1356846509030191
sub-067,control,lateral,face,0.75,-0.20234039116847316
sub-067,control,lateral,face,1.0,-0.2593466366659426
sub-067,control,lateral,face,1.25,-0.3170444900671965
sub-067,control,lateral,face,1.5,-0.3705026925851979
sub-067,control,lateral,face,1.75,-0.40880441643366083
sub-067,control,lateral,face,2.0,-0.42588326325190323
sub-067,control,lateral,face,2.25,-0.42434613038787555
sub-067,control,lateral,face,2.5,-0.43465919643870005
sub-067,control,lateral,face,2.75,-0.44979898735025975
sub-067,control,lateral,face,3.0,-0.4568036605717875
sub-067,control,lateral,face,3.25,-0.4659063029748228
sub-067,control,lateral,face,3.5,-0.499545332932355
sub-067,control,lateral,face,3.75,-0.5644451476918962
sub-067,control,lateral,face,4.0,-0.5801998159794443
sub-067,control,lateral,face,4.25,-0.7204913413838506
sub-067,control,lateral,face,4.5,-0.8095362203370874
sub-067,control,lateral,face,4.75,-0.9318753242965823
sub-067,control,lateral,face,5.0,-0.9741428384442337
sub-067,control,medial,face,0.25,0.08574770666548381
sub-067,control,medial,face,0.5,0.1090116825591022
sub-067,control,medial,face,0.75,0.10398154210711526
sub-067,control,medial,face,1.0,0.10329829817899192
sub-067,control,medial,face,1.25,0.13514756189752006
sub-067,control,medial,face,1.5,0.14931094012206272
sub-067,control,medial,face,1.75,0.10678082152350349
sub-067,control,medial,face,2.0,0.11674219027130137
sub-067,control,medial,face,2.25,0.09887449148023882
sub-067,control,medial,face,2.5,0.18920208355363022
sub-067,control,medial,face,2.75,0.3453778607636328
sub-067,control,medial,face,3.0,0.3869677650281654
sub-067,control,medial,face,3.25,0.2345054945054945
sub-067,control,medial,face,3.5,-0.03827320827320827
sub-067,control,medial,face,3.75,-0.030782312925170068
sub-067,control,whole,house,0.25,-0.1973981279760923
sub-067,control,whole,house,0.5,-0.19697286877262712
sub-067,control,whole,house,0.75,-0.18696339671444828
sub-067,control,whole,house,1.0,-0.1798625842864504
sub-067,control,whole,house,1.25,-0.18124213232723055
sub-067,control,whole,house,1.5,-0.19219812223093663
sub-067,control,whole,house,1.75,-0.21131679761853156
sub-067,control,whole,house,2.0,-0.24853444399116892
sub-067,control,whole,house,2.25,-0.3222045172674332
sub-067,control,whole,house,2.5,-0.3647250736407546
sub-067,control,whole,house,2.75,-0.362176733460848
sub-067,control,whole,house,3.0,-0.3764561422552696
sub-067,control,whole,house,3.25,-0.3809678809861032
sub-067,control,whole,house,3.5,-0.4082941656842482
sub-067,control,whole,house,3.75,-0.49549963857805984
sub-067,control,whole,house,4.0,-0.522481627882808
sub-067,control,whole,house,4.25,-0.6113379289947305
sub-067,control,whole,house,4.5,-0.642685446017685
sub-067,control,whole,house,4.75,-0.6356775434549267
sub-067,control,whole,house,5.0,-0.6286572237500033
sub-067,control,lateral,house,0.25,-0.22969514060367116
sub-067,control,lateral,house,0.5,-0.20916550995139663
sub-067,control,lateral,house,0.75,-0.19927324341563032
sub-067,control,lateral,house,1.0,-0.17793387348968095
sub-067,control,lateral,house,1.25,-0.17258968775515068
sub-067,control,lateral,house,1.5,-0.1876801748028621
sub-067,control,lateral,house,1.75,-0.19962243559228862
sub-067,control,lateral,house,2.0,-0.25183207689400766
sub-067,control,lateral,house,2.25,-0.36471610146591954
sub-067,control,lateral,house,2.5,-0.3945643653021569
sub-067,control,lateral,house,2.75,-0.4012073027936023
sub-067,control,lateral,house,3.0,-0.3930894098108819
sub-067,control,lateral,house,3.25,-0.40075005503733835
sub-067,control,lateral,house,3.5,-0.47383374642132103
sub-067,control,lateral,house,3.75,-0.6008081295719302
sub-067,control,lateral,house,4.0,-0.7113108264284734
sub-067,control,lateral,house,4.25,-0.9647817352925712
sub-067,control,lateral,house,4.5,-1.0
sub-067,control,lateral,house,4.75,-1.0
sub-067,control,lateral,house,5.0,-1.0
sub-067,control,medial,house,0.25,-0.1211376362744975
sub-067,control,medial,house,0.5,-0.1693291995514169
sub-067,control,medial,house,0.75,-0.1648971324067646
sub-067,control,medial,house,1.0,-0.16590583678314544
sub-067,control,medial,house,1.25,-0.17905675152492162
sub-067,control,medial,house,1.5,-0.2179986444273276
sub-067,control,medial,house,1.75,-0.22922897278315052
sub-067,control,medial,house,2.0,-0.2579398728044206
sub-067,control,medial,house,2.25,-0.2999940967823412
sub-067,control,medial,house,2.5,-0.3442992453183913
sub-067,control,medial,house,2.75,-0.3560245681674673
sub-067,control,medial,house,3.0,-0.34709575461738296
sub-067,control,medial,house,3.25,-0.37715439911561677
sub-067,control,medial,house,3.5,-0.4117510073390672
sub-067,control,medial,house,3.75,-0.44941442344512594
sub-067,control,medial,house,4.0,-0.4728267571181485
sub-067,control,medial,house,4.25,-0.5080972263115904
sub-067,control,medial,house,4.5,-0.5341245173552494
sub-067,control,medial,house,4.75,-0.5387638110109072
sub-067,control,medial,house,5.0,-0.5892289429440376
sub-067,control,whole,object,0.25,0.06596547645005643
sub-067,control,whole,object,0.5,0.08050369151876785
sub-067,control,whole,object,0.75,0.09407461456568278
sub-067,control,whole,object,1.0,0.1133267778782388
sub-067,control,whole,object,1.25,0.13814865078380334
sub-067,control,whole,object,1.5,0.1659716521712341
sub-067,control,whole,object,1.75,0.1913075720119183
sub-067,control,whole,object,2.0,0.21744847123115593
sub-067,control,whole,object,2.25,0.2408367991539204
sub-067,control,whole,object,2.5,0.2681057897986919
sub-067,control,whole,object,2.75,0.30783455288130557
sub-067,control,whole,object,3.0,0.3386697293270869
sub-067,control,whole,object,3.25,0.367306655054481
sub-067,control,whole,object,3.5,0.3904422661749085
sub-067,control,whole,object,3.75,0.4242023518831388
sub-067,control,whole,object,4.0,0.47951958121494626
sub-067,control,whole,object,4.25,0.5445407800877823
sub-067,control,whole,object,4.5,0.6018230080355234
sub-067,control,whole,object,4.75,0.6421750538233609
sub-067,control,whole,object,5.0,0.6467774355518047
sub-067,control,lateral,object,0.25,0.0922765402668225
sub-067,control,lateral,object,0.5,0.10466759671796202
sub-067,control,lateral,object,0.75,0.11415909455647771
sub-067,control,lateral,object,1.0,0.13771704943716212
sub-067,control,lateral,object,1.25,0.15587187371163866
sub-067,control,lateral,object,1.5,0.180419177127657
sub-067,control,lateral,object,1.75,0.20310342884530677
sub-067,control,lateral,object,2.0,0.2317383388911339
sub-067,control,lateral,object,2.25,0.2642881734305212
sub-067,control,lateral,object,2.5,0.2804956425759707
sub-067,control,lateral,object,2.75,0.32080093081915345
sub-067,control,lateral,object,3.0,0.3574956995408411
sub-067,control,lateral,object,3.25,0.372333545670455
sub-067,control,lateral,object,3.5,0.4064524212238843
sub-067,control,lateral,object,3.75,0.44366974768780126
sub-067,control,lateral,object,4.0,0.48264117334750156
sub-067,control,lateral,object,4.25,0.5536054695730143
sub-067,control,lateral,object,4.5,0.6037656934197942
sub-067,control,lateral,object,4.75,0.6493536997440243
sub-067,control,lateral,object,5.0,0.6284679536347234
sub-067,control,medial,object,0.25,-0.006922475918322517
sub-067,control,medial,object,0.5,0.00279175437657147
sub-067,control,medial,object,0.75,0.01302181945507627
sub-067,control,medial,object,1.0,0.024901086194059015
sub-067,control,medial,object,1.25,0.05736155517570332
sub-067,control,medial,object,1.5,0.08420653188574731
sub-067,control,medial,object,1.75,0.11110429024619764
sub-067,control,medial,object,2.0,0.07945939949767335
sub-067,control,medial,object,2.25,0.030733826025214593
sub-067,control,medial,object,2.5,0.03797263479762833
sub-067,control,medial,object,2.75,0.02628455034349564
sub-067,control,medial,object,3.0,-0.026403540449258613
sub-067,control,medial,object,3.25,-0.09404085903278257
sub-067,control,medial,object,3.5,-0.3248427168070025
sub-067,control,medial,object,3.75,-0.6764444444444444
sub-067,control,medial,object,4.0,-0.5464912280701754
sub-067,control,whole,word,0.25,0.05495828423276179
sub-067,control,whole,word,0.5,0.05163566814936492
sub-067,control,whole,word,0.75,0.03785730412595996
sub-067,control,whole,word,1.0,0.01680345918986512
sub-067,control,whole,word,1.25,0.0077664021238967075
sub-067,control,whole,word,1.5,-0.01802547469703298
sub-067,control,whole,word,1.75,-0.025361508325147077
sub-067,control,whole,word,2.0,-0.055714723815732725
sub-067,control,whole,word,2.25,-0.07913747245893919
sub-067,control,whole,word,2.5,-0.13771083038258652
sub-067,control,whole,word,2.75,-0.19365487932387387
sub-067,control,whole,word,3.0,-0.2461093489446408
sub-067,control,whole,word,3.25,-0.31639725954702747
sub-067,control,whole,word,3.5,-0.4200835065229977
sub-067,control,whole,word,3.75,-0.5857365455095758
sub-067,control,whole,word,4.0,-0.7700262542971398
sub-067,control,whole,word,4.25,-0.8836785866866895
sub-067,control,whole,word,4.5,-0.9928757852144949
sub-067,control,whole,word,4.75,-1.0
sub-067,control,whole,word,5.0,-1.0
sub-067,control,lateral,word,0.25,0.14345559121331208
sub-067,control,lateral,word,0.5,0.15518011725126601
sub-067,control,lateral,word,0.75,0.14552371371865055
sub-067,control,lateral,word,1.0,0.14770713578861547
sub-067,control,lateral,word,1.25,0.15405297978338098
sub-067,control,lateral,word,1.5,0.17266985912573868
sub-067,control,lateral,word,1.75,0.29223876633348733
sub-067,control,lateral,word,2.0,0.4187360487495631
sub-067,control,lateral,word,2.25,0.6367639628092987
sub-067,control,lateral,word,2.5,0.8170272623029214
sub-067,control,lateral,word,2.75,0.8863341713036134
sub-067,control,lateral,word,3.0,0.8225108225108225
sub-067,control,lateral,word,3.25,0.8813797313797315
sub-067,control,medial,word,0.25,-0.09773106616294439
sub-067,control,medial,word,0.5,-0.11060501733801768
sub-067,control,medial,word,0.75,-0.1222638699639221
sub-067,control,medial,word,1.0,-0.12214782544777031
sub-067,control,medial,word,1.25,-0.11574012088790116
sub-067,control,medial,word,1.5,-0.1322743959119214
sub-067,control,medial,word,1.75,-0.13170131582594202
sub-067,control,medial,word,2.0,-0.14660484056327555
sub-067,control,medial,word,2.25,-0.16857256682534058
sub-067,control,medial,word,2.5,-0.2077029525756072
sub-067,control,medial,word,2.75,-0.23617446848259305
sub-067,control,medial,word,3.0,-0.26744263814566915
sub-067,control,medial,word,3.25,-0.33352455756417265
sub-067,control,medial,word,3.5,-0.44732971760501916
sub-067,control,medial,word,3.75,-0.6013075358769067
sub-067,control,medial,word,4.0,-0.7966277614445662
sub-067,control,medial,word,4.25,-0.8895731391891364
sub-067,control,medial,word,4.5,-1.0
sub-067,control,medial,word,4.75,-1.0
sub-067,control,medial,word,5.0,-1.0
sub-068,control,whole,face,0.25,-0.27797735224960163
sub-068,control,whole,face,0.5,-0.2859920780774014
sub-068,control,whole,face,0.75,-0.28702490096095734
sub-068,control,whole,face,1.0,-0.29739524205095264
sub-068,control,whole,face,1.25,-0.31035776759224026
sub-068,control,whole,face,1.5,-0.3164050637604195
sub-068,control,whole,face,1.75,-0.3472962892281584
sub-068,control,whole,face,2.0,-0.3500489966283054
sub-068,control,whole,face,2.25,-0.3480806844807604
sub-068,control,whole,face,2.5,-0.3625557729961258
sub-068,control,whole,face,2.75,-0.3767194494175709
sub-068,control,whole,face,3.0,-0.3697651756318108
sub-068,control,whole,face,3.25,-0.3869112890204275
sub-068,control,whole,face,3.5,-0.3949211503897469
sub-068,control,whole,face,3.75,-0.4109080192476522
sub-068,control,whole,face,4.0,-0.4103009857228909
sub-068,control,whole,face,4.25,-0.42305826523295226
sub-068,control,whole,face,4.5,-0.4359769609831431
sub-068,control,whole,face,4.75,-0.42582282469044086
sub-068,control,whole,face,5.0,-0.42302122853861307
sub-068,control,lateral,face,0.25,-0.3425555116222615
sub-068,control,lateral,face,0.5,-0.3493202074273766
sub-068,control,lateral,face,0.75,-0.3481098404081967
sub-068,control,lateral,face,1.0,-0.35784274636603997
sub-068,control,lateral,face,1.25,-0.36361085385740516
sub-068,control,lateral,face,1.5,-0.3674372312076714
sub-068,control,lateral,face,1.75,-0.3783462038492304
sub-068,control,lateral,face,2.0,-0.38370845418700855
sub-068,control,lateral,face,2.25,-0.3836842750543758
sub-068,control,lateral,face,2.5,-0.3759084616804988
sub-068,control,lateral,face,2.75,-0.404635821816543
sub-068,control,lateral,face,3.0,-0.3812928270427165
sub-068,control,lateral,face,3.25,-0.3867273907366578
sub-068,control,lateral,face,3.5,-0.4005745209143505
sub-068,control,lateral,face,3.75,-0.40107752508422423
sub-068,control,lateral,face,4.0,-0.3978179654719207
sub-068,control,lateral,face,4.25,-0.39138925228038135
sub-068,control,lateral,face,4.5,-0.39551319158248766
sub-068,control,lateral,face,4.75,-0.40560345988440344
sub-068,control,lateral,face,5.0,-0.4070454788478225
sub-068,control,medial,face,0.25,-0.11908960707914909
sub-068,control,medial,face,0.5,-0.1118829450053497
sub-068,control,medial,face,0.75,-0.13055786516217713
sub-068,control,medial,face,1.0,-0.1432512281964385
sub-068,control,medial,face,1.25,-0.19026518428809766
sub-068,control,medial,face,1.5,-0.18955738383399826
sub-068,control,medial,face,1.75,-0.2370585526912465
sub-068,control,medial,face,2.0,-0.24913881388671988
sub-068,control,medial,face,2.25,-0.25020003653900685
sub-068,control,medial,face,2.5,-0.26597347752408096
sub-068,control,medial,face,2.75,-0.33206876179658884
sub-068,control,medial,face,3.0,-0.3620050769945884
sub-068,control,medial,face,3.25,-0.40791302187229384
sub-068,control,medial,face,3.5,-0.45161335914558365
sub-068,control,medial,face,3.75,-0.4586048230543998
sub-068,control,medial,face,4.0,-0.4883119645865067
sub-068,control,medial,face,4.25,-0.4981083725972859
sub-068,control,medial,face,4.5,-0.5184724011577743
sub-068,control,medial,face,4.75,-0.5385602003194256
sub-068,control,medial,face,5.0,-0.511299729274299
sub-068,control,whole,house,0.25,-0.09736678169143245
sub-068,control,whole,house,0.5,-0.10034577262721646
sub-068,control,whole,house,0.75,-0.11342621290118299
sub-068,control,whole,house,1.0,-0.11753528481315458
sub-068,control,whole,house,1.25,-0.11398995361200612
sub-068,control,whole,house,1.5,-0.1152191701961919
sub-068,control,whole,house,1.75,-0.11128437583653687
sub-068,control,whole,house,2.0,-0.11290777161448247
sub-068,control,whole,house,2.25,-0.10740206356386722
sub-068,control,whole,house,2.5,-0.09829393439786989
sub-068,control,whole,house,2.75,-0.09311763582198292
sub-068,control,whole,house,3.0,-0.0977879764868228
sub-068,control,whole,house,3.25,-0.10951265962679345
sub-068,control,whole,house,3.5,-0.1216143403370058
sub-068,control,whole,house,3.75,-0.13262405688017284
sub-068,control,whole,house,4.0,-0.14346486064516165
sub-068,control,whole,house,4.25,-0.14989336481642734
sub-068,control,whole,house,4.5,-0.12944341582662236
sub-068,control,whole,house,4.75,-0.12765409821238538
sub-068,control,whole,house,5.0,-0.14970206224064145
sub-068,control,lateral,house,0.25,-0.15102217520660932
sub-068,control,lateral,house,0.5,-0.16487742796510893
sub-068,control,lateral,house,0.75,-0.1809905887834383
sub-068,control,lateral,house,1.0,-0.18966679063185393
sub-068,control,lateral,house,1.25,-0.19772608709684608
sub-068,control,lateral,house,1.5,-0.1946106375445686
sub-068,control,lateral,house,1.75,-0.19996846546673658
sub-068,control,lateral,house,2.0,-0.2003981634452626
sub-068,control,lateral,house,2.25,-0.19088960148641765
sub-068,control,lateral,house,2.5,-0.1845253971380512
sub-068,control,lateral,house,2.75,-0.17716399038753491
sub-068,control,lateral,house,3.0,-0.19778956407533624
sub-068,control,lateral,house,3.25,-0.21145849040092632
sub-068,control,lateral,house,3.5,-0.24548130783992708
sub-068,control,lateral,house,3.75,-0.2626507920758632
sub-068,control,lateral,house,4.0,-0.2652290285958972
sub-068,control,lateral,house,4.25,-0.29006306361556744
sub-068,control,lateral,house,4.5,-0.2893658109249827
sub-068,control,lateral,house,4.75,-0.2882237719856589
sub-068,control,lateral,house,5.0,-0.2999320071188139
sub-068,control,medial,house,0.25,0.07163438062342127
sub-068,control,medial,house,0.5,0.0870453696150285
sub-068,control,medial,house,0.75,0.0981812213278317
sub-068,control,medial,house,1.0,0.10676550934483812
sub-068,control,medial,house,1.25,0.11336391330396645
sub-068,control,medial,house,1.5,0.12456219693374798
sub-068,control,medial,house,1.75,0.1146277747456025
sub-068,control,medial,house,2.0,0.12304299652648915
sub-068,control,medial,house,2.25,0.099890337585204
sub-068,control,medial,house,2.5,0.10227341511665909
sub-068,control,medial,house,2.75,0.1035444912324988
sub-068,control,medial,house,3.0,0.11380175982593453
sub-068,control,medial,house,3.25,0.11452080187906138
sub-068,control,medial,house,3.5,0.12598532125780534
sub-068,control,medial,house,3.75,0.11484137945714655
sub-068,control,medial,house,4.0,0.10206435686068607
sub-068,control,medial,house,4.25,0.08863605385317355
sub-068,control,medial,house,4.5,0.10204805290604212
sub-068,control,medial,house,4.75,0.07573063416238231
sub-068,control,medial,house,5.0,0.06052244247183684
sub-068,control,whole,object,0.25,-0.021942046630401446
sub-068,control,whole,object,0.5,-0.01127385616936348
sub-068,control,whole,object,0.75,-0.00037781631149269205
sub-068,control,whole,object,1.0,0.01209213870374142
sub-068,control,whole,object,1.25,0.018791352885464435
sub-068,control,whole,object,1.5,0.027119593945569974
sub-068,control,whole,object,1.75,0.02931735065281885
sub-068,control,whole,object,2.0,0.026686873876295567
sub-068,control,whole,object,2.25,0.037447851200741684
sub-068,control,whole,object,2.5,0.037840268062185774
sub-068,control,whole,object,2.75,0.042913880548619304
sub-068,control,whole,object,3.0,0.047340339313129844
sub-068,control,whole,object,3.25,0.05014600106652352
sub-068,control,whole,object,3.5,0.050413813579188
sub-068,control,whole,object,3.75,0.05785597839274313
sub-068,control,whole,object,4.0,0.06678004158099067
sub-068,control,whole,object,4.25,0.06993849541449905
sub-068,control,whole,object,4.5,0.07941584114312178
sub-068,control,whole,object,4.75,0.08239935275599754
sub-068,control,whole,object,5.0,0.08288169761438514
sub-068,control,lateral,object,0.25,0.001218301030590987
sub-068,control,lateral,object,0.5,0.0038556457122954956
sub-068,control,lateral,object,0.75,0.010257853788969562
sub-068,control,lateral,object,1.0,0.012831963849383884
sub-068,control,lateral,object,1.25,0.015780300869967113
sub-068,control,lateral,object,1.5,0.020443970009509215
sub-068,control,lateral,object,1.75,0.017387598403611478
sub-068,control,lateral,object,2.0,0.013509991871866918
sub-068,control,lateral,object,2.25,0.01855899736027245
sub-068,control,lateral,object,2.5,0.017029359097127845
sub-068,control,lateral,object,2.75,0.011260276511871874
sub-068,control,lateral,object,3.0,0.009672560814450526
sub-068,control,lateral,object,3.25,0.011345602777119877
sub-068,control,lateral,object,3.5,0.013700261141099823
sub-068,control,lateral,object,3.75,0.016479961551715647
sub-068,control,lateral,object,4.0,0.021408484583371253
sub-068,control,lateral,object,4.25,0.029114592851838313
sub-068,control,lateral,object,4.5,0.03703426385474983
sub-068,control,lateral,object,4.75,0.04372375700132156
sub-068,control,lateral,object,5.0,0.03875110589925244
sub-068,control,medial,object,0.25,-0.10066665226645814
sub-068,control,medial,object,0.5,-0.06907574292629332
sub-068,control,medial,object,0.75,-0.041136198387240495
sub-068,control,medial,object,1.0,-0.003549752133766004
sub-068,control,medial,object,1.25,0.03551978853827032
sub-068,control,medial,object,1.5,0.06463750389731296
sub-068,control,medial,object,1.75,0.08930782407731792
sub-068,control,medial,object,2.0,0.11363115258601592
sub-068,control,medial,object,2.25,0.13145383101548958
sub-068,control,medial,object,2.5,0.16317293570119087
sub-068,control,medial,object,2.75,0.19904172548446167
sub-068,control,medial,object,3.0,0.2509400896186423
sub-068,control,medial,object,3.25,0.30808198080630034
sub-068,control,medial,object,3.5,0.32559970979968894
sub-068,control,medial,object,3.75,0.3642432727000227
sub-068,control,medial,object,4.0,0.3846573062178845
sub-068,control,medial,object,4.25,0.41612633873726473
sub-068,control,medial,object,4.5,0.47737993811438884
sub-068,control,medial,object,4.75,0.5554358059309283
sub-068,control,medial,object,5.0,0.5598488948827383
sub-068,control,whole,word,0.25,0.26517089871638466
sub-068,control,whole,word,0.5,0.2764818136904669
sub-068,control,whole,word,0.75,0.2922134510498718
sub-068,control,whole,word,1.0,0.3079900884665012
sub-068,control,whole,word,1.25,0.3139863904279143
sub-068,control,whole,word,1.5,0.3271005371481754
sub-068,control,whole,word,1.75,0.34745701128510553
sub-068,control,whole,word,2.0,0.35609313565038214
sub-068,control,whole,word,2.25,0.35332791326956164
sub-068,control,whole,word,2.5,0.3649679851405249
sub-068,control,whole,word,2.75,0.3641923317320922
sub-068,control,whole,word,3.0,0.3636966246721368
sub-068,control,whole,word,3.25,0.3392995720577441
sub-068,control,whole,word,3.5,0.3417146903836706
sub-068,control,whole,word,3.75,0.32789288842259473
sub-068,control,whole,word,4.0,0.3190734487019352
sub-068,control,whole,word,4.25,0.3092024821318131
sub-068,control,whole,word,4.5,0.28568484052262283
sub-068,control,whole,word,4.75,0.27387135803791257
sub-068,control,whole,word,5.0,0.25762784215617085
sub-068,control,lateral,word,0.25,0.3637128114491888
sub-068,control,lateral,word,0.5,0.38742724524127914
sub-068,control,lateral,word,0.75,0.4118456431388235
sub-068,control,lateral,word,1.0,0.4443146036706381
sub-068,control,lateral,word,1.25,0.4676212493857932
sub-068,control,lateral,word,1.5,0.492384660366083
sub-068,control,lateral,word,1.75,0.5196971369580391
sub-068,control,lateral,word,2.0,0.5532659270376648
sub-068,control,lateral,word,2.25,0.5598339396695502
sub-068,control,lateral,word,2.5,0.5835120376330539
sub-068,control,lateral,word,2.75,0.5879013988531959
sub-068,control,lateral,word,3.0,0.5865860195314904
sub-068,control,lateral,word,3.25,0.5642857643194717
sub-068,control,lateral,word,3.5,0.5756557196126928
sub-068,control,lateral,word,3.75,0.5621983619482497
sub-068,control,lateral,word,4.0,0.527539175675612
sub-068,control,lateral,word,4.25,0.5160260329230405
sub-068,control,lateral,word,4.5,0.5029528955165168
sub-068,control,lateral,word,4.75,0.46310619181277884
sub-068,control,lateral,word,5.0,0.42282264988769624
sub-068,control,medial,word,0.25,0.08926025065163737
sub-068,control,medial,word,0.5,0.08923711644058811
sub-068,control,medial,word,0.75,0.08659472174857229
sub-068,control,medial,word,1.0,0.09512786234058959
sub-068,control,medial,word,1.25,0.0971826492969968
sub-068,control,medial,word,1.5,0.10825126596810375
sub-068,control,medial,word,1.75,0.1254052286844259
sub-068,control,medial,word,2.0,0.14423962342389254
sub-068,control,medial,word,2.25,0.14375432795361945
sub-068,control,medial,word,2.5,0.1466375421981701
sub-068,control,medial,word,2.75,0.15691002751576424
sub-068,control,medial,word,3.0,0.1677895714268387
sub-068,control,medial,word,3.25,0.16302140866632278
sub-068,control,medial,word,3.5,0.1799827663625173
sub-068,control,medial,word,3.75,0.17723287984035135
sub-068,control,medial,word,4.0,0.18439087701465326
sub-068,control,medial,word,4.25,0.17851120631516884
sub-068,control,medial,word,4.5,0.1792410198649863
sub-068,control,medial,word,4.75,0.19124054561361534
sub-068,control,medial,word,5.0,0.17239647704305508
sub-069,OTC,whole,face,0.25,-0.3161842662043006
sub-069,OTC,whole,face,0.5,-0.3890239250974051
sub-069,OTC,whole,face,0.75,-0.4713774004138001
sub-069,OTC,whole,face,1.0,-0.551189524167321
sub-069,OTC,whole,face,1.25,-0.6329899417438217
sub-069,OTC,whole,face,1.5,-0.6976107047622736
sub-069,OTC,whole,face,1.75,-0.7620366749723617
sub-069,OTC,whole,face,2.0,-0.8235829849817315
sub-069,OTC,whole,face,2.25,-0.8708890818388768
sub-069,OTC,whole,face,2.5,-0.8968750349299234
sub-069,OTC,whole,face,2.75,-0.9271665002800148
sub-069,OTC,whole,face,3.0,-0.9644607149696164
sub-069,OTC,whole,face,3.25,-0.9852121993868833
sub-069,OTC,whole,face,3.5,-0.9990725816981076
sub-069,OTC,whole,face,3.75,-1.0
sub-069,OTC,whole,face,4.0,-1.0
sub-069,OTC,whole,face,4.25,-1.0
sub-069,OTC,whole,face,4.5,-1.0
sub-069,OTC,whole,face,4.75,-1.0
sub-069,OTC,lateral,face,0.25,-0.28003113565592097
sub-069,OTC,lateral,face,0.5,-0.35011580091268557
sub-069,OTC,lateral,face,0.75,-0.43731018223378193
sub-069,OTC,lateral,face,1.0,-0.5156390645256621
sub-069,OTC,lateral,face,1.25,-0.6070391131306823
sub-069,OTC,lateral,face,1.5,-0.689893996889149
sub-069,OTC,lateral,face,1.75,-0.7652676925806676
sub-069,OTC,lateral,face,2.0,-0.84643179245779
sub-069,OTC,lateral,face,2.25,-0.9059951270172611
sub-069,OTC,lateral,face,2.5,-0.9325246834318417
sub-069,OTC,lateral,face,2.75,-0.9511930775510011
sub-069,OTC,lateral,face,3.0,-0.97592801922836
sub-069,OTC,lateral,face,3.25,-0.9947583495389563
sub-069,OTC,lateral,face,3.5,-1.0
sub-069,OTC,lateral,face,3.75,-1.0
sub-069,OTC,lateral,face,4.0,-1.0
sub-069,OTC,lateral,face,4.25,-1.0
sub-069,OTC,lateral,face,4.5,-1.0
sub-069,OTC,lateral,face,4.75,-1.0
sub-069,OTC,medial,face,0.25,-0.3947506432218703
sub-069,OTC,medial,face,0.5,-0.4725508952013
sub-069,OTC,medial,face,0.75,-0.5538338917086755
sub-069,OTC,medial,face,1.0,-0.6370083302491611
sub-069,OTC,medial,face,1.25,-0.7018174688852099
sub-069,OTC,medial,face,1.5,-0.7249207485276168
sub-069,OTC,medial,face,1.75,-0.7526009214188395
sub-069,OTC,medial,face,2.0,-0.7585611236261605
sub-069,OTC,medial,face,2.25,-0.7664152091433304
sub-069,OTC,medial,face,2.5,-0.7734010199083354
sub-069,OTC,medial,face,2.75,-0.8455549776754471
sub-069,OTC,medial,face,3.0,-0.9033070731414895
sub-069,OTC,medial,face,3.25,-0.9544510730640762
sub-069,OTC,medial,face,3.5,-1.0
sub-069,OTC,medial,face,3.75,-1.0
sub-069,OTC,whole,house,0.25,0.23263150724047169
sub-069,OTC,whole,house,0.5,0.23184316298053387
sub-069,OTC,whole,house,0.75,0.2425061974376771
sub-069,OTC,whole,house,1.0,0.286237630917264
sub-069,OTC,whole,house,1.25,0.3112186624012072
sub-069,OTC,whole,house,1.5,0.3472463931799428
sub-069,OTC,whole,house,1.75,0.43400650916174244
sub-069,OTC,whole,house,2.0,0.5084424871112658
sub-069,OTC,whole,house,2.25,0.6045666045288653
sub-069,OTC,whole,house,2.5,0.6368126999823935
sub-069,OTC,whole,house,2.75,0.6776820868311405
sub-069,OTC,whole,house,3.0,0.6284772868634163
sub-069,OTC,whole,house,3.25,0.7791111111111111
sub-069,OTC,lateral,house,0.25,0.36847558137735864
sub-069,OTC,lateral,house,0.5,0.36437701138710543
sub-069,OTC,lateral,house,0.75,0.39586916350777046
sub-069,OTC,lateral,house,1.0,0.48317685186454035
sub-069,OTC,lateral,house,1.25,0.5521391576236598
sub-069,OTC,lateral,house,1.5,0.6157828698798656
sub-069,OTC,lateral,house,1.75,0.7455316459603812
sub-069,OTC,lateral,house,2.0,0.896665616712244
sub-069,OTC,lateral,house,2.25,1.0
sub-069,OTC,lateral,house,2.5,0.996547821165818
sub-069,OTC,lateral,house,2.75,1.0
sub-069,OTC,lateral,house,3.0,1.0
sub-069,OTC,lateral,house,3.25,1.0
sub-069,OTC,medial,house,0.25,0.0452232687351274
sub-069,OTC,medial,house,0.5,0.0554969777107263
sub-069,OTC,medial,house,0.75,0.07196686473874574
sub-069,OTC,medial,house,1.0,0.07741104545862372
sub-069,OTC,medial,house,1.25,0.08513578213047474
sub-069,OTC,medial,house,1.5,0.10493139746613457
sub-069,OTC,medial,house,1.75,0.17373676503952648
sub-069,OTC,medial,house,2.0,0.21560509979034756
sub-069,OTC,medial,house,2.25,0.31352832437139005
sub-069,OTC,medial,house,2.5,0.40380632580059184
sub-069,OTC,medial,house,2.75,0.4393916243477069
sub-069,OTC,medial,house,3.0,0.2912638287638288
sub-069,OTC,medial,house,3.25,0.531981981981982
sub-069,OTC,whole,object,0.25,-0.1285840509404456
sub-069,OTC,whole,object,0.5,-0.16083094651829977
sub-069,OTC,whole,object,0.75,-0.18872866871380772
sub-069,OTC,whole,object,1.0,-0.245562930891216
sub-069,OTC,whole,object,1.25,-0.30111558249487486
sub-069,OTC,whole,object,1.5,-0.369249727896809
sub-069,OTC,whole,object,1.75,-0.445056111683705
sub-069,OTC,whole,object,2.0,-0.537285320220734
sub-069,OTC,whole,object,2.25,-0.6694396715268891
sub-069,OTC,whole,object,2.5,-0.7609372488428799
sub-069,OTC,whole,object,2.75,-0.8567861145248337
sub-069,OTC,whole,object,3.0,-0.8766575103955285
sub-069,OTC,whole,object,3.25,-0.9025420944344303
sub-069,OTC,whole,object,3.5,-0.9069986462089282
sub-069,OTC,whole,object,3.75,-0.9236456483908415
sub-069,OTC,whole,object,4.0,-0.9893537139204621
sub-069,OTC,whole,object,4.25,-1.0
sub-069,OTC,whole,object,4.5,-1.0
sub-069,OTC,whole,object,4.75,-1.0
sub-069,OTC,whole,object,5.0,-1.0
sub-069,OTC,lateral,object,0.25,-0.039467466403957936
sub-069,OTC,lateral,object,0.5,-0.07229057340446295
sub-069,OTC,lateral,object,0.75,-0.10888542308094096
sub-069,OTC,lateral,object,1.0,-0.15334748642818938
sub-069,OTC,lateral,object,1.25,-0.2212333741072346
sub-069,OTC,lateral,object,1.5,-0.3063697556462872
sub-069,OTC,lateral,object,1.75,-0.391606586697638
sub-069,OTC,lateral,object,2.0,-0.5089320596741254
sub-069,OTC,lateral,object,2.25,-0.6530048238159013
sub-069,OTC,lateral,object,2.5,-0.7565854509309573
sub-069,OTC,lateral,object,2.75,-0.8491678117959282
sub-069,OTC,lateral,object,3.0,-0.8699916558046976
sub-069,OTC,lateral,object,3.25,-0.894852206494599
sub-069,OTC,lateral,object,3.5,-0.9132468120036037
sub-069,OTC,lateral,object,3.75,-0.9294119635225407
sub-069,OTC,lateral,object,4.0,-0.9863092474717702
sub-069,OTC,lateral,object,4.25,-1.0
sub-069,OTC,lateral,object,4.5,-1.0
sub-069,OTC,lateral,object,4.75,-1.0
sub-069,OTC,lateral,object,5.0,-1.0
sub-069,OTC,medial,object,0.25,-0.4264723650046562
sub-069,OTC,medial,object,0.5,-0.48910725876943867
sub-069,OTC,medial,object,0.75,-0.5782558051555444
sub-069,OTC,medial,object,1.0,-0.6801469353719272
sub-069,OTC,medial,object,1.25,-0.7333355570543406
sub-069,OTC,medial,object,1.5,-0.8077112374203307
sub-069,OTC,medial,object,1.75,-0.8588241136152012
sub-069,OTC,medial,object,2.0,-0.894457744637542
sub-069,OTC,medial,object,2.25,-0.9411507439036069
sub-069,OTC,medial,object,2.5,-0.9267822370076083
sub-069,OTC,medial,object,2.75,-1.0
sub-069,OTC,medial,object,3.0,-1.0
sub-069,OTC,whole,word,0.25,-0.210734326287271
sub-069,OTC,whole,word,0.5,-0.24629694357009985
sub-069,OTC,whole,word,0.75,-0.27877771795339124
sub-069,OTC,whole,word,1.0,-0.31773574576715297
sub-069,OTC,whole,word,1.25,-0.35126953378632014
sub-069,OTC,whole,word,1.5,-0.3837239845546606
sub-069,OTC,whole,word,1.75,-0.43139549061923
sub-069,OTC,whole,word,2.0,-0.48482373939516726
sub-069,OTC,whole,word,2.25,-0.5486559845822329
sub-069,OTC,whole,word,2.5,-0.6136510151757713
sub-069,OTC,whole,word,2.75,-0.6702324198458004
sub-069,OTC,whole,word,3.0,-0.7508325222705595
sub-069,OTC,whole,word,3.25,-0.8133459557370535
sub-069,OTC,whole,word,3.5,-0.8763692378742319
sub-069,OTC,whole,word,3.75,-0.9504441502320572
sub-069,OTC,whole,word,4.0,-0.9700920243823233
sub-069,OTC,whole,word,4.25,-0.9796838216966427
sub-069,OTC,whole,word,4.5,-1.0
sub-069,OTC,whole,word,4.75,-1.0
sub-069,OTC,whole,word,5.0,-1.0
sub-069,OTC,lateral,word,0.25,-0.28505789064029785
sub-069,OTC,lateral,word,0.5,-0.33601469225126573
sub-069,OTC,lateral,word,0.75,-0.3884356349628918
sub-069,OTC,lateral,word,1.0,-0.4411405667051364
sub-069,OTC,lateral,word,1.25,-0.49710138618512545
sub-069,OTC,lateral,word,1.5,-0.5478475682075965
sub-069,OTC,lateral,word,1.75,-0.6033046778254026
sub-069,OTC,lateral,word,2.0,-0.6500281259366599
sub-069,OTC,lateral,word,2.25,-0.7221860759922533
sub-069,OTC,lateral,word,2.5,-0.7945595054834113
sub-069,OTC,lateral,word,2.75,-0.8501292472824624
sub-069,OTC,lateral,word,3.0,-0.8924979086340334
sub-069,OTC,lateral,word,3.25,-0.9300070442417295
sub-069,OTC,lateral,word,3.5,-0.9604732956724625
sub-069,OTC,lateral,word,3.75,-0.981351834672695
sub-069,OTC,lateral,word,4.0,-1.0
sub-069,OTC,lateral,word,4.25,-1.0
sub-069,OTC,lateral,word,4.5,-1.0
sub-069,OTC,lateral,word,4.75,-1.0
sub-069,OTC,lateral,word,5.0,-1.0
sub-069,OTC,medial,word,0.25,-0.05908191508423735
sub-069,OTC,medial,word,0.5,-0.05667323877294139
sub-069,OTC,medial,word,0.75,-0.05628690959674942
sub-069,OTC,medial,word,1.0,-0.0614782576280182
sub-069,OTC,medial,word,1.25,-0.0667224844112187
sub-069,OTC,medial,word,1.5,-0.08087143418247628
sub-069,OTC,medial,word,1.75,-0.09943411427430834
sub-069,OTC,medial,word,2.0,-0.15081280663108443
sub-069,OTC,medial,word,2.25,-0.2021027458454409
sub-069,OTC,medial,word,2.5,-0.24725436927214925
sub-069,OTC,medial,word,2.75,-0.2987533311251655
sub-069,OTC,medial,word,3.0,-0.406106666458901
sub-069,OTC,medial,word,3.25,-0.524883817800963
sub-069,OTC,medial,word,3.5,-0.639130723348093
sub-069,OTC,medial,word,3.75,-0.8440585910290025
sub-069,OTC,medial,word,4.0,-0.8396405949433059
sub-069,OTC,medial,word,4.25,-0.9325325731536526
sub-069,OTC,medial,word,4.5,-1.0
sub-069,OTC,medial,word,4.75,-1.0
sub-069,OTC,medial,word,5.0,-1.0
sub-071,control,whole,face,0.25,-0.21485460999675352
sub-071,control,whole,face,0.5,-0.20310397422839988
sub-071,control,whole,face,0.75,-0.2192610999195308
sub-071,control,whole,face,1.0,-0.24131487484687134
sub-071,control,whole,face,1.25,-0.24474154526518913
sub-071,control,whole,face,1.5,-0.24308767807550505
sub-071,control,whole,face,1.75,-0.22512125763709076
sub-071,control,whole,face,2.0,-0.20707937528351245
sub-071,control,whole,face,2.25,-0.16067978504225924
sub-071,control,whole,face,2.5,-0.1601463581488926
sub-071,control,whole,face,2.75,-0.12492298785700774
sub-071,control,whole,face,3.0,-0.10478692052272923
sub-071,control,whole,face,3.25,-0.09779424862435457
sub-071,control,whole,face,3.5,-0.08979402411134835
sub-071,control,whole,face,3.75,-0.0771306844411045
sub-071,control,whole,face,4.0,-0.07321387058456146
sub-071,control,whole,face,4.25,-0.08800812494117095
sub-071,control,whole,face,4.5,-0.09940888710149297
sub-071,control,whole,face,4.75,-0.09228037616459021
sub-071,control,whole,face,5.0,-0.09462416005782791
sub-071,control,lateral,face,0.25,-0.3212284015616976
sub-071,control,lateral,face,0.5,-0.2851416662487032
sub-071,control,lateral,face,0.75,-0.28262609155942986
sub-071,control,lateral,face,1.0,-0.28302967215783764
sub-071,control,lateral,face,1.25,-0.29709299174093884
sub-071,control,lateral,face,1.5,-0.24824722516555078
sub-071,control,lateral,face,1.75,-0.19618724007398963
sub-071,control,lateral,face,2.0,-0.14463514627944213
sub-071,control,lateral,face,2.25,-0.06170034252288246
sub-071,control,lateral,face,2.5,0.024148644560108366
sub-071,control,lateral,face,2.75,0.08242939929772776
sub-071,control,lateral,face,3.0,0.12759912555222197
sub-071,control,lateral,face,3.25,0.20886004232099545
sub-071,control,lateral,face,3.5,0.2091402545874078
sub-071,control,lateral,face,3.75,0.2738516487775408
sub-071,control,lateral,face,4.0,0.2541893238692104
sub-071,control,lateral,face,4.25,0.25263221119274143
sub-071,control,lateral,face,4.5,0.3221402611079999
sub-071,control,lateral,face,4.75,0.29540446929238795
sub-071,control,lateral,face,5.0,0.32301424592204875
sub-071,control,medial,face,0.25,-0.11546709919664165
sub-071,control,medial,face,0.5,-0.12556127125430286
sub-071,control,medial,face,0.75,-0.14848705313951308
sub-071,control,medial,face,1.0,-0.19098467660448087
sub-071,control,medial,face,1.25,-0.2270589903980618
sub-071,control,medial,face,1.5,-0.23475654648184552
sub-071,control,medial,face,1.75,-0.2692760334979423
sub-071,control,medial,face,2.0,-0.2588557925597703
sub-071,control,medial,face,2.25,-0.2852797002654193
sub-071,control,medial,face,2.5,-0.3562631608381677
sub-071,control,medial,face,2.75,-0.3762254761747149
sub-071,control,medial,face,3.0,-0.3694016741505062
sub-071,control,medial,face,3.25,-0.4024230119786658
sub-071,control,medial,face,3.5,-0.435950396800346
sub-071,control,medial,face,3.75,-0.4970025266533185
sub-071,control,medial,face,4.0,-0.4658169867382333
sub-071,control,medial,face,4.25,-0.49281522194217714
sub-071,control,medial,face,4.5,-0.5555200852205862
sub-071,control,medial,face,4.75,-0.563964837508594
sub-071,control,medial,face,5.0,-0.5993466584024916
sub-071,control,whole,house,0.25,-0.009503879208670508
sub-071,control,whole,house,0.5,-0.01464367566564442
sub-071,control,whole,house,0.75,-0.019997272230420603
sub-071,control,whole,house,1.0,-0.028949570314542178
sub-071,control,whole,house,1.25,-0.02356203587274388
sub-071,control,whole,house,1.5,-0.038575027061818846
sub-071,control,whole,house,1.75,-0.042419903492723725
sub-071,control,whole,house,2.0,-0.039877820730009436
sub-071,control,whole,house,2.25,-0.04786070618724053
sub-071,control,whole,house,2.5,-0.04561226701970021
sub-071,control,whole,house,2.75,-0.05184649548071952
sub-071,control,whole,house,3.0,-0.04526216074045097
sub-071,control,whole,house,3.25,-0.03267332101380674
sub-071,control,whole,house,3.5,-0.030111501070487035
sub-071,control,whole,house,3.75,-0.026619331185864282
sub-071,control,whole,house,4.0,-0.034211685232796205
sub-071,control,whole,house,4.25,-0.04177839018858884
sub-071,control,whole,house,4.5,-0.053616824077603445
sub-071,control,whole,house,4.75,-0.05059851498087749
sub-071,control,whole,house,5.0,-0.049693579514365885
sub-071,control,lateral,house,0.25,-0.00318417718610372
sub-071,control,lateral,house,0.5,-0.014643627983619956
sub-071,control,lateral,house,0.75,-0.02439930575527771
sub-071,control,lateral,house,1.0,-0.031802791338001145
sub-071,control,lateral,house,1.25,-0.03830408653688789
sub-071,control,lateral,house,1.5,-0.04226626517092416
sub-071,control,lateral,house,1.75,-0.05186377998429731
sub-071,control,lateral,house,2.0,-0.054668212568809625
sub-071,control,lateral,house,2.25,-0.05882148511056516
sub-071,control,lateral,house,2.5,-0.06362734043084434
sub-071,control,lateral,house,2.75,-0.05820581491881542
sub-071,control,lateral,house,3.0,-0.04961812926752335
sub-071,control,lateral,house,3.25,-0.04735651233964516
sub-071,control,lateral,house,3.5,-0.04101477548591118
sub-071,control,lateral,house,3.75,-0.028522238475843332
sub-071,control,lateral,house,4.0,-0.04144707050563408
sub-071,control,lateral,house,4.25,-0.04887818956760394
sub-071,control,lateral,house,4.5,-0.057769800313007234
sub-071,control,lateral,house,4.75,-0.05093884276475483
sub-071,control,lateral,house,5.0,-0.046150696019440225
sub-071,control,medial,house,0.25,-0.0033095051364706945
sub-071,control,medial,house,0.5,0.001366189425935972
sub-071,control,medial,house,0.75,-0.017765311781004826
sub-071,control,medial,house,1.0,-0.009230032125238187
sub-071,control,medial,house,1.25,0.024923757569292233
sub-071,control,medial,house,1.5,0.0038025324310438425
sub-071,control,medial,house,1.75,0.024186994876019063
sub-071,control,medial,house,2.0,0.02349724879590238
sub-071,control,medial,house,2.25,0.0252317386731713
sub-071,control,medial,house,2.5,0.004531993243162011
sub-071,control,medial,house,2.75,-0.023564732726614815
sub-071,control,medial,house,3.0,-0.010611622416801247
sub-071,control,medial,house,3.25,0.009104216689212812
sub-071,control,medial,house,3.5,0.022181597408567334
sub-071,control,medial,house,3.75,0.012332633840917581
sub-071,control,medial,house,4.0,-0.002567985816654985
sub-071,control,medial,house,4.25,-0.03978944258905742
sub-071,control,medial,house,4.5,-0.022065535455581983
sub-071,control,medial,house,4.75,-0.048641860793981806
sub-071,control,medial,house,5.0,-0.044629183919027114
sub-071,control,whole,object,0.25,0.0054652028081670165
sub-071,control,whole,object,0.5,0.016504908482305264
sub-071,control,whole,object,0.75,0.024549590284214707
sub-071,control,whole,object,1.0,0.03371025696460261
sub-071,control,whole,object,1.25,0.03616314874178254
sub-071,control,whole,object,1.5,0.022393285249148836
sub-071,control,whole,object,1.75,0.006525278172014648
sub-071,control,whole,object,2.0,-0.012477473812371354
sub-071,control,whole,object,2.25,-0.04580786870557365
sub-071,control,whole,object,2.5,-0.08465755962006778
sub-071,control,whole,object,2.75,-0.115781348728934
sub-071,control,whole,object,3.0,-0.17603710468193198
sub-071,control,whole,object,3.25,-0.20978828110756523
sub-071,control,whole,object,3.5,-0.24306104694989653
sub-071,control,whole,object,3.75,-0.275981275151911
sub-071,control,whole,object,4.0,-0.2942482170272706
sub-071,control,whole,object,4.25,-0.308159840053257
sub-071,control,whole,object,4.5,-0.3558222958918256
sub-071,control,whole,object,4.75,-0.3846534253459004
sub-071,control,whole,object,5.0,-0.4413649535890935
sub-071,control,lateral,object,0.25,-0.044081018293233604
sub-071,control,lateral,object,0.5,-0.0400154629244191
sub-071,control,lateral,object,0.75,-0.03525079093874378
sub-071,control,lateral,object,1.0,-0.03728196973433904
sub-071,control,lateral,object,1.25,-0.04041583231879873
sub-071,control,lateral,object,1.5,-0.06399569346944649
sub-071,control,lateral,object,1.75,-0.08521173970063839
sub-071,control,lateral,object,2.0,-0.11465469030149865
sub-071,control,lateral,object,2.25,-0.15696463886593015
sub-071,control,lateral,object,2.5,-0.21007792260448213
sub-071,control,lateral,object,2.75,-0.2497487821325328
sub-071,control,lateral,object,3.0,-0.2978740441683179
sub-071,control,lateral,object,3.25,-0.3505484264891126
sub-071,control,lateral,object,3.5,-0.38854212944912697
sub-071,control,lateral,object,3.75,-0.43604659028818493
sub-071,control,lateral,object,4.0,-0.46607218765537106
sub-071,control,lateral,object,4.25,-0.5057782599589686
sub-071,control,lateral,object,4.5,-0.5705695341486156
sub-071,control,lateral,object,4.75,-0.6015348287660826
sub-071,control,lateral,object,5.0,-0.6697867161579946
sub-071,control,medial,object,0.25,0.12788414229520653
sub-071,control,medial,object,0.5,0.1519224032292626
sub-071,control,medial,object,0.75,0.20580597520181898
sub-071,control,medial,object,1.0,0.24525633043772305
sub-071,control,medial,object,1.25,0.2894612081137262
sub-071,control,medial,object,1.5,0.32192645093745575
sub-071,control,medial,object,1.75,0.3448013553168932
sub-071,control,medial,object,2.0,0.35323402871428267
sub-071,control,medial,object,2.25,0.3656725042883099
sub-071,control,medial,object,2.5,0.36452650468359055
sub-071,control,medial,object,2.75,0.3637310599834128
sub-071,control,medial,object,3.0,0.32606351182958454
sub-071,control,medial,object,3.25,0.3285214051810379
sub-071,control,medial,object,3.5,0.35665861316008846
sub-071,control,medial,object,3.75,0.3680205918158741
sub-071,control,medial,object,4.0,0.4129753089211735
sub-071,control,medial,object,4.25,0.46535433726406145
sub-071,control,medial,object,4.5,0.5378326315179113
sub-071,control,medial,object,4.75,0.5532715419220886
sub-071,control,medial,object,5.0,0.5758159507844008
sub-071,control,whole,word,0.25,0.11562323040601814
sub-071,control,whole,word,0.5,0.1252325677981252
sub-071,control,whole,word,0.75,0.14270506069239716
sub-071,control,whole,word,1.0,0.14231505008597065
sub-071,control,whole,word,1.25,0.14914470065147614
sub-071,control,whole,word,1.5,0.15009912690966115
sub-071,control,whole,word,1.75,0.16053735255757082
sub-071,control,whole,word,2.0,0.15495118730849688
sub-071,control,whole,word,2.25,0.15017478658378045
sub-071,control,whole,word,2.5,0.13567928344695482
sub-071,control,whole,word,2.75,0.11805741624024987
sub-071,control,whole,word,3.0,0.09633572825322158
sub-071,control,whole,word,3.25,0.054600177922014444
sub-071,control,whole,word,3.5,0.025556262197239287
sub-071,control,whole,word,3.75,0.012437248615102335
sub-071,control,whole,word,4.0,-0.022094727932579307
sub-071,control,whole,word,4.25,0.006591532958872253
sub-071,control,whole,word,4.5,0.05381931067908394
sub-071,control,whole,word,4.75,0.12933921665692932
sub-071,control,whole,word,5.0,0.35483912923054733
sub-071,control,lateral,word,0.25,0.18079270778252007
sub-071,control,lateral,word,0.5,0.2054925314437909
sub-071,control,lateral,word,0.75,0.23147363253807593
sub-071,control,lateral,word,1.0,0.2482953239410482
sub-071,control,lateral,word,1.25,0.26574823064747927
sub-071,control,lateral,word,1.5,0.2749510444749714
sub-071,control,lateral,word,1.75,0.29251230959907065
sub-071,control,lateral,word,2.0,0.2858603764403822
sub-071,control,lateral,word,2.25,0.2788568980809981
sub-071,control,lateral,word,2.5,0.27254686963289754
sub-071,control,lateral,word,2.75,0.258016215019777
sub-071,control,lateral,word,3.0,0.2153920928310652
sub-071,control,lateral,word,3.25,0.18580231510997322
sub-071,control,lateral,word,3.5,0.1567089791022377
sub-071,control,lateral,word,3.75,0.12030055483280398
sub-071,control,lateral,word,4.0,0.07454707645018631
sub-071,control,lateral,word,4.25,0.12286116754769459
sub-071,control,lateral,word,4.5,0.17543017590495802
sub-071,control,lateral,word,4.75,0.32212594519225435
sub-071,control,lateral,word,5.0,0.5599285773621797
sub-071,control,medial,word,0.25,-0.02127992663524572
sub-071,control,medial,word,0.5,-0.03968142973901917
sub-071,control,medial,word,0.75,-0.06597475463613561
sub-071,control,medial,word,1.0,-0.10048437074033187
sub-071,control,medial,word,1.25,-0.1494475029838992
sub-071,control,medial,word,1.5,-0.18809007179785955
sub-071,control,medial,word,1.75,-0.23594118749041584
sub-071,control,medial,word,2.0,-0.2689967143220365
sub-071,control,medial,word,2.25,-0.273939094138359
sub-071,control,medial,word,2.5,-0.30273300900993905
sub-071,control,medial,word,2.75,-0.3135574907929294
sub-071,control,medial,word,3.0,-0.3062645114152372
sub-071,control,medial,word,3.25,-0.3099349651159131
sub-071,control,medial,word,3.5,-0.30463690660343967
sub-071,control,medial,word,3.75,-0.2882203052849898
sub-071,control,medial,word,4.0,-0.34608941485403144
sub-071,control,medial,word,4.25,-0.36378169167390517
sub-071,control,medial,word,4.5,-0.32948326337883826
sub-071,control,medial,word,4.75,-0.38437906117457327
sub-071,control,medial,word,5.0,-0.37413503311899027
sub-074,OTC,whole,face,0.25,-0.03192855354879301
sub-074,OTC,whole,face,0.5,-0.02292152119371357
sub-074,OTC,whole,face,0.75,-0.019732989344224766
sub-074,OTC,whole,face,1.0,-0.01150055229722502
sub-074,OTC,whole,face,1.25,0.0362527444068815
sub-074,OTC,whole,face,1.5,0.07527809307027637
sub-074,OTC,whole,face,1.75,0.13295459786566247
sub-074,OTC,whole,face,2.0,0.18304508966433344
sub-074,OTC,whole,face,2.25,0.22285368015925636
sub-074,OTC,whole,face,2.5,0.17910765694752442
sub-074,OTC,whole,face,2.75,0.08539618835660029
sub-074,OTC,whole,face,3.0,-0.011527124666140552
sub-074,OTC,whole,face,3.25,-0.05542711827911312
sub-074,OTC,whole,face,3.5,0.06007693934660144
sub-074,OTC,whole,face,3.75,0.10894133923232556
sub-074,OTC,whole,face,4.0,0.10261887272878112
sub-074,OTC,whole,face,4.25,0.2761873666144399
sub-074,OTC,whole,face,4.5,0.38982077764525963
sub-074,OTC,whole,face,4.75,0.6506232760949742
sub-074,OTC,whole,face,5.0,0.6837290104531484
sub-074,OTC,lateral,face,0.25,-0.05276118072445826
sub-074,OTC,lateral,face,0.5,-0.05401899794587976
sub-074,OTC,lateral,face,0.75,-0.07328933259383165
sub-074,OTC,lateral,face,1.0,-0.0927765720559953
sub-074,OTC,lateral,face,1.25,-0.08272539322890993
sub-074,OTC,lateral,face,1.5,-0.08421196602368626
sub-074,OTC,lateral,face,1.75,-0.08793142867039591
sub-074,OTC,lateral,face,2.0,-0.07925340056503964
sub-074,OTC,lateral,face,2.25,-0.05581075254759642
sub-074,OTC,lateral,face,2.5,-0.04273533165881515
sub-074,OTC,lateral,face,2.75,-0.104023834217895
sub-074,OTC,lateral,face,3.0,-0.0836781273229271
sub-074,OTC,lateral,face,3.25,-0.14769661710923582
sub-074,OTC,lateral,face,3.5,-0.02339317548667873
sub-074,OTC,lateral,face,3.75,0.05482016296688067
sub-074,OTC,lateral,face,4.0,0.0987294753158484
sub-074,OTC,lateral,face,4.25,0.27085759287066274
sub-074,OTC,lateral,face,4.5,0.3596758233436434
sub-074,OTC,lateral,face,4.75,0.6321566293788515
sub-074,OTC,lateral,face,5.0,0.8126850114654992
sub-074,OTC,medial,face,0.25,0.02779795787944419
sub-074,OTC,medial,face,0.5,0.047316105864537085
sub-074,OTC,medial,face,0.75,0.07916727957412817
sub-074,OTC,medial,face,1.0,0.12881004807361446
sub-074,OTC,medial,face,1.25,0.19163635289478717
sub-074,OTC,medial,face,1.5,0.2552638668626819
sub-074,OTC,medial,face,1.75,0.3632231998829613
sub-074,OTC,medial,face,2.0,0.5030820739220881
sub-074,OTC,medial,face,2.25,0.7177775858538857
sub-074,OTC,medial,face,2.5,0.7784023956010651
sub-074,OTC,medial,face,2.75,0.9377137829490768
sub-074,OTC,medial,face,3.0,1.0
sub-074,OTC,medial,face,3.25,1.0
sub-074,OTC,whole,house,0.25,0.06263240622744753
sub-074,OTC,whole,house,0.5,0.06039899988884066
sub-074,OTC,whole,house,0.75,0.04570865209414851
sub-074,OTC,whole,house,1.0,0.04668371718242198
sub-074,OTC,whole,house,1.25,0.05220200493995652
sub-074,OTC,whole,house,1.5,0.052615903491999495
sub-074,OTC,whole,house,1.75,0.06101657870259308
sub-074,OTC,whole,house,2.0,0.05458649094863716
sub-074,OTC,whole,house,2.25,0.04510412350037932
sub-074,OTC,whole,house,2.5,0.026487026184981576
sub-074,OTC,whole,house,2.75,0.009984177827203648
sub-074,OTC,whole,house,3.0,0.02188611942915821
sub-074,OTC,whole,house,3.25,0.0728012470273696
sub-074,OTC,whole,house,3.5,0.12958639026590826
sub-074,OTC,whole,house,3.75,0.14270917381497195
sub-074,OTC,whole,house,4.0,0.1903041094234198
sub-074,OTC,whole,house,4.25,0.27173086464279683
sub-074,OTC,whole,house,4.5,0.41586009531348245
sub-074,OTC,whole,house,4.75,0.5778163535310133
sub-074,OTC,whole,house,5.0,0.6875831850854811
sub-074,OTC,lateral,house,0.25,0.06926673755544721
sub-074,OTC,lateral,house,0.5,0.05954402054256787
sub-074,OTC,lateral,house,0.75,0.03683117297670524
sub-074,OTC,lateral,house,1.0,0.030295221794307867
sub-074,OTC,lateral,house,1.25,0.03081123626136531
sub-074,OTC,lateral,house,1.5,0.02001842704424775
sub-074,OTC,lateral,house,1.75,0.017126706241626165
sub-074,OTC,lateral,house,2.0,0.008831717722066987
sub-074,OTC,lateral,house,2.25,0.009068229476561157
sub-074,OTC,lateral,house,2.5,-0.028139253786543438
sub-074,OTC,lateral,house,2.75,-0.06207402628574082
sub-074,OTC,lateral,house,3.0,-0.09300621088357619
sub-074,OTC,lateral,house,3.25,-0.03970639427554292
sub-074,OTC,lateral,house,3.5,0.03230483398021825
sub-074,OTC,lateral,house,3.75,0.062017569081054484
sub-074,OTC,lateral,house,4.0,0.03562777846846513
sub-074,OTC,lateral,house,4.25,0.13005666799603793
sub-074,OTC,lateral,house,4.5,0.360637725470812
sub-074,OTC,lateral,house,4.75,0.7760939633915342
sub-074,OTC,lateral,house,5.0,0.9645826765826765
sub-074,OTC,medial,house,0.25,0.041912636427608244
sub-074,OTC,medial,house,0.5,0.07463236243624934
sub-074,OTC,medial,house,0.75,0.05927888972673412
sub-074,OTC,medial,house,1.0,0.09134146416695738
sub-074,OTC,medial,house,1.25,0.11627618718281679
sub-074,OTC,medial,house,1.5,0.13189769413417618
sub-074,OTC,medial,house,1.75,0.15352745533693288
sub-074,OTC,medial,house,2.0,0.14214129565942174
sub-074,OTC,medial,house,2.25,0.11250895138270402
sub-074,OTC,medial,house,2.5,0.11748121704155785
sub-074,OTC,medial,house,2.75,0.11539266824636285
sub-074,OTC,medial,house,3.0,0.16295907576768653
sub-074,OTC,medial,house,3.25,0.24344403091356656
sub-074,OTC,medial,house,3.5,0.22084625842462327
sub-074,OTC,medial,house,3.75,0.21275570544972425
sub-074,OTC,medial,house,4.0,0.3222491030648546
sub-074,OTC,medial,house,4.25,0.38749012775050506
sub-074,OTC,medial,house,4.5,0.4079514390937861
sub-074,OTC,medial,house,4.75,0.4823769334559834
sub-074,OTC,medial,house,5.0,0.5921394644713763
sub-074,OTC,whole,object,0.25,0.06613814582630159
sub-074,OTC,whole,object,0.5,0.08040463335271589
sub-074,OTC,whole,object,0.75,0.09640424297738777
sub-074,OTC,whole,object,1.0,0.12851854746213878
sub-074,OTC,whole,object,1.25,0.14760071089476276
sub-074,OTC,whole,object,1.5,0.19186832305562496
sub-074,OTC,whole,object,1.75,0.2170064242832697
sub-074,OTC,whole,object,2.0,0.26702099330478285
sub-074,OTC,whole,object,2.25,0.28958148571215525
sub-074,OTC,whole,object,2.5,0.3659971604234512
sub-074,OTC,whole,object,2.75,0.4452790707432483
sub-074,OTC,whole,object,3.0,0.5090713129423406
sub-074,OTC,whole,object,3.25,0.5948784518244107
sub-074,OTC,whole,object,3.5,0.6992720524149972
sub-074,OTC,whole,object,3.75,0.7598308610995865
sub-074,OTC,whole,object,4.0,0.8135990776689879
sub-074,OTC,whole,object,4.25,0.8512237295491666
sub-074,OTC,whole,object,4.5,0.9042048180753163
sub-074,OTC,whole,object,4.75,0.9657898852071188
sub-074,OTC,whole,object,5.0,0.9699202785261355
sub-074,OTC,lateral,object,0.25,0.18707341133612318
sub-074,OTC,lateral,object,0.5,0.21198474933753933
sub-074,OTC,lateral,object,0.75,0.23477138974255776
sub-074,OTC,lateral,object,1.0,0.26668951123472995
sub-074,OTC,lateral,object,1.25,0.28879028034022347
sub-074,OTC,lateral,object,1.5,0.317719502789187
sub-074,OTC,lateral,object,1.75,0.3258157929053943
sub-074,OTC,lateral,object,2.0,0.3536352195745994
sub-074,OTC,lateral,object,2.25,0.3801170476656682
sub-074,OTC,lateral,object,2.5,0.4407319093267361
sub-074,OTC,lateral,object,2.75,0.5071926498199124
sub-074,OTC,lateral,object,3.0,0.5565389186374929
sub-074,OTC,lateral,object,3.25,0.6260064113708625
sub-074,OTC,lateral,object,3.5,0.7174129625047436
sub-074,OTC,lateral,object,3.75,0.7605131928640083
sub-074,OTC,lateral,object,4.0,0.8013980302622322
sub-074,OTC,lateral,object,4.25,0.8373882912755146
sub-074,OTC,lateral,object,4.5,0.8974964307755605
sub-074,OTC,lateral,object,4.75,0.9552000312568925
sub-074,OTC,lateral,object,5.0,0.9714466337120798
sub-074,OTC,medial,object,0.25,-0.1705677168196907
sub-074,OTC,medial,object,0.5,-0.18651488929840127
sub-074,OTC,medial,object,0.75,-0.20578231164328614
sub-074,OTC,medial,object,1.0,-0.227938947443204
sub-074,OTC,medial,object,1.25,-0.21613874649300832
sub-074,OTC,medial,object,1.5,-0.18287678381341696
sub-074,OTC,medial,object,1.75,-0.15474172566955374
sub-074,OTC,medial,object,2.0,-0.10093483764545898
sub-074,OTC,medial,object,2.25,-0.10692069577098436
sub-074,OTC,medial,object,2.5,0.006051172510258402
sub-074,OTC,medial,object,2.75,0.1174053332882454
sub-074,OTC,medial,object,3.0,0.1710811644620359
sub-074,OTC,medial,object,3.25,0.2772863800114574
sub-074,OTC,medial,object,3.5,0.48490143165503874
sub-074,OTC,medial,object,3.75,0.825970251970252
sub-074,OTC,medial,object,4.0,1.0
sub-074,OTC,medial,object,4.25,1.0
sub-074,OTC,medial,object,4.5,1.0
sub-074,OTC,whole,word,0.25,-0.03672197093003821
sub-074,OTC,whole,word,0.5,-0.08966601119640513
sub-074,OTC,whole,word,0.75,-0.1500076633578212
sub-074,OTC,whole,word,1.0,-0.19954445109407132
sub-074,OTC,whole,word,1.25,-0.2465898055625425
sub-074,OTC,whole,word,1.5,-0.2758802175443802
sub-074,OTC,whole,word,1.75,-0.27617728982293244
sub-074,OTC,whole,word,2.0,-0.30721024665013236
sub-074,OTC,whole,word,2.25,-0.2641735147931652
sub-074,OTC,whole,word,2.5,-0.19952507515932122
sub-074,OTC,whole,word,2.75,-0.14321234855524942
sub-074,OTC,whole,word,3.0,-0.4222417539725231
sub-074,OTC,whole,word,3.25,-0.7065315315315315
sub-074,OTC,lateral,word,0.25,0.03110386227681228
sub-074,OTC,lateral,word,0.5,-0.04604023467184689
sub-074,OTC,lateral,word,0.75,-0.15754687992215438
sub-074,OTC,lateral,word,1.0,-0.25002396382275666
sub-074,OTC,lateral,word,1.25,-0.372407893151632
sub-074,OTC,lateral,word,1.5,-0.4891291568644573
sub-074,OTC,lateral,word,1.75,-0.6324540646653745
sub-074,OTC,lateral,word,2.0,-1.0
sub-074,OTC,medial,word,0.25,-0.13622320750165892
sub-074,OTC,medial,word,0.5,-0.13384328707375093
sub-074,OTC,medial,word,0.75,-0.15162842492055853
sub-074,OTC,medial,word,1.0,-0.14826481516430914
sub-074,OTC,medial,word,1.25,-0.17103190719622155
sub-074,OTC,medial,word,1.5,-0.17223373875731812
sub-074,OTC,medial,word,1.75,-0.1836369832924603
sub-074,OTC,medial,word,2.0,-0.20318874784402777
sub-074,OTC,medial,word,2.25,-0.19864913614706597
sub-074,OTC,medial,word,2.5,-0.22127518368072166
sub-074,OTC,medial,word,2.75,-0.20624786265753453
sub-074,OTC,medial,word,3.0,-0.3995848206374522
sub-074,OTC,medial,word,3.25,-0.3366591080876795
sub-075,OTC,whole,face,0.25,-0.03405317494486823
sub-075,OTC,whole,face,0.5,-0.028267900051461608
sub-075,OTC,whole,face,0.75,-0.014056424828021455
sub-075,OTC,whole,face,1.0,0.0035362072476337342
sub-075,OTC,whole,face,1.25,0.008383699318295846
sub-075,OTC,whole,face,1.5,0.009651945744648432
sub-075,OTC,whole,face,1.75,0.00698244569636184
sub-075,OTC,whole,face,2.0,0.014961620541945433
sub-075,OTC,whole,face,2.25,-0.007205873627625787
sub-075,OTC,whole,face,2.5,-0.006691838420675564
sub-075,OTC,whole,face,2.75,-0.03978891958757037
sub-075,OTC,whole,face,3.0,-0.14410662823045198
sub-075,OTC,whole,face,3.25,-0.2958819211993831
sub-075,OTC,whole,face,3.5,-0.42800462649095655
sub-075,OTC,whole,face,3.75,-0.4547342095332472
sub-075,OTC,whole,face,4.0,-0.508656867417721
sub-075,OTC,whole,face,4.25,-0.45900729625661263
sub-075,OTC,whole,face,4.5,-0.5055396303624566
sub-075,OTC,whole,face,4.75,-0.462963215258803
sub-075,OTC,whole,face,5.0,-0.37243540617678533
sub-075,OTC,lateral,face,0.25,-0.04608413710425006
sub-075,OTC,lateral,face,0.5,-0.020816989812023286
sub-075,OTC,lateral,face,0.75,0.012245831820773356
sub-075,OTC,lateral,face,1.0,0.0461624316115536
sub-075,OTC,lateral,face,1.25,0.06676283742405369
sub-075,OTC,lateral,face,1.5,0.06184814446811273
sub-075,OTC,lateral,face,1.75,0.05952189970755593
sub-075,OTC,lateral,face,2.0,0.027842133300150385
sub-075,OTC,lateral,face,2.25,-0.029106266010086857
sub-075,OTC,lateral,face,2.5,-0.07033835059315251
sub-075,OTC,lateral,face,2.75,-0.10371000382256135
sub-075,OTC,lateral,face,3.0,-0.2576474164339095
sub-075,OTC,lateral,face,3.25,-0.4341501055753396
sub-075,OTC,lateral,face,3.5,-0.5634914357803616
sub-075,OTC,lateral,face,3.75,-0.5583485525543065
sub-075,OTC,lateral,face,4.0,-0.5539995873867658
sub-075,OTC,lateral,face,4.25,-0.48551978174564847
sub-075,OTC,lateral,face,4.5,-0.5082226662747757
sub-075,OTC,lateral,face,4.75,-0.4851234531640009
sub-075,OTC,lateral,face,5.0,-0.3751089200130057
sub-075,OTC,medial,face,0.25,-0.01184046912465287
sub-075,OTC,medial,face,0.5,-0.037504333723450335
sub-075,OTC,medial,face,0.75,-0.06311422923983775
sub-075,OTC,medial,face,1.0,-0.0857731658465194
sub-075,OTC,medial,face,1.25,-0.11527248475661139
sub-075,OTC,medial,face,1.5,-0.11555073431291785
sub-075,OTC,medial,face,1.75,-0.10224094232043451
sub-075,OTC,medial,face,2.0,-0.016522604400941384
sub-075,OTC,medial,face,2.25,0.10862688519475715
sub-075,OTC,medial,face,2.5,0.32763627370645987
sub-075,OTC,medial,face,2.75,0.5064017077464793
sub-075,OTC,medial,face,3.0,0.7594023832322868
sub-075,OTC,medial,face,3.25,1.0
sub-075,OTC,medial,face,3.5,1.0
sub-075,OTC,medial,face,3.75,1.0
sub-075,OTC,whole,house,0.25,0.054324584034291995
sub-075,OTC,whole,house,0.5,0.05744352485818215
sub-075,OTC,whole,house,0.75,0.05683490925190579
sub-075,OTC,whole,house,1.0,0.05185189985502002
sub-075,OTC,whole,house,1.25,0.05399571735598065
sub-075,OTC,whole,house,1.5,0.05234331539086776
sub-075,OTC,whole,house,1.75,0.04787031276937823
sub-075,OTC,whole,house,2.0,0.05248722461144255
sub-075,OTC,whole,house,2.25,0.06321551373151837
sub-075,OTC,whole,house,2.5,0.07572358349976402
sub-075,OTC,whole,house,2.75,0.08754638381131004
sub-075,OTC,whole,house,3.0,0.10234195765360063
sub-075,OTC,whole,house,3.25,0.10404353291489747
sub-075,OTC,whole,house,3.5,0.0748338907598798
sub-075,OTC,whole,house,3.75,-0.024557037504401188
sub-075,OTC,whole,house,4.0,-0.2710191245568298
sub-075,OTC,whole,house,4.25,-0.4648151570175604
sub-075,OTC,whole,house,4.5,-0.5736318447596281
sub-075,OTC,whole,house,4.75,-0.7524928696174827
sub-075,OTC,whole,house,5.0,-0.9227737269945061
sub-075,OTC,lateral,house,0.25,0.07255495151039201
sub-075,OTC,lateral,house,0.5,0.07046571005980119
sub-075,OTC,lateral,house,0.75,0.08280740575594335
sub-075,OTC,lateral,house,1.0,0.06896704438220272
sub-075,OTC,lateral,house,1.25,0.06955491399849928
sub-075,OTC,lateral,house,1.5,0.06944700653118302
sub-075,OTC,lateral,house,1.75,0.07004181453836186
sub-075,OTC,lateral,house,2.0,0.07636343917287021
sub-075,OTC,lateral,house,2.25,0.08965448882524367
sub-075,OTC,lateral,house,2.5,0.10241073065516446
sub-075,OTC,lateral,house,2.75,0.12082449061444231
sub-075,OTC,lateral,house,3.0,0.15338938223049378
sub-075,OTC,lateral,house,3.25,0.14452814065969555
sub-075,OTC,lateral,house,3.5,0.1543521045861372
sub-075,OTC,lateral,house,3.75,0.05325296781724618
sub-075,OTC,lateral,house,4.0,-0.08111002926463223
sub-075,OTC,lateral,house,4.25,-0.28995693122785476
sub-075,OTC,lateral,house,4.5,-0.33484516738104037
sub-075,OTC,lateral,house,4.75,-0.6382411705941118
sub-075,OTC,lateral,house,5.0,-0.8607038429406851
sub-075,OTC,medial,house,0.25,0.0202487132213412
sub-075,OTC,medial,house,0.5,0.019812398528888213
sub-075,OTC,medial,house,0.75,0.0017983545633646952
sub-075,OTC,medial,house,1.0,-0.019249156290129122
sub-075,OTC,medial,house,1.25,-0.006645371769542706
sub-075,OTC,medial,house,1.5,-0.02022438209925975
sub-075,OTC,medial,house,1.75,-0.03818653819433784
sub-075,OTC,medial,house,2.0,-0.031069921788808824
sub-075,OTC,medial,house,2.25,-0.01794627322546287
sub-075,OTC,medial,house,2.5,-0.01612689163974573
sub-075,OTC,medial,house,2.75,-0.00027210868154206136
sub-075,OTC,medial,house,3.0,-0.013475163845216336
sub-075,OTC,medial,house,3.25,-0.01594441313363888
sub-075,OTC,medial,house,3.5,-0.0655820994872329
sub-075,OTC,medial,house,3.75,-0.24924628527685427
sub-075,OTC,medial,house,4.0,-0.57754226453614
sub-075,OTC,medial,house,4.25,-0.8871581140737484
sub-075,OTC,medial,house,4.5,-1.0
sub-075,OTC,medial,house,4.75,-1.0
sub-075,OTC,medial,house,5.0,-1.0
sub-075,OTC,whole,object,0.25,0.12124868411453014
sub-075,OTC,whole,object,0.5,0.13196455402763224
sub-075,OTC,whole,object,0.75,0.13779488342942145
sub-075,OTC,whole,object,1.0,0.1260972481939839
sub-075,OTC,whole,object,1.25,0.13234589565425792
sub-075,OTC,whole,object,1.5,0.11326859367162437
sub-075,OTC,whole,object,1.75,0.1011155274853564
sub-075,OTC,whole,object,2.0,0.08381459012346944
sub-075,OTC,whole,object,2.25,0.07483326109207154
sub-075,OTC,whole,object,2.5,0.08007503561183435
sub-075,OTC,whole,object,2.75,0.07107282239071043
sub-075,OTC,whole,object,3.0,0.07579937433829201
sub-075,OTC,whole,object,3.25,0.085466745926549
sub-075,OTC,whole,object,3.5,0.09527373392090262
sub-075,OTC,whole,object,3.75,0.09261636251525954
sub-075,OTC,whole,object,4.0,0.11014937753420409
sub-075,OTC,whole,object,4.25,0.08042842680196846
sub-075,OTC,whole,object,4.5,0.09643410692376196
sub-075,OTC,whole,object,4.75,0.06613279151359987
sub-075,OTC,whole,object,5.0,0.04000608532181612
sub-075,OTC,lateral,object,0.25,0.13564271912261472
sub-075,OTC,lateral,object,0.5,0.14574055023283938
sub-075,OTC,lateral,object,0.75,0.15505075935226484
sub-075,OTC,lateral,object,1.0,0.14868351647696304
sub-075,OTC,lateral,object,1.25,0.13778309205743405
sub-075,OTC,lateral,object,1.5,0.12400425072143487
sub-075,OTC,lateral,object,1.75,0.12149863060461107
sub-075,OTC,lateral,object,2.0,0.11172768574982701
sub-075,OTC,lateral,object,2.25,0.1043007999202315
sub-075,OTC,lateral,object,2.5,0.09286518210364308
sub-075,OTC,lateral,object,2.75,0.08576128323863776
sub-075,OTC,lateral,object,3.0,0.09381480601973889
sub-075,OTC,lateral,object,3.25,0.11192629074387377
sub-075,OTC,lateral,object,3.5,0.1424558567105972
sub-075,OTC,lateral,object,3.75,0.18298450894237867
sub-075,OTC,lateral,object,4.0,0.2141929003858767
sub-075,OTC,lateral,object,4.25,0.216819734263288
sub-075,OTC,lateral,object,4.5,0.21530108701572268
sub-075,OTC,lateral,object,4.75,0.2248626433459709
sub-075,OTC,lateral,object,5.0,0.17214261258301045
sub-075,OTC,medial,object,0.25,0.09713956242552407
sub-075,OTC,medial,object,0.5,0.10877970202664791
sub-075,OTC,medial,object,0.75,0.11143303170098942
sub-075,OTC,medial,object,1.0,0.11293948394476037
sub-075,OTC,medial,object,1.25,0.09355559119962989
sub-075,OTC,medial,object,1.5,0.07247896483964164
sub-075,OTC,medial,object,1.75,0.028863371856093133
sub-075,OTC,medial,object,2.0,-0.001268157684261676
sub-075,OTC,medial,object,2.25,0.0012359836998124167
sub-075,OTC,medial,object,2.5,-0.01659802731232401
sub-075,OTC,medial,object,2.75,-0.032441316527567196
sub-075,OTC,medial,object,3.0,-0.03640362176503134
sub-075,OTC,medial,object,3.25,-0.13107028427790288
sub-075,OTC,medial,object,3.5,-0.24402039729357078
sub-075,OTC,medial,object,3.75,-0.40209563369963097
sub-075,OTC,medial,object,4.0,-0.6016468466330246
sub-075,OTC,medial,object,4.25,-0.6976900255047356
sub-075,OTC,medial,object,4.5,-0.7826714956706756
sub-075,OTC,medial,object,4.75,-0.9243295005647946
sub-075,OTC,medial,object,5.0,-1.0
sub-075,OTC,whole,word,0.25,0.11580908265123288
sub-075,OTC,whole,word,0.5,0.15707897693946968
sub-075,OTC,whole,word,0.75,0.2136581403642433
sub-075,OTC,whole,word,1.0,0.2644730193943881
sub-075,OTC,whole,word,1.25,0.32831601526798065
sub-075,OTC,whole,word,1.5,0.37980194475195767
sub-075,OTC,whole,word,1.75,0.44105338030414104
sub-075,OTC,whole,word,2.0,0.4386816210709441
sub-075,OTC,whole,word,2.25,0.3519413627870553
sub-075,OTC,whole,word,2.5,0.26061783790579157
sub-075,OTC,whole,word,2.75,0.17657864792868394
sub-075,OTC,whole,word,3.0,0.16024757125381142
sub-075,OTC,whole,word,3.25,0.33616037671765214
sub-075,OTC,whole,word,3.5,0.7096190476190477
sub-075,OTC,lateral,word,0.25,0.07891986931942763
sub-075,OTC,lateral,word,0.5,0.10645756408345944
sub-075,OTC,lateral,word,0.75,0.15490789880677303
sub-075,OTC,lateral,word,1.0,0.17208795806495886
sub-075,OTC,lateral,word,1.25,0.17674246581665176
sub-075,OTC,lateral,word,1.5,0.18141539703106896
sub-075,OTC,lateral,word,1.75,0.21087909389616072
sub-075,OTC,lateral,word,2.0,0.22386270774722436
sub-075,OTC,lateral,word,2.25,0.12671709637741382
sub-075,OTC,lateral,word,2.5,0.07836800373757873
sub-075,OTC,lateral,word,2.75,0.004475686463649521
sub-075,OTC,lateral,word,3.0,0.08968771247951399
sub-075,OTC,lateral,word,3.25,0.292012756566817
sub-075,OTC,lateral,word,3.5,0.7167724867724867
sub-075,OTC,medial,word,0.25,0.1780352864240968
sub-075,OTC,medial,word,0.5,0.2382687065923139
sub-075,OTC,medial,word,0.75,0.293952923400264
sub-075,OTC,medial,word,1.0,0.41367227638808407
sub-075,OTC,medial,word,1.25,0.5573275446293388
sub-075,OTC,medial,word,1.5,0.6851357452057093
sub-075,OTC,medial,word,1.75,0.8075598129297684
sub-075,OTC,medial,word,2.0,0.8506893710870039
sub-075,OTC,medial,word,2.25,0.8675922383615827
sub-075,OTC,medial,word,2.5,0.9474378899878011
sub-075,OTC,medial,word,2.75,1.0
sub-075,OTC,medial,word,3.0,1.0
sub-076,OTC,whole,face,0.25,-0.08454689400566179
sub-076,OTC,whole,face,0.5,-0.10034335890104636
sub-076,OTC,whole,face,0.75,-0.1217875549711537
sub-076,OTC,whole,face,1.0,-0.14496500474641896
sub-076,OTC,whole,face,1.25,-0.17382326086984204
sub-076,OTC,whole,face,1.5,-0.20381704630925554
sub-076,OTC,whole,face,1.75,-0.22090460991238486
sub-076,OTC,whole,face,2.0,-0.23711389928431817
sub-076,OTC,whole,face,2.25,-0.24737063811290472
sub-076,OTC,whole,face,2.5,-0.24015693397020793
sub-076,OTC,whole,face,2.75,-0.24469604898066727
sub-076,OTC,whole,face,3.0,-0.2456100192745336
sub-076,OTC,whole,face,3.25,-0.2472287146689081
sub-076,OTC,whole,face,3.5,-0.25549643125811533
sub-076,OTC,whole,face,3.75,-0.2767605461634819
sub-076,OTC,whole,face,4.0,-0.2956226961001452
sub-076,OTC,whole,face,4.25,-0.33409591406272815
sub-076,OTC,whole,face,4.5,-0.3560147488821071
sub-076,OTC,whole,face,4.75,-0.38646616095041625
sub-076,OTC,whole,face,5.0,-0.3773503970510516
sub-076,OTC,lateral,face,0.25,-0.11391281737589573
sub-076,OTC,lateral,face,0.5,-0.13961645702433467
sub-076,OTC,lateral,face,0.75,-0.1616077186835317
sub-076,OTC,lateral,face,1.0,-0.19084730150939422
sub-076,OTC,lateral,face,1.25,-0.22360760940169355
sub-076,OTC,lateral,face,1.5,-0.2525541012453035
sub-076,OTC,lateral,face,1.75,-0.25729974776708453
sub-076,OTC,lateral,face,2.0,-0.27378005453554854
sub-076,OTC,lateral,face,2.25,-0.27849710672743216
sub-076,OTC,lateral,face,2.5,-0.255981757381843
sub-076,OTC,lateral,face,2.75,-0.24889255989693873
sub-076,OTC,lateral,face,3.0,-0.24314719099757304
sub-076,OTC,lateral,face,3.25,-0.23673295550367723
sub-076,OTC,lateral,face,3.5,-0.24925115797957595
sub-076,OTC,lateral,face,3.75,-0.261901388139447
sub-076,OTC,lateral,face,4.0,-0.29118997201424757
sub-076,OTC,lateral,face,4.25,-0.3178301952458802
sub-076,OTC,lateral,face,4.5,-0.34008785454735346
sub-076,OTC,lateral,face,4.75,-0.36730639291485506
sub-076,OTC,lateral,face,5.0,-0.36114260492830935
sub-076,OTC,medial,face,0.25,-0.0011317427381515566
sub-076,OTC,medial,face,0.5,0.0033630439190656214
sub-076,OTC,medial,face,0.75,0.004450659812523846
sub-076,OTC,medial,face,1.0,0.006984366128188761
sub-076,OTC,medial,face,1.25,-0.003998658076640291
sub-076,OTC,medial,face,1.5,-0.03491870575309883
sub-076,OTC,medial,face,1.75,-0.06109751267510108
sub-076,OTC,medial,face,2.0,-0.06502646070505423
sub-076,OTC,medial,face,2.25,-0.10128409489719217
sub-076,OTC,medial,face,2.5,-0.14695460773314706
sub-076,OTC,medial,face,2.75,-0.2218569000862139
sub-076,OTC,medial,face,3.0,-0.26522970932609197
sub-076,OTC,medial,face,3.25,-0.340112602375371
sub-076,OTC,medial,face,3.5,-0.3123573586783809
sub-076,OTC,medial,face,3.75,-0.33382787038034734
sub-076,OTC,medial,face,4.0,-0.34639458764600123
sub-076,OTC,medial,face,4.25,-0.378221787760915
sub-076,OTC,medial,face,4.5,-0.40741059639728594
sub-076,OTC,medial,face,4.75,-0.47600241212680316
sub-076,OTC,medial,face,5.0,-0.46014134385631844
sub-076,OTC,whole,house,0.25,-0.1269178124843916
sub-076,OTC,whole,house,0.5,-0.14867820834272877
sub-076,OTC,whole,house,0.75,-0.1929130823620655
sub-076,OTC,whole,house,1.0,-0.23694212704668324
sub-076,OTC,whole,house,1.25,-0.27307444999484387
sub-076,OTC,whole,house,1.5,-0.2918648618483447
sub-076,OTC,whole,house,1.75,-0.32414226244087485
sub-076,OTC,whole,house,2.0,-0.35376119302845227
sub-076,OTC,whole,house,2.25,-0.4094318467952267
sub-076,OTC,whole,house,2.5,-0.44435586671475247
sub-076,OTC,whole,house,2.75,-0.4650230905512822
sub-076,OTC,whole,house,3.0,-0.5157886759907434
sub-076,OTC,whole,house,3.25,-0.5325117412639023
sub-076,OTC,whole,house,3.5,-0.5281531689904304
sub-076,OTC,whole,house,3.75,-0.5922592003140447
sub-076,OTC,whole,house,4.0,-0.6236142411129798
sub-076,OTC,whole,house,4.25,-0.7096298745321541
sub-076,OTC,whole,house,4.5,-0.7084105061286218
sub-076,OTC,whole,house,4.75,-0.6656844569387791
sub-076,OTC,whole,house,5.0,-0.6998154965838949
sub-076,OTC,lateral,house,0.25,-0.13262810437484246
sub-076,OTC,lateral,house,0.5,-0.16634338933553555
sub-076,OTC,lateral,house,0.75,-0.215436251512941
sub-076,OTC,lateral,house,1.0,-0.2681125666579674
sub-076,OTC,lateral,house,1.25,-0.3147040337723106
sub-076,OTC,lateral,house,1.5,-0.3505941084436325
sub-076,OTC,lateral,house,1.75,-0.3807726072398907
sub-076,OTC,lateral,house,2.0,-0.41584366897788433
sub-076,OTC,lateral,house,2.25,-0.46524595663020507
sub-076,OTC,lateral,house,2.5,-0.47671639621213
sub-076,OTC,lateral,house,2.75,-0.5010286623361381
sub-076,OTC,lateral,house,3.0,-0.5461005813626262
sub-076,OTC,lateral,house,3.25,-0.547298916123043
sub-076,OTC,lateral,house,3.5,-0.5570460167108446
sub-076,OTC,lateral,house,3.75,-0.5974745515126482
sub-076,OTC,lateral,house,4.0,-0.642270487475549
sub-076,OTC,lateral,house,4.25,-0.7047183048459221
sub-076,OTC,lateral,house,4.5,-0.7359835830027656
sub-076,OTC,lateral,house,4.75,-0.7236308791936232
sub-076,OTC,lateral,house,5.0,-0.740950508446562
sub-076,OTC,medial,house,0.25,-0.11474982035554396
sub-076,OTC,medial,house,0.5,-0.10755971970072054
sub-076,OTC,medial,house,0.75,-0.1330624558844285
sub-076,OTC,medial,house,1.0,-0.14375240600822367
sub-076,OTC,medial,house,1.25,-0.1531540875165266
sub-076,OTC,medial,house,1.5,-0.15912767867434022
sub-076,OTC,medial,house,1.75,-0.1952908612054285
sub-076,OTC,medial,house,2.0,-0.203641240233197
sub-076,OTC,medial,house,2.25,-0.24625827163892974
sub-076,OTC,medial,house,2.5,-0.3200050682040876
sub-076,OTC,medial,house,2.75,-0.3785889049170963
sub-076,OTC,medial,house,3.0,-0.464424293600035
sub-076,OTC,medial,house,3.25,-0.44921543184337936
sub-076,OTC,medial,house,3.5,-0.5164812368023044
sub-076,OTC,medial,house,3.75,-0.5504105160594436
sub-076,OTC,medial,house,4.0,-0.5797825087040773
sub-076,OTC,medial,house,4.25,-0.6909245890377967
sub-076,OTC,medial,house,4.5,-0.7854478114478115
sub-076,OTC,medial,house,4.75,-0.4836190476190476
sub-076,OTC,medial,house,5.0,-0.5063291139240508
sub-076,OTC,whole,object,0.25,0.003168981466964797
sub-076,OTC,whole,object,0.5,-0.017188392214298267
sub-076,OTC,whole,object,0.75,-0.0319665629553057
sub-076,OTC,whole,object,1.0,-0.04472043003232233
sub-076,OTC,whole,object,1.25,-0.056809923600044554
sub-076,OTC,whole,object,1.5,-0.054083076512017145
sub-076,OTC,whole,object,1.75,-0.05340229826480259
sub-076,OTC,whole,object,2.0,-0.0536292781842149
sub-076,OTC,whole,object,2.25,-0.027720177646852594
sub-076,OTC,whole,object,2.5,-0.02153748762614497
sub-076,OTC,whole,object,2.75,-0.0007818142896908622
sub-076,OTC,whole,object,3.0,-0.008335414589607565
sub-076,OTC,whole,object,3.25,0.010810872686548354
sub-076,OTC,whole,object,3.5,0.04590695450048874
sub-076,OTC,whole,object,3.75,0.065247148506246
sub-076,OTC,whole,object,4.0,0.22647883942195574
sub-076,OTC,whole,object,4.25,0.39748227683050036
sub-076,OTC,whole,object,4.5,0.5363619848048914
sub-076,OTC,whole,object,4.75,0.8477206397938105
sub-076,OTC,whole,object,5.0,1.0
sub-076,OTC,lateral,object,0.25,-0.018132922623741027
sub-076,OTC,lateral,object,0.5,-0.029666277538606903
sub-076,OTC,lateral,object,0.75,-0.053505599666493764
sub-076,OTC,lateral,object,1.0,-0.06883929953608271
sub-076,OTC,lateral,object,1.25,-0.08988566966343044
sub-076,OTC,lateral,object,1.5,-0.10246588387135976
sub-076,OTC,lateral,object,1.75,-0.11119769890365212
sub-076,OTC,lateral,object,2.0,-0.10615491974079444
sub-076,OTC,lateral,object,2.25,-0.08587719838286623
sub-076,OTC,lateral,object,2.5,-0.09397694745693597
sub-076,OTC,lateral,object,2.75,-0.09241003226194731
sub-076,OTC,lateral,object,3.0,-0.1193358426677742
sub-076,OTC,lateral,object,3.25,-0.08277975260814785
sub-076,OTC,lateral,object,3.5,-0.07449485158679744
sub-076,OTC,lateral,object,3.75,-0.046778108758714534
sub-076,OTC,lateral,object,4.0,0.09847952363593702
sub-076,OTC,lateral,object,4.25,0.27247024854089374
sub-076,OTC,lateral,object,4.5,0.3822642499113087
sub-076,OTC,lateral,object,4.75,0.9537215787215789
sub-076,OTC,medial,object,0.25,0.05232790997139183
sub-076,OTC,medial,object,0.5,0.02424973628496319
sub-076,OTC,medial,object,0.75,0.04003602678140674
sub-076,OTC,medial,object,1.0,0.022089684932713086
sub-076,OTC,medial,object,1.25,0.03626629645614238
sub-076,OTC,medial,object,1.5,0.09235356431721345
sub-076,OTC,medial,object,1.75,0.13696340044876051
sub-076,OTC,medial,object,2.0,0.16947775116542815
sub-076,OTC,medial,object,2.25,0.2093692180899542
sub-076,OTC,medial,object,2.5,0.25134904643109734
sub-076,OTC,medial,object,2.75,0.37005884951328893
sub-076,OTC,medial,object,3.0,0.4229870135830257
sub-076,OTC,medial,object,3.25,0.5314699436348225
sub-076,OTC,medial,object,3.5,0.7133414270693981
sub-076,OTC,medial,object,3.75,0.816266449599783
sub-076,OTC,medial,object,4.0,1.0
sub-076,OTC,medial,object,4.25,0.9887445887445886
sub-076,OTC,medial,object,4.5,0.9757727652464495
sub-076,OTC,medial,object,4.75,0.9684684684684683
sub-076,OTC,whole,word,0.25,0.19049698579990018
sub-076,OTC,whole,word,0.5,0.21146216343510413
sub-076,OTC,whole,word,0.75,0.22826118981173601
sub-076,OTC,whole,word,1.0,0.24282801797922168
sub-076,OTC,whole,word,1.25,0.2485161466921589
sub-076,OTC,whole,word,1.5,0.2681526110812009
sub-076,OTC,whole,word,1.75,0.278550216192129
sub-076,OTC,whole,word,2.0,0.2996854087555707
sub-076,OTC,whole,word,2.25,0.3247379594792597
sub-076,OTC,whole,word,2.5,0.3958780391533483
sub-076,OTC,whole,word,2.75,0.45198533999602897
sub-076,OTC,whole,word,3.0,0.47727183154552505
sub-076,OTC,whole,word,3.25,0.46337532837749207
sub-076,OTC,whole,word,3.5,0.3225751483905613
sub-076,OTC,whole,word,3.75,0.062128156560547904
sub-076,OTC,whole,word,4.0,-0.3687020003057738
sub-076,OTC,whole,word,4.25,-1.0
sub-076,OTC,lateral,word,0.25,0.21791688131123257
sub-076,OTC,lateral,word,0.5,0.2447042248249587
sub-076,OTC,lateral,word,0.75,0.27007900742258406
sub-076,OTC,lateral,word,1.0,0.2887188022001709
sub-076,OTC,lateral,word,1.25,0.3145582411786778
sub-076,OTC,lateral,word,1.5,0.31877282634302867
sub-076,OTC,lateral,word,1.75,0.34103019466087775
sub-076,OTC,lateral,word,2.0,0.35920448672219635
sub-076,OTC,lateral,word,2.25,0.39705980941835795
sub-076,OTC,lateral,word,2.5,0.4946496942536742
sub-076,OTC,lateral,word,2.75,0.562789480548538
sub-076,OTC,lateral,word,3.0,0.5805533814116225
sub-076,OTC,lateral,word,3.25,0.5384692649630226
sub-076,OTC,lateral,word,3.5,0.29601993976617946
sub-076,OTC,lateral,word,3.75,-0.051660977623354795
sub-076,OTC,lateral,word,4.0,-0.40574354937991297
sub-076,OTC,lateral,word,4.25,-1.0
sub-076,OTC,medial,word,0.25,0.13220952364663885
sub-076,OTC,medial,word,0.5,0.14552735519857826
sub-076,OTC,medial,word,0.75,0.1365478078601636
sub-076,OTC,medial,word,1.0,0.1335842362986935
sub-076,OTC,medial,word,1.25,0.10681245558114214
sub-076,OTC,medial,word,1.5,0.11694064715604538
sub-076,OTC,medial,word,1.75,0.09764472241869102
sub-076,OTC,medial,word,2.0,0.05301776394603447
sub-076,OTC,medial,word,2.25,0.010761295552176657
sub-076,OTC,medial,word,2.5,-0.05758136431347705
sub-076,OTC,medial,word,2.75,-0.10301372120266547
sub-076,OTC,medial,word,3.0,-0.09192556329711048
sub-076,OTC,medial,word,3.25,-0.04756740691614641
sub-076,OTC,medial,word,3.5,0.3311111111111111
sub-077,OTC,whole,face,0.25,0.041810390544003144
sub-077,OTC,whole,face,0.5,0.19211061710659572
sub-077,OTC,whole,face,0.75,0.33167844614218067
sub-077,OTC,whole,face,1.0,0.48728751275395743
sub-077,OTC,whole,face,1.25,0.6642369224025901
sub-077,OTC,whole,face,1.5,0.7778400313351602
sub-077,OTC,whole,face,1.75,0.8541890276658641
sub-077,OTC,whole,face,2.0,0.9077296155110104
sub-077,OTC,whole,face,2.25,0.9277307045953067
sub-077,OTC,whole,face,2.5,0.9643082803776821
sub-077,OTC,whole,face,2.75,0.9792268631491526
sub-077,OTC,whole,face,3.0,0.9996688522891949
sub-077,OTC,whole,face,3.25,1.0
sub-077,OTC,whole,face,3.5,1.0
sub-077,OTC,whole,face,3.75,1.0
sub-077,OTC,whole,face,4.0,1.0
sub-077,OTC,whole,face,4.25,1.0
sub-077,OTC,whole,face,4.5,1.0
sub-077,OTC,whole,face,4.75,1.0
sub-077,OTC,whole,face,5.0,1.0
sub-077,OTC,lateral,face,0.25,0.11495598740850511
sub-077,OTC,lateral,face,0.5,0.297752494942281
sub-077,OTC,lateral,face,0.75,0.44574611228546707
sub-077,OTC,lateral,face,1.0,0.6387860862148532
sub-077,OTC,lateral,face,1.25,0.8163929056135788
sub-077,OTC,lateral,face,1.5,0.9141221281006727
sub-077,OTC,lateral,face,1.75,0.9658931243486504
sub-077,OTC,lateral,face,2.0,0.9949436790089644
sub-077,OTC,lateral,face,2.25,1.0
sub-077,OTC,lateral,face,2.5,1.0
sub-077,OTC,lateral,face,2.75,1.0
sub-077,OTC,lateral,face,3.0,1.0
sub-077,OTC,lateral,face,3.25,1.0
sub-077,OTC,lateral,face,3.5,1.0
sub-077,OTC,lateral,face,3.75,1.0
sub-077,OTC,lateral,face,4.0,1.0
sub-077,OTC,lateral,face,4.25,1.0
sub-077,OTC,lateral,face,4.5,1.0
sub-077,OTC,lateral,face,4.75,1.0
sub-077,OTC,lateral,face,5.0,1.0
sub-077,OTC,medial,face,0.25,-0.05246427089303699
sub-077,OTC,medial,face,0.5,0.06090423796941589
sub-077,OTC,medial,face,0.75,0.16907815733586962
sub-077,OTC,medial,face,1.0,0.30056418480655384
sub-077,OTC,medial,face,1.25,0.4750678408564026
sub-077,OTC,medial,face,1.5,0.5882137319071863
sub-077,OTC,medial,face,1.75,0.6909762273392133
sub-077,OTC,medial,face,2.0,0.787930515607104
sub-077,OTC,medial,face,2.25,0.8325833307152618
sub-077,OTC,medial,face,2.5,0.9035388040808275
sub-077,OTC,medial,face,2.75,0.9481715861775755
sub-077,OTC,medial,face,3.0,1.0
sub-077,OTC,medial,face,3.25,1.0
sub-077,OTC,medial,face,3.5,1.0
sub-077,OTC,medial,face,3.75,1.0
sub-077,OTC,medial,face,4.0,1.0
sub-077,OTC,medial,face,4.25,1.0
sub-077,OTC,medial,face,4.5,1.0
sub-077,OTC,medial,face,4.75,1.0
sub-077,OTC,medial,face,5.0,1.0
sub-077,OTC,whole,house,0.25,0.006133123960308381
sub-077,OTC,whole,house,0.5,0.09846023077346311
sub-077,OTC,whole,house,0.75,0.21637365736940894
sub-077,OTC,whole,house,1.0,0.3694233892401566
sub-077,OTC,whole,house,1.25,0.529431629746881
sub-077,OTC,whole,house,1.5,0.6604977267059019
sub-077,OTC,whole,house,1.75,0.7792001776635662
sub-077,OTC,whole,house,2.0,0.8680447452372646
sub-077,OTC,whole,house,2.25,0.9276750142206568
sub-077,OTC,whole,house,2.5,0.9652967685379891
sub-077,OTC,whole,house,2.75,0.9851867973255339
sub-077,OTC,whole,house,3.0,0.9972125637692568
sub-077,OTC,whole,house,3.25,1.0
sub-077,OTC,whole,house,3.5,1.0
sub-077,OTC,whole,house,3.75,1.0
sub-077,OTC,whole,house,4.0,1.0
sub-077,OTC,whole,house,4.25,1.0
sub-077,OTC,whole,house,4.5,1.0
sub-077,OTC,whole,house,4.75,1.0
sub-077,OTC,whole,house,5.0,1.0
sub-077,OTC,lateral,house,0.25,0.03997662164855851
sub-077,OTC,lateral,house,0.5,0.12959169873092918
sub-077,OTC,lateral,house,0.75,0.23474047565686962
sub-077,OTC,lateral,house,1.0,0.37631243115755325
sub-077,OTC,lateral,house,1.25,0.5187076099093918
sub-077,OTC,lateral,house,1.5,0.6524966217476917
sub-077,OTC,lateral,house,1.75,0.7713656401799789
sub-077,OTC,lateral,house,2.0,0.8498456973371469
sub-077,OTC,lateral,house,2.25,0.9078477355242214
sub-077,OTC,lateral,house,2.5,0.9547744193419494
sub-077,OTC,lateral,house,2.75,0.9833011864554442
sub-077,OTC,lateral,house,3.0,0.9977033777631963
sub-077,OTC,lateral,house,3.25,0.9998017348203223
sub-077,OTC,lateral,house,3.5,1.0
sub-077,OTC,lateral,house,3.75,1.0
sub-077,OTC,lateral,house,4.0,1.0
sub-077,OTC,lateral,house,4.25,1.0
sub-077,OTC,lateral,house,4.5,1.0
sub-077,OTC,lateral,house,4.75,1.0
sub-077,OTC,lateral,house,5.0,1.0
sub-077,OTC,medial,house,0.25,-0.07663762577707667
sub-077,OTC,medial,house,0.5,0.020130830246352163
sub-077,OTC,medial,house,0.75,0.1521920759081326
sub-077,OTC,medial,house,1.0,0.36010570525481095
sub-077,OTC,medial,house,1.25,0.5416222784043626
sub-077,OTC,medial,house,1.5,0.7025756892979516
sub-077,OTC,medial,house,1.75,0.8313550886183966
sub-077,OTC,medial,house,2.0,0.9253353752322986
sub-077,OTC,medial,house,2.25,0.996956528937613
sub-077,OTC,medial,house,2.5,0.9997831978319783
sub-077,OTC,medial,house,2.75,1.0
sub-077,OTC,medial,house,3.0,1.0
sub-077,OTC,medial,house,3.25,1.0
sub-077,OTC,medial,house,3.5,1.0
sub-077,OTC,medial,house,3.75,1.0
sub-077,OTC,medial,house,4.0,1.0
sub-077,OTC,medial,house,4.25,1.0
sub-077,OTC,medial,house,4.5,1.0
sub-077,OTC,medial,house,4.75,1.0
sub-077,OTC,medial,house,5.0,1.0
sub-077,OTC,whole,object,0.25,0.27871780740900565
sub-077,OTC,whole,object,0.5,0.37208269312534964
sub-077,OTC,whole,object,0.75,0.48376159888019793
sub-077,OTC,whole,object,1.0,0.6056974599291235
sub-077,OTC,whole,object,1.25,0.7125885745335601
sub-077,OTC,whole,object,1.5,0.8189340770146794
sub-077,OTC,whole,object,1.75,0.9001414526942122
sub-077,OTC,whole,object,2.0,0.9483927389235882
sub-077,OTC,whole,object,2.25,0.9734757472342238
sub-077,OTC,whole,object,2.5,0.9907447584029437
sub-077,OTC,whole,object,2.75,0.9928278569632538
sub-077,OTC,whole,object,3.0,0.9963985854371358
sub-077,OTC,whole,object,3.25,0.9985320098497595
sub-077,OTC,whole,object,3.5,1.0
sub-077,OTC,whole,object,3.75,1.0
sub-077,OTC,whole,object,4.0,1.0
sub-077,OTC,whole,object,4.25,1.0
sub-077,OTC,whole,object,4.5,1.0
sub-077,OTC,whole,object,4.75,1.0
sub-077,OTC,whole,object,5.0,1.0
sub-077,OTC,lateral,object,0.25,0.334672740923734
sub-077,OTC,lateral,object,0.5,0.4246631759997087
sub-077,OTC,lateral,object,0.75,0.526014056675914
sub-077,OTC,lateral,object,1.0,0.6407082193916628
sub-077,OTC,lateral,object,1.25,0.7408272703282777
sub-077,OTC,lateral,object,1.5,0.830977727388888
sub-077,OTC,lateral,object,1.75,0.907777607576014
sub-077,OTC,lateral,object,2.0,0.9530691347918402
sub-077,OTC,lateral,object,2.25,0.9775852473215547
sub-077,OTC,lateral,object,2.5,0.9933320847840509
sub-077,OTC,lateral,object,2.75,0.9938274688910849
sub-077,OTC,lateral,object,3.0,0.995725064546352
sub-077,OTC,lateral,object,3.25,0.9981154847440428
sub-077,OTC,lateral,object,3.5,0.999824866440617
sub-077,OTC,lateral,object,3.75,1.0
sub-077,OTC,lateral,object,4.0,1.0
sub-077,OTC,lateral,object,4.25,1.0
sub-077,OTC,lateral,object,4.5,1.0
sub-077,OTC,lateral,object,4.75,1.0
sub-077,OTC,lateral,object,5.0,1.0
sub-077,OTC,medial,object,0.25,0.14142774396073807
sub-077,OTC,medial,object,0.5,0.21919931597795422
sub-077,OTC,medial,object,0.75,0.3596725590059427
sub-077,OTC,medial,object,1.0,0.48606823683355294
sub-077,OTC,medial,object,1.25,0.6291302071720385
sub-077,OTC,medial,object,1.5,0.7637917465221669
sub-077,OTC,medial,object,1.75,0.8735471519099692
sub-077,OTC,medial,object,2.0,0.9214680300548566
sub-077,OTC,medial,object,2.25,0.9592004790409426
sub-077,OTC,medial,object,2.5,0.9755095048598871
sub-077,OTC,medial,object,2.75,0.9978393607833934
sub-077,OTC,medial,object,3.0,1.0
sub-077,OTC,medial,object,3.25,1.0
sub-077,OTC,medial,object,3.5,1.0
sub-077,OTC,medial,object,3.75,1.0
sub-077,OTC,medial,object,4.0,1.0
sub-077,OTC,medial,object,4.25,1.0
sub-077,OTC,medial,object,4.5,1.0
sub-077,OTC,medial,object,4.75,1.0
sub-077,OTC,medial,object,5.0,1.0
sub-077,OTC,whole,word,0.25,0.19523429679885992
sub-077,OTC,whole,word,0.5,0.24838902701546883
sub-077,OTC,whole,word,0.75,0.3043811159389325
sub-077,OTC,whole,word,1.0,0.3733286462656213
sub-077,OTC,whole,word,1.25,0.46034265345158754
sub-077,OTC,whole,word,1.5,0.5490329214292701
sub-077,OTC,whole,word,1.75,0.6631059720706776
sub-077,OTC,whole,word,2.0,0.7762663541571374
sub-077,OTC,whole,word,2.25,0.8481338471272943
sub-077,OTC,whole,word,2.5,0.8970752574524586
sub-077,OTC,whole,word,2.75,0.9350285450858901
sub-077,OTC,whole,word,3.0,0.9624037288035243
sub-077,OTC,whole,word,3.25,0.9742167723660581
sub-077,OTC,whole,word,3.5,0.9838473932492949
sub-077,OTC,whole,word,3.75,0.9879012486570303
sub-077,OTC,whole,word,4.0,0.9874630796411535
sub-077,OTC,whole,word,4.25,0.9876628308813834
sub-077,OTC,whole,word,4.5,0.9960023033356622
sub-077,OTC,whole,word,4.75,0.9965191597392706
sub-077,OTC,whole,word,5.0,0.9994208350370269
sub-077,OTC,lateral,word,0.25,0.25694372568545626
sub-077,OTC,lateral,word,0.5,0.31974981654352247
sub-077,OTC,lateral,word,0.75,0.3686272322221852
sub-077,OTC,lateral,word,1.0,0.44180202781812866
sub-077,OTC,lateral,word,1.25,0.5251329863773626
sub-077,OTC,lateral,word,1.5,0.6079402569405371
sub-077,OTC,lateral,word,1.75,0.709460284593511
sub-077,OTC,lateral,word,2.0,0.8210523633003306
sub-077,OTC,lateral,word,2.25,0.8703628604669656
sub-077,OTC,lateral,word,2.5,0.9095996055695111
sub-077,OTC,lateral,word,2.75,0.9354297784484231
sub-077,OTC,lateral,word,3.0,0.9524017970717845
sub-077,OTC,lateral,word,3.25,0.96337823401426
sub-077,OTC,lateral,word,3.5,0.9723674189353113
sub-077,OTC,lateral,word,3.75,0.9812463555597818
sub-077,OTC,lateral,word,4.0,0.9884910133580557
sub-077,OTC,lateral,word,4.25,0.9776711157583565
sub-077,OTC,lateral,word,4.5,0.9862478540964265
sub-077,OTC,lateral,word,4.75,0.9963294121585191
sub-077,OTC,lateral,word,5.0,0.9972451569142629
sub-077,OTC,medial,word,0.25,0.09436878705902878
sub-077,OTC,medial,word,0.5,0.14024002288857415
sub-077,OTC,medial,word,0.75,0.1999948457661778
sub-077,OTC,medial,word,1.0,0.2769471217270835
sub-077,OTC,medial,word,1.25,0.3642428841966259
sub-077,OTC,medial,word,1.5,0.4622764638176362
sub-077,OTC,medial,word,1.75,0.5904217090323659
sub-077,OTC,medial,word,2.0,0.7099922900173274
sub-077,OTC,medial,word,2.25,0.8131688679163611
sub-077,OTC,medial,word,2.5,0.8748810558730533
sub-077,OTC,medial,word,2.75,0.9345364809856893
sub-077,OTC,medial,word,3.0,0.9762611161748483
sub-077,OTC,medial,word,3.25,0.991065402861731
sub-077,OTC,medial,word,3.5,0.9972018144761968
sub-077,OTC,medial,word,3.75,1.0
sub-077,OTC,medial,word,4.0,1.0
sub-077,OTC,medial,word,4.25,0.9991137668137519
sub-077,OTC,medial,word,4.5,1.0
sub-077,OTC,medial,word,4.75,1.0
sub-077,OTC,medial,word,5.0,1.0
sub-078,OTC,whole,face,0.25,-0.1983605419616659
sub-078,OTC,whole,face,0.5,-0.21772867830024342
sub-078,OTC,whole,face,0.75,-0.23544371120745855
sub-078,OTC,whole,face,1.0,-0.25431713328297767
sub-078,OTC,whole,face,1.25,-0.2767426454677239
sub-078,OTC,whole,face,1.5,-0.2840755156901297
sub-078,OTC,whole,face,1.75,-0.29382882752928624
sub-078,OTC,whole,face,2.0,-0.3010022495669548
sub-078,OTC,whole,face,2.25,-0.29149403775910215
sub-078,OTC,whole,face,2.5,-0.2969954462788094
sub-078,OTC,whole,face,2.75,-0.2974609043507058
sub-078,OTC,whole,face,3.0,-0.2891700445575702
sub-078,OTC,whole,face,3.25,-0.2914297401902658
sub-078,OTC,whole,face,3.5,-0.29484050919019944
sub-078,OTC,whole,face,3.75,-0.28891852337516266
sub-078,OTC,whole,face,4.0,-0.2712966248878388
sub-078,OTC,whole,face,4.25,-0.2588576204208497
sub-078,OTC,whole,face,4.5,-0.24970513124848842
sub-078,OTC,whole,face,4.75,-0.2460141555078117
sub-078,OTC,whole,face,5.0,-0.25212505728801493
sub-078,OTC,lateral,face,0.25,-0.20386146059429866
sub-078,OTC,lateral,face,0.5,-0.21876062339110483
sub-078,OTC,lateral,face,0.75,-0.22921672924882716
sub-078,OTC,lateral,face,1.0,-0.24442720917987804
sub-078,OTC,lateral,face,1.25,-0.2652028733031525
sub-078,OTC,lateral,face,1.5,-0.28050340108255983
sub-078,OTC,lateral,face,1.75,-0.28195802980317547
sub-078,OTC,lateral,face,2.0,-0.29272623244836565
sub-078,OTC,lateral,face,2.25,-0.296274665253753
sub-078,OTC,lateral,face,2.5,-0.29848084170053746
sub-078,OTC,lateral,face,2.75,-0.2916100544776529
sub-078,OTC,lateral,face,3.0,-0.2881074676368191
sub-078,OTC,lateral,face,3.25,-0.29356803260624503
sub-078,OTC,lateral,face,3.5,-0.29594530624998516
sub-078,OTC,lateral,face,3.75,-0.28746808443728555
sub-078,OTC,lateral,face,4.0,-0.2714159033053017
sub-078,OTC,lateral,face,4.25,-0.2555820715354938
sub-078,OTC,lateral,face,4.5,-0.2543357217014254
sub-078,OTC,lateral,face,4.75,-0.24713908333928053
sub-078,OTC,lateral,face,5.0,-0.23492431611996853
sub-078,OTC,medial,face,0.25,-0.16975604883039844
sub-078,OTC,medial,face,0.5,-0.21561418649782016
sub-078,OTC,medial,face,0.75,-0.24179347332771145
sub-078,OTC,medial,face,1.0,-0.3124144990800855
sub-078,OTC,medial,face,1.25,-0.33049801229243736
sub-078,OTC,medial,face,1.5,-0.3626583582536432
sub-078,OTC,medial,face,1.75,-0.375810665770598
sub-078,OTC,medial,face,2.0,-0.3308915639168757
sub-078,OTC,medial,face,2.25,-0.3144134943940793
sub-078,OTC,medial,face,2.5,-0.3390690319622316
sub-078,OTC,medial,face,2.75,-0.30250366266726486
sub-078,OTC,medial,face,3.0,-0.2915937780545081
sub-078,OTC,medial,face,3.25,-0.29122992314605795
sub-078,OTC,medial,face,3.5,-0.29216551644432
sub-078,OTC,medial,face,3.75,-0.30350962649203694
sub-078,OTC,medial,face,4.0,-0.32345249452081914
sub-078,OTC,medial,face,4.25,-0.30734699630083717
sub-078,OTC,medial,face,4.5,-0.2757030597594835
sub-078,OTC,medial,face,4.75,-0.31111976338163777
sub-078,OTC,medial,face,5.0,-0.40016829768046197
sub-078,OTC,whole,house,0.25,0.080298818527127
sub-078,OTC,whole,house,0.5,0.08973100467936573
sub-078,OTC,whole,house,0.75,0.1034290701406948
sub-078,OTC,whole,house,1.0,0.09747401403138362
sub-078,OTC,whole,house,1.25,0.10046696272083885
sub-078,OTC,whole,house,1.5,0.11867849054274592
sub-078,OTC,whole,house,1.75,0.11593421325374978
sub-078,OTC,whole,house,2.0,0.11868101324044168
sub-078,OTC,whole,house,2.25,0.11300261747390236
sub-078,OTC,whole,house,2.5,0.10972848586522478
sub-078,OTC,whole,house,2.75,0.12211156648787731
sub-078,OTC,whole,house,3.0,0.12334862200408103
sub-078,OTC,whole,house,3.25,0.13423896527382184
sub-078,OTC,whole,house,3.5,0.1372450596584816
sub-078,OTC,whole,house,3.75,0.13838959217903213
sub-078,OTC,whole,house,4.0,0.15106974394335812
sub-078,OTC,whole,house,4.25,0.1592049243684458
sub-078,OTC,whole,house,4.5,0.17341766538670497
sub-078,OTC,whole,house,4.75,0.1844813559769137
sub-078,OTC,whole,house,5.0,0.1917020247079302
sub-078,OTC,lateral,house,0.25,0.08973945640235792
sub-078,OTC,lateral,house,0.5,0.0976847255397728
sub-078,OTC,lateral,house,0.75,0.11082804873686411
sub-078,OTC,lateral,house,1.0,0.11549054147657803
sub-078,OTC,lateral,house,1.25,0.12629507627096298
sub-078,OTC,lateral,house,1.5,0.14347419646996062
sub-078,OTC,lateral,house,1.75,0.14169619032077735
sub-078,OTC,lateral,house,2.0,0.15124589026728366
sub-078,OTC,lateral,house,2.25,0.1463750884776831
sub-078,OTC,lateral,house,2.5,0.15678639098576685
sub-078,OTC,lateral,house,2.75,0.1618907706989045
sub-078,OTC,lateral,house,3.0,0.16688113699975635
sub-078,OTC,lateral,house,3.25,0.17815863293296347
sub-078,OTC,lateral,house,3.5,0.18233058222672077
sub-078,OTC,lateral,house,3.75,0.19012151297683616
sub-078,OTC,lateral,house,4.0,0.20572087322143934
sub-078,OTC,lateral,house,4.25,0.21953781597554975
sub-078,OTC,lateral,house,4.5,0.22913821890927302
sub-078,OTC,lateral,house,4.75,0.25388682080694
sub-078,OTC,lateral,house,5.0,0.2512326208418543
sub-078,OTC,medial,house,0.25,0.045499671794947655
sub-078,OTC,medial,house,0.5,0.03548470756139178
sub-078,OTC,medial,house,0.75,0.03762447293957688
sub-078,OTC,medial,house,1.0,0.022906754733788618
sub-078,OTC,medial,house,1.25,0.008826445048905389
sub-078,OTC,medial,house,1.5,-0.02514492307366288
sub-078,OTC,medial,house,1.75,-0.021145438380915225
sub-078,OTC,medial,house,2.0,-0.03774447706131503
sub-078,OTC,medial,house,2.25,-0.0297166918207109
sub-078,OTC,medial,house,2.5,-0.05029779385514127
sub-078,OTC,medial,house,2.75,-0.04982195403460005
sub-078,OTC,medial,house,3.0,-0.06357436039482707
sub-078,OTC,medial,house,3.25,-0.07074486893171354
sub-078,OTC,medial,house,3.5,-0.08571381964853976
sub-078,OTC,medial,house,3.75,-0.07498042266464855
sub-078,OTC,medial,house,4.0,-0.055408884007140155
sub-078,OTC,medial,house,4.25,-0.06294973459962264
sub-078,OTC,medial,house,4.5,-0.052380507039272606
sub-078,OTC,medial,house,4.75,-0.040461427523257626
sub-078,OTC,medial,house,5.0,-0.022966363486800357
sub-078,OTC,whole,object,0.25,-0.021531554877951366
sub-078,OTC,whole,object,0.5,-0.028721131670748645
sub-078,OTC,whole,object,0.75,-0.041551036050364615
sub-078,OTC,whole,object,1.0,-0.0472162018071547
sub-078,OTC,whole,object,1.25,-0.0514324699223396
sub-078,OTC,whole,object,1.5,-0.05513569876362962
sub-078,OTC,whole,object,1.75,-0.055255158976972855
sub-078,OTC,whole,object,2.0,-0.05711470130751611
sub-078,OTC,whole,object,2.25,-0.059650986748857916
sub-078,OTC,whole,object,2.5,-0.06777573858177996
sub-078,OTC,whole,object,2.75,-0.07621821244828092
sub-078,OTC,whole,object,3.0,-0.07806692240170719
sub-078,OTC,whole,object,3.25,-0.09165023611883166
sub-078,OTC,whole,object,3.5,-0.09999532296368642
sub-078,OTC,whole,object,3.75,-0.1091408581057331
sub-078,OTC,whole,object,4.0,-0.11068296282007539
sub-078,OTC,whole,object,4.25,-0.12092773403023922
sub-078,OTC,whole,object,4.5,-0.14175685590706424
sub-078,OTC,whole,object,4.75,-0.1525315500001925
sub-078,OTC,whole,object,5.0,-0.1588674139479653
sub-078,OTC,lateral,object,0.25,-0.002915932597583938
sub-078,OTC,lateral,object,0.5,-0.006510413355271448
sub-078,OTC,lateral,object,0.75,-0.011503286378250233
sub-078,OTC,lateral,object,1.0,-0.012056098762407076
sub-078,OTC,lateral,object,1.25,-0.01340991438292719
sub-078,OTC,lateral,object,1.5,-0.014170044950018189
sub-078,OTC,lateral,object,1.75,-0.006723737092523585
sub-078,OTC,lateral,object,2.0,-0.008904414583044114
sub-078,OTC,lateral,object,2.25,-0.0072017749027924495
sub-078,OTC,lateral,object,2.5,-0.019422789933724913
sub-078,OTC,lateral,object,2.75,-0.030138224486849493
sub-078,OTC,lateral,object,3.0,-0.042324727419172516
sub-078,OTC,lateral,object,3.25,-0.049252134656090026
sub-078,OTC,lateral,object,3.5,-0.06247289230496292
sub-078,OTC,lateral,object,3.75,-0.08764305593613907
sub-078,OTC,lateral,object,4.0,-0.08372584665735806
sub-078,OTC,lateral,object,4.25,-0.09576854225058469
sub-078,OTC,lateral,object,4.5,-0.10719139566515633
sub-078,OTC,lateral,object,4.75,-0.12041806293579438
sub-078,OTC,lateral,object,5.0,-0.12281806470022859
sub-078,OTC,medial,object,0.25,-0.06271512982946838
sub-078,OTC,medial,object,0.5,-0.0874263535860738
sub-078,OTC,medial,object,0.75,-0.10465740537512047
sub-078,OTC,medial,object,1.0,-0.12383482657056762
sub-078,OTC,medial,object,1.25,-0.16352073895664634
sub-078,OTC,medial,object,1.5,-0.1754632017315565
sub-078,OTC,medial,object,1.75,-0.1914821789685944
sub-078,OTC,medial,object,2.0,-0.20893929813704581
sub-078,OTC,medial,object,2.25,-0.22471610375410567
sub-078,OTC,medial,object,2.5,-0.2265513533077468
sub-078,OTC,medial,object,2.75,-0.22835088240029905
sub-078,OTC,medial,object,3.0,-0.21885517401358892
sub-078,OTC,medial,object,3.25,-0.2223331267297289
sub-078,OTC,medial,object,3.5,-0.23182192633260607
sub-078,OTC,medial,object,3.75,-0.24937481383516413
sub-078,OTC,medial,object,4.0,-0.2630065144349012
sub-078,OTC,medial,object,4.25,-0.2701903075259824
sub-078,OTC,medial,object,4.5,-0.32287088287319
sub-078,OTC,medial,object,4.75,-0.37038724034701764
sub-078,OTC,medial,object,5.0,-0.3972749374531761
sub-078,OTC,whole,word,0.25,-0.01399588984008973
sub-078,OTC,whole,word,0.5,-0.0068871645559651406
sub-078,OTC,whole,word,0.75,-0.009688740944620902
sub-078,OTC,whole,word,1.0,-0.006868312883899604
sub-078,OTC,whole,word,1.25,0.012013965917527483
sub-078,OTC,whole,word,1.5,0.030596515970649246
sub-078,OTC,whole,word,1.75,0.043376867289506474
sub-078,OTC,whole,word,2.0,0.04754299508097006
sub-078,OTC,whole,word,2.25,0.06175440027277255
sub-078,OTC,whole,word,2.5,0.05923358598970555
sub-078,OTC,whole,word,2.75,0.046118839232539593
sub-078,OTC,whole,word,3.0,0.032403267921999934
sub-078,OTC,whole,word,3.25,0.04005585852940037
sub-078,OTC,whole,word,3.5,0.039040427441178506
sub-078,OTC,whole,word,3.75,0.05534936725259812
sub-078,OTC,whole,word,4.0,0.06401597511772916
sub-078,OTC,whole,word,4.25,0.028051592848124328
sub-078,OTC,whole,word,4.5,0.025122629027818987
sub-078,OTC,whole,word,4.75,0.05409781639488967
sub-078,OTC,whole,word,5.0,0.029375600901797028
sub-078,OTC,lateral,word,0.25,-0.009897309453593843
sub-078,OTC,lateral,word,0.5,-0.00491771070682205
sub-078,OTC,lateral,word,0.75,0.015309740305447662
sub-078,OTC,lateral,word,1.0,0.05519281909865752
sub-078,OTC,lateral,word,1.25,0.11572687523566358
sub-078,OTC,lateral,word,1.5,0.14978950241090447
sub-078,OTC,lateral,word,1.75,0.20370451197303358
sub-078,OTC,lateral,word,2.0,0.23767563729762745
sub-078,OTC,lateral,word,2.25,0.2918043379120592
sub-078,OTC,lateral,word,2.5,0.29414538811866064
sub-078,OTC,lateral,word,2.75,0.2913999602109796
sub-078,OTC,lateral,word,3.0,0.30149307791136915
sub-078,OTC,lateral,word,3.25,0.3205051290906885
sub-078,OTC,lateral,word,3.5,0.29954925401851284
sub-078,OTC,lateral,word,3.75,0.3016589448548085
sub-078,OTC,lateral,word,4.0,0.31957908560251236
sub-078,OTC,lateral,word,4.25,0.28785772585711983
sub-078,OTC,lateral,word,4.5,0.24330226580094988
sub-078,OTC,lateral,word,4.75,0.2442943189697687
sub-078,OTC,lateral,word,5.0,0.18556401573535417
sub-078,OTC,medial,word,0.25,-0.00354322820288734
sub-078,OTC,medial,word,0.5,-0.020897425804515823
sub-078,OTC,medial,word,0.75,-0.02983176516055187
sub-078,OTC,medial,word,1.0,-0.048682817737633145
sub-078,OTC,medial,word,1.25,-0.05377716998630837
sub-078,OTC,medial,word,1.5,-0.0667017590544695
sub-078,OTC,medial,word,1.75,-0.0626689480928016
sub-078,OTC,medial,word,2.0,-0.07938347063248373
sub-078,OTC,medial,word,2.25,-0.07513812965997214
sub-078,OTC,medial,word,2.5,-0.07563927653919482
sub-078,OTC,medial,word,2.75,-0.0970725927106794
sub-078,OTC,medial,word,3.0,-0.1008318709408785
sub-078,OTC,medial,word,3.25,-0.0919589012462384
sub-078,OTC,medial,word,3.5,-0.09768113516590698
sub-078,OTC,medial,word,3.75,-0.06963339060589419
sub-078,OTC,medial,word,4.0,-0.07097836388441453
sub-078,OTC,medial,word,4.25,-0.08285708921571738
sub-078,OTC,medial,word,4.5,-0.07482455738407849
sub-078,OTC,medial,word,4.75,-0.04004520143881485
sub-078,OTC,medial,word,5.0,-0.03989489935043768
sub-079,OTC,whole,face,0.25,-0.08540750518359876
sub-079,OTC,whole,face,0.5,-0.09864459677967412
sub-079,OTC,whole,face,0.75,-0.12476039471367294
sub-079,OTC,whole,face,1.0,-0.16125659814376472
sub-079,OTC,whole,face,1.25,-0.18628290572019723
sub-079,OTC,whole,face,1.5,-0.20338517536624587
sub-079,OTC,whole,face,1.75,-0.2098257955726522
sub-079,OTC,whole,face,2.0,-0.21282339372198858
sub-079,OTC,whole,face,2.25,-0.22921397975322771
sub-079,OTC,whole,face,2.5,-0.2386302212463146
sub-079,OTC,whole,face,2.75,-0.26395305444204614
sub-079,OTC,whole,face,3.0,-0.27511718260969603
sub-079,OTC,whole,face,3.25,-0.27928453309587076
sub-079,OTC,whole,face,3.5,-0.27500857718447747
sub-079,OTC,whole,face,3.75,-0.28144366550661887
sub-079,OTC,whole,face,4.0,-0.2994762275425138
sub-079,OTC,whole,face,4.25,-0.3139938302425289
sub-079,OTC,whole,face,4.5,-0.3258683598828596
sub-079,OTC,whole,face,4.75,-0.329481859058149
sub-079,OTC,whole,face,5.0,-0.33700277602023454
sub-079,OTC,lateral,face,0.25,-0.09104142747465004
sub-079,OTC,lateral,face,0.5,-0.10733590164394986
sub-079,OTC,lateral,face,0.75,-0.14006462214690088
sub-079,OTC,lateral,face,1.0,-0.17587326134197792
sub-079,OTC,lateral,face,1.25,-0.21206084970897443
sub-079,OTC,lateral,face,1.5,-0.2311821148286395
sub-079,OTC,lateral,face,1.75,-0.23801372014310576
sub-079,OTC,lateral,face,2.0,-0.2511996168036421
sub-079,OTC,lateral,face,2.25,-0.26609881268022256
sub-079,OTC,lateral,face,2.5,-0.28404248972737905
sub-079,OTC,lateral,face,2.75,-0.30886625328306094
sub-079,OTC,lateral,face,3.0,-0.32419005330675427
sub-079,OTC,lateral,face,3.25,-0.34356087349052045
sub-079,OTC,lateral,face,3.5,-0.34189672920270126
sub-079,OTC,lateral,face,3.75,-0.35566773878782953
sub-079,OTC,lateral,face,4.0,-0.3679635834200926
sub-079,OTC,lateral,face,4.25,-0.3815265050161018
sub-079,OTC,lateral,face,4.5,-0.39763253474089283
sub-079,OTC,lateral,face,4.75,-0.4026767534013223
sub-079,OTC,lateral,face,5.0,-0.41418258336180835
sub-079,OTC,medial,face,0.25,-0.06092256557813641
sub-079,OTC,medial,face,0.5,-0.07437204135475411
sub-079,OTC,medial,face,0.75,-0.04876021777209902
sub-079,OTC,medial,face,1.0,-0.08007737502209916
sub-079,OTC,medial,face,1.25,-0.08021472418078718
sub-079,OTC,medial,face,1.5,-0.08674843205422166
sub-079,OTC,medial,face,1.75,-0.05911762816111181
sub-079,OTC,medial,face,2.0,-0.03320560871950582
sub-079,OTC,medial,face,2.25,-0.02735305516099082
sub-079,OTC,medial,face,2.5,-0.035273814990671434
sub-079,OTC,medial,face,2.75,-0.002726019776664104
sub-079,OTC,medial,face,3.0,0.0366052881861136
sub-079,OTC,medial,face,3.25,0.05800097892529557
sub-079,OTC,medial,face,3.5,0.07394657259995382
sub-079,OTC,medial,face,3.75,0.08279350480860481
sub-079,OTC,medial,face,4.0,0.06243003450995395
sub-079,OTC,medial,face,4.25,0.1063986404309277
sub-079,OTC,medial,face,4.5,0.06247372271755991
sub-079,OTC,medial,face,4.75,0.10694127832190047
sub-079,OTC,medial,face,5.0,0.1292354304110892
sub-079,OTC,whole,house,0.25,-0.019156504387664718
sub-079,OTC,whole,house,0.5,-0.019109717177197706
sub-079,OTC,whole,house,0.75,-0.02389599807470698
sub-079,OTC,whole,house,1.0,-0.024120720879605782
sub-079,OTC,whole,house,1.25,-0.03529096749482428
sub-079,OTC,whole,house,1.5,-0.04710076217717175
sub-079,OTC,whole,house,1.75,-0.05595803599621267
sub-079,OTC,whole,house,2.0,-0.05304648495050053
sub-079,OTC,whole,house,2.25,-0.05837032600004188
sub-079,OTC,whole,house,2.5,-0.056299709610036934
sub-079,OTC,whole,house,2.75,-0.06314647879204971
sub-079,OTC,whole,house,3.0,-0.05438781375333332
sub-079,OTC,whole,house,3.25,-0.06498894458328171
sub-079,OTC,whole,house,3.5,-0.05748086064044147
sub-079,OTC,whole,house,3.75,-0.059104924652519444
sub-079,OTC,whole,house,4.0,-0.06762914338403041
sub-079,OTC,whole,house,4.25,-0.0741054451265982
sub-079,OTC,whole,house,4.5,-0.06981627620547927
sub-079,OTC,whole,house,4.75,-0.06846480125333575
sub-079,OTC,whole,house,5.0,-0.07182907010225235
sub-079,OTC,lateral,house,0.25,-0.021735693148827496
sub-079,OTC,lateral,house,0.5,-0.026185542740847435
sub-079,OTC,lateral,house,0.75,-0.04015256430356989
sub-079,OTC,lateral,house,1.0,-0.04270114953301018
sub-079,OTC,lateral,house,1.25,-0.059382728717150376
sub-079,OTC,lateral,house,1.5,-0.07248104156284604
sub-079,OTC,lateral,house,1.75,-0.08105319319209386
sub-079,OTC,lateral,house,2.0,-0.08378912976103786
sub-079,OTC,lateral,house,2.25,-0.09332294223902698
sub-079,OTC,lateral,house,2.5,-0.10203907773928968
sub-079,OTC,lateral,house,2.75,-0.10949979683261687
sub-079,OTC,lateral,house,3.0,-0.11075950484096025
sub-079,OTC,lateral,house,3.25,-0.11635163437022866
sub-079,OTC,lateral,house,3.5,-0.11787511751743064
sub-079,OTC,lateral,house,3.75,-0.11850731200823945
sub-079,OTC,lateral,house,4.0,-0.1278692838096968
sub-079,OTC,lateral,house,4.25,-0.1312422931351482
sub-079,OTC,lateral,house,4.5,-0.1326279195788837
sub-079,OTC,lateral,house,4.75,-0.1345058724998003
sub-079,OTC,lateral,house,5.0,-0.12843283343620385
sub-079,OTC,medial,house,0.25,-0.010986041610094387
sub-079,OTC,medial,house,0.5,0.004584307700898615
sub-079,OTC,medial,house,0.75,0.021792270586161813
sub-079,OTC,medial,house,1.0,0.034023483306103566
sub-079,OTC,medial,house,1.25,0.02824937684273267
sub-079,OTC,medial,house,1.5,0.014955201415395534
sub-079,OTC,medial,house,1.75,0.04316094400832289
sub-079,OTC,medial,house,2.0,0.05432811517221696
sub-079,OTC,medial,house,2.25,0.0708496469068579
sub-079,OTC,medial,house,2.5,0.09109888669905628
sub-079,OTC,medial,house,2.75,0.13444471489845922
sub-079,OTC,medial,house,3.0,0.16116143681085124
sub-079,OTC,medial,house,3.25,0.18859200977370155
sub-079,OTC,medial,house,3.5,0.2157976761648993
sub-079,OTC,medial,house,3.75,0.23554370025040142
sub-079,OTC,medial,house,4.0,0.23918805991873318
sub-079,OTC,medial,house,4.25,0.2425724777975973
sub-079,OTC,medial,house,4.5,0.2235795669743129
sub-079,OTC,medial,house,4.75,0.22578868755978246
sub-079,OTC,medial,house,5.0,0.2120508248058543
sub-079,OTC,whole,object,0.25,0.02955279326139869
sub-079,OTC,whole,object,0.5,0.04112679563057254
sub-079,OTC,whole,object,0.75,0.050651857992872494
sub-079,OTC,whole,object,1.0,0.06412800394223414
sub-079,OTC,whole,object,1.25,0.07490077062896594
sub-079,OTC,whole,object,1.5,0.07634424334680637
sub-079,OTC,whole,object,1.75,0.09005322623656722
sub-079,OTC,whole,object,2.0,0.09742276169515121
sub-079,OTC,whole,object,2.25,0.10361621402025674
sub-079,OTC,whole,object,2.5,0.10374335897652574
sub-079,OTC,whole,object,2.75,0.11404821548850723
sub-079,OTC,whole,object,3.0,0.12246649688371619
sub-079,OTC,whole,object,3.25,0.13121864060866106
sub-079,OTC,whole,object,3.5,0.13550454310554497
sub-079,OTC,whole,object,3.75,0.1478792554526491
sub-079,OTC,whole,object,4.0,0.15764157108339696
sub-079,OTC,whole,object,4.25,0.1595119421596051
sub-079,OTC,whole,object,4.5,0.17522669646591552
sub-079,OTC,whole,object,4.75,0.18121998736201028
sub-079,OTC,whole,object,5.0,0.19022419569753993
sub-079,OTC,lateral,object,0.25,0.07822569982731506
sub-079,OTC,lateral,object,0.5,0.08923053170704506
sub-079,OTC,lateral,object,0.75,0.09926491798633093
sub-079,OTC,lateral,object,1.0,0.10202620033759872
sub-079,OTC,lateral,object,1.25,0.10412830025904679
sub-079,OTC,lateral,object,1.5,0.11261905694994208
sub-079,OTC,lateral,object,1.75,0.12149053457112434
sub-079,OTC,lateral,object,2.0,0.12970573866373553
sub-079,OTC,lateral,object,2.25,0.13568884801361114
sub-079,OTC,lateral,object,2.5,0.13505611365728906
sub-079,OTC,lateral,object,2.75,0.15111724712590513
sub-079,OTC,lateral,object,3.0,0.1644546817438152
sub-079,OTC,lateral,object,3.25,0.16187938088696477
sub-079,OTC,lateral,object,3.5,0.17403097039187596
sub-079,OTC,lateral,object,3.75,0.18493892469352818
sub-079,OTC,lateral,object,4.0,0.18849600614047293
sub-079,OTC,lateral,object,4.25,0.1835491036117868
sub-079,OTC,lateral,object,4.5,0.21371943434894786
sub-079,OTC,lateral,object,4.75,0.21485600888203005
sub-079,OTC,lateral,object,5.0,0.22205675203334826
sub-079,OTC,medial,object,0.25,-0.06677201963002348
sub-079,OTC,medial,object,0.5,-0.06080577894457231
sub-079,OTC,medial,object,0.75,-0.053914914855164524
sub-079,OTC,medial,object,1.0,-0.03909731216826163
sub-079,OTC,medial,object,1.25,-0.011820525576664045
sub-079,OTC,medial,object,1.5,0.002692226941360465
sub-079,OTC,medial,object,1.75,0.016232012930247394
sub-079,OTC,medial,object,2.0,0.02204547442212301
sub-079,OTC,medial,object,2.25,0.035739221923636065
sub-079,OTC,medial,object,2.5,0.03078567225587539
sub-079,OTC,medial,object,2.75,0.03927710596256974
sub-079,OTC,medial,object,3.0,0.04816090577456016
sub-079,OTC,medial,object,3.25,0.056035074472684174
sub-079,OTC,medial,object,3.5,0.04933874712940324
sub-079,OTC,medial,object,3.75,0.09256097396741493
sub-079,OTC,medial,object,4.0,0.09069596166415204
sub-079,OTC,medial,object,4.25,0.10895908092368416
sub-079,OTC,medial,object,4.5,0.12726326153647405
sub-079,OTC,medial,object,4.75,0.1361364114916863
sub-079,OTC,medial,object,5.0,0.1388737627594013
sub-079,OTC,whole,word,0.25,0.0698037676257815
sub-079,OTC,whole,word,0.5,0.09584285584334047
sub-079,OTC,whole,word,0.75,0.11846765496244602
sub-079,OTC,whole,word,1.0,0.13009838067852075
sub-079,OTC,whole,word,1.25,0.14938030332232535
sub-079,OTC,whole,word,1.5,0.170880436835692
sub-079,OTC,whole,word,1.75,0.20149790652257127
sub-079,OTC,whole,word,2.0,0.21497440751183158
sub-079,OTC,whole,word,2.25,0.24698159291506802
sub-079,OTC,whole,word,2.5,0.28067698379640715
sub-079,OTC,whole,word,2.75,0.3487507627392599
sub-079,OTC,whole,word,3.0,0.4357276137202306
sub-079,OTC,whole,word,3.25,0.4362030918288688
sub-079,OTC,whole,word,3.5,0.44017568383112143
sub-079,OTC,whole,word,3.75,0.4340804013998938
sub-079,OTC,whole,word,4.0,0.3997986953963181
sub-079,OTC,whole,word,4.25,0.36165851731812965
sub-079,OTC,whole,word,4.5,0.37773613877851303
sub-079,OTC,whole,word,4.75,0.35688166863277343
sub-079,OTC,whole,word,5.0,0.3288859815256565
sub-079,OTC,lateral,word,0.25,0.07724290532626489
sub-079,OTC,lateral,word,0.5,0.11086512074833278
sub-079,OTC,lateral,word,0.75,0.1400292814526733
sub-079,OTC,lateral,word,1.0,0.1639160685197863
sub-079,OTC,lateral,word,1.25,0.21202684864990437
sub-079,OTC,lateral,word,1.5,0.22151201322757033
sub-079,OTC,lateral,word,1.75,0.2635324929094101
sub-079,OTC,lateral,word,2.0,0.23485507175096992
sub-079,OTC,lateral,word,2.25,0.28250726624092803
sub-079,OTC,lateral,word,2.5,0.3702755491153512
sub-079,OTC,lateral,word,2.75,0.4509159053493264
sub-079,OTC,lateral,word,3.0,0.609500230870005
sub-079,OTC,lateral,word,3.25,0.6519272597868243
sub-079,OTC,lateral,word,3.5,0.7107501014940462
sub-079,OTC,lateral,word,3.75,0.8279605628289838
sub-079,OTC,lateral,word,4.0,0.8652339723768295
sub-079,OTC,lateral,word,4.25,0.8840419501133787
sub-079,OTC,lateral,word,4.5,0.9908675799086757
sub-079,OTC,medial,word,0.25,0.06978231607499398
sub-079,OTC,medial,word,0.5,0.06574402360893453
sub-079,OTC,medial,word,0.75,0.05176711946161396
sub-079,OTC,medial,word,1.0,0.0490748894216839
sub-079,OTC,medial,word,1.25,0.09077179171032874
sub-079,OTC,medial,word,1.5,0.09652949779566651
sub-079,OTC,medial,word,1.75,0.09761819801738308
sub-079,OTC,medial,word,2.0,0.15793740059840922
sub-079,OTC,medial,word,2.25,0.22508900585111877
sub-079,OTC,medial,word,2.5,0.2455107418558915
sub-079,OTC,medial,word,2.75,0.27009783756545236
sub-079,OTC,medial,word,3.0,0.34440361238714956
sub-079,OTC,medial,word,3.25,0.3716762052204725
sub-079,OTC,medial,word,3.5,0.34266535808146353
sub-079,OTC,medial,word,3.75,0.3250056287317276
sub-079,OTC,medial,word,4.0,0.3128125752537471
sub-079,OTC,medial,word,4.25,0.3426486930063777
sub-079,OTC,medial,word,4.5,0.33444163196215176
sub-079,OTC,medial,word,4.75,0.3460741521252134
sub-079,OTC,medial,word,5.0,0.28463529558093903
sub-082,OTC,whole,face,0.25,-0.21755104105822645
sub-082,OTC,whole,face,0.5,-0.23989234059932485
sub-082,OTC,whole,face,0.75,-0.2681704571079859
sub-082,OTC,whole,face,1.0,-0.31329162645755554
sub-082,OTC,whole,face,1.25,-0.349136890106943
sub-082,OTC,whole,face,1.5,-0.37587207361507147
sub-082,OTC,whole,face,1.75,-0.3992363944377245
sub-082,OTC,whole,face,2.0,-0.40812133887400576
sub-082,OTC,whole,face,2.25,-0.4240526948102602
sub-082,OTC,whole,face,2.5,-0.44760773409334687
sub-082,OTC,whole,face,2.75,-0.45927876799183315
sub-082,OTC,whole,face,3.0,-0.4784431345757424
sub-082,OTC,whole,face,3.25,-0.48231310515185777
sub-082,OTC,whole,face,3.5,-0.4952782900630661
sub-082,OTC,whole,face,3.75,-0.5089173074469622
sub-082,OTC,whole,face,4.0,-0.514165906353455
sub-082,OTC,whole,face,4.25,-0.5263219665891854
sub-082,OTC,whole,face,4.5,-0.5130867106043817
sub-082,OTC,whole,face,4.75,-0.5116395182703111
sub-082,OTC,whole,face,5.0,-0.5455122171072764
sub-082,OTC,lateral,face,0.25,-0.296708856990228
sub-082,OTC,lateral,face,0.5,-0.311847760639206
sub-082,OTC,lateral,face,0.75,-0.3226173724062049
sub-082,OTC,lateral,face,1.0,-0.34260600977956385
sub-082,OTC,lateral,face,1.25,-0.3606825658175876
sub-082,OTC,lateral,face,1.5,-0.38495974139116546
sub-082,OTC,lateral,face,1.75,-0.394526994242302
sub-082,OTC,lateral,face,2.0,-0.3928008791941418
sub-082,OTC,lateral,face,2.25,-0.4018333655505621
sub-082,OTC,lateral,face,2.5,-0.4223228761788477
sub-082,OTC,lateral,face,2.75,-0.4376792116780418
sub-082,OTC,lateral,face,3.0,-0.44446628747224565
sub-082,OTC,lateral,face,3.25,-0.4579336738776354
sub-082,OTC,lateral,face,3.5,-0.462862429157839
sub-082,OTC,lateral,face,3.75,-0.47360665328315354
sub-082,OTC,lateral,face,4.0,-0.4751866235420369
sub-082,OTC,lateral,face,4.25,-0.4885310671319788
sub-082,OTC,lateral,face,4.5,-0.47882422638063105
sub-082,OTC,lateral,face,4.75,-0.4725329837573737
sub-082,OTC,lateral,face,5.0,-0.4914649957795472
sub-082,OTC,medial,face,0.25,-0.047696093397814526
sub-082,OTC,medial,face,0.5,-0.09116397636110049
sub-082,OTC,medial,face,0.75,-0.14579631539969298
sub-082,OTC,medial,face,1.0,-0.22681488382683207
sub-082,OTC,medial,face,1.25,-0.29023180591138115
sub-082,OTC,medial,face,1.5,-0.3499613635234509
sub-082,OTC,medial,face,1.75,-0.41511620596924004
sub-082,OTC,medial,face,2.0,-0.45823601670835495
sub-082,OTC,medial,face,2.25,-0.5274419348381849
sub-082,OTC,medial,face,2.5,-0.5510040002533687
sub-082,OTC,medial,face,2.75,-0.5845175142841104
sub-082,OTC,medial,face,3.0,-0.6131284690092024
sub-082,OTC,medial,face,3.25,-0.641377157533295
sub-082,OTC,medial,face,3.5,-0.676052396742455
sub-082,OTC,medial,face,3.75,-0.6953713168186314
sub-082,OTC,medial,face,4.0,-0.6818704744261592
sub-082,OTC,medial,face,4.25,-0.7168537796694212
sub-082,OTC,medial,face,4.5,-0.7319006886129626
sub-082,OTC,medial,face,4.75,-0.7684529612953039
sub-082,OTC,medial,face,5.0,-0.8073558106713995
sub-082,OTC,whole,house,0.25,-0.04850179639276156
sub-082,OTC,whole,house,0.5,-0.043253863708465706
sub-082,OTC,whole,house,0.75,-0.03309388299970671
sub-082,OTC,whole,house,1.0,-0.030999834881557473
sub-082,OTC,whole,house,1.25,-0.027422571150415638
sub-082,OTC,whole,house,1.5,-0.01896717175719247
sub-082,OTC,whole,house,1.75,-0.01034679609835747
sub-082,OTC,whole,house,2.0,-0.00043536061961644797
sub-082,OTC,whole,house,2.25,0.00468356538621012
sub-082,OTC,whole,house,2.5,0.010704598958117482
sub-082,OTC,whole,house,2.75,0.021466098347843902
sub-082,OTC,whole,house,3.0,0.014368855924612772
sub-082,OTC,whole,house,3.25,0.019828648217527695
sub-082,OTC,whole,house,3.5,0.01692898288857235
sub-082,OTC,whole,house,3.75,0.020301228972246697
sub-082,OTC,whole,house,4.0,0.020212543617340394
sub-082,OTC,whole,house,4.25,0.02817479296782805
sub-082,OTC,whole,house,4.5,0.019925979565736763
sub-082,OTC,whole,house,4.75,0.0337907716652726
sub-082,OTC,whole,house,5.0,0.030091050173595413
sub-082,OTC,lateral,house,0.25,-0.04317793088701096
sub-082,OTC,lateral,house,0.5,-0.03642169733266551
sub-082,OTC,lateral,house,0.75,-0.023345865077572112
sub-082,OTC,lateral,house,1.0,-0.029066894289676376
sub-082,OTC,lateral,house,1.25,-0.02245141808328842
sub-082,OTC,lateral,house,1.5,-0.006223897467848563
sub-082,OTC,lateral,house,1.75,0.0012525285823510757
sub-082,OTC,lateral,house,2.0,0.009804464242832163
sub-082,OTC,lateral,house,2.25,0.01773841922493442
sub-082,OTC,lateral,house,2.5,0.029557551401968928
sub-082,OTC,lateral,house,2.75,0.035433573869275536
sub-082,OTC,lateral,house,3.0,0.03411182273327963
sub-082,OTC,lateral,house,3.25,0.03492890626303636
sub-082,OTC,lateral,house,3.5,0.03979070799319263
sub-082,OTC,lateral,house,3.75,0.043175238151819936
sub-082,OTC,lateral,house,4.0,0.04131143921670711
sub-082,OTC,lateral,house,4.25,0.04489844028813012
sub-082,OTC,lateral,house,4.5,0.04065486129124055
sub-082,OTC,lateral,house,4.75,0.04880966715926218
sub-082,OTC,lateral,house,5.0,0.03749873371111454
sub-082,OTC,medial,house,0.25,-0.06304237999534988
sub-082,OTC,medial,house,0.5,-0.07078403842181184
sub-082,OTC,medial,house,0.75,-0.06935133189335775
sub-082,OTC,medial,house,1.0,-0.054354928032051594
sub-082,OTC,medial,house,1.25,-0.04761506997300463
sub-082,OTC,medial,house,1.5,-0.05354326725524611
sub-082,OTC,medial,house,1.75,-0.0543441874007192
sub-082,OTC,medial,house,2.0,-0.02944603556304815
sub-082,OTC,medial,house,2.25,-0.05287820606727742
sub-082,OTC,medial,house,2.5,-0.06519877228392991
sub-082,OTC,medial,house,2.75,-0.04530031709493426
sub-082,OTC,medial,house,3.0,-0.05663170805399564
sub-082,OTC,medial,house,3.25,-0.055843004338180166
sub-082,OTC,medial,house,3.5,-0.038063035680959326
sub-082,OTC,medial,house,3.75,-0.04550356156606849
sub-082,OTC,medial,house,4.0,-0.04809088554986141
sub-082,OTC,medial,house,4.25,-0.03266935342059032
sub-082,OTC,medial,house,4.5,-0.030963366222020054
sub-082,OTC,medial,house,4.75,-0.03097440372835159
sub-082,OTC,medial,house,5.0,-0.0075633348672447375
sub-082,OTC,whole,object,0.25,0.03433901974983565
sub-082,OTC,whole,object,0.5,0.04076650743016117
sub-082,OTC,whole,object,0.75,0.053256360812821105
sub-082,OTC,whole,object,1.0,0.05971130899518074
sub-082,OTC,whole,object,1.25,0.07270360029409866
sub-082,OTC,whole,object,1.5,0.09001926586683462
sub-082,OTC,whole,object,1.75,0.10229470606205064
sub-082,OTC,whole,object,2.0,0.11470051251512974
sub-082,OTC,whole,object,2.25,0.12616162043904844
sub-082,OTC,whole,object,2.5,0.13785558082604382
sub-082,OTC,whole,object,2.75,0.15629566790076077
sub-082,OTC,whole,object,3.0,0.17481590303236888
sub-082,OTC,whole,object,3.25,0.19481918313750132
sub-082,OTC,whole,object,3.5,0.2113692747616846
sub-082,OTC,whole,object,3.75,0.23101310496323435
sub-082,OTC,whole,object,4.0,0.23828419821605276
sub-082,OTC,whole,object,4.25,0.2616978102038377
sub-082,OTC,whole,object,4.5,0.276031184384773
sub-082,OTC,whole,object,4.75,0.28598249346847276
sub-082,OTC,whole,object,5.0,0.3016649853236571
sub-082,OTC,lateral,object,0.25,0.01867170562953977
sub-082,OTC,lateral,object,0.5,0.02561010304553419
sub-082,OTC,lateral,object,0.75,0.032492696389271526
sub-082,OTC,lateral,object,1.0,0.03934243857344091
sub-082,OTC,lateral,object,1.25,0.050745879623686686
sub-082,OTC,lateral,object,1.5,0.06546268706259423
sub-082,OTC,lateral,object,1.75,0.08295370798216474
sub-082,OTC,lateral,object,2.0,0.09619800773360546
sub-082,OTC,lateral,object,2.25,0.11449888322985032
sub-082,OTC,lateral,object,2.5,0.13269542847405902
sub-082,OTC,lateral,object,2.75,0.1483203858506214
sub-082,OTC,lateral,object,3.0,0.17067974881569498
sub-082,OTC,lateral,object,3.25,0.1957607920003438
sub-082,OTC,lateral,object,3.5,0.21710268766554314
sub-082,OTC,lateral,object,3.75,0.23241337150012029
sub-082,OTC,lateral,object,4.0,0.24418550283851836
sub-082,OTC,lateral,object,4.25,0.2654824596517554
sub-082,OTC,lateral,object,4.5,0.282261904182962
sub-082,OTC,lateral,object,4.75,0.2913980896146862
sub-082,OTC,lateral,object,5.0,0.30429204956088296
sub-082,OTC,medial,object,0.25,0.0744096825518891
sub-082,OTC,medial,object,0.5,0.08512199136874037
sub-082,OTC,medial,object,0.75,0.10039853541646504
sub-082,OTC,medial,object,1.0,0.1315168372252365
sub-082,OTC,medial,object,1.25,0.1556100514783879
sub-082,OTC,medial,object,1.5,0.1834292464791402
sub-082,OTC,medial,object,1.75,0.18918190401180898
sub-082,OTC,medial,object,2.0,0.1941161966000742
sub-082,OTC,medial,object,2.25,0.19156019893299883
sub-082,OTC,medial,object,2.5,0.1953079499842676
sub-082,OTC,medial,object,2.75,0.20289720595499935
sub-082,OTC,medial,object,3.0,0.2089585096281874
sub-082,OTC,medial,object,3.25,0.19350753718167146
sub-082,OTC,medial,object,3.5,0.21919007298771412
sub-082,OTC,medial,object,3.75,0.21208378775711156
sub-082,OTC,medial,object,4.0,0.22891523146122186
sub-082,OTC,medial,object,4.25,0.2314978338915121
sub-082,OTC,medial,object,4.5,0.23492241837662445
sub-082,OTC,medial,object,4.75,0.26196667983738686
sub-082,OTC,medial,object,5.0,0.2503639798137472
sub-082,OTC,whole,word,0.25,0.2583124375449329
sub-082,OTC,whole,word,0.5,0.25948675803036925
sub-082,OTC,whole,word,0.75,0.26428465217944996
sub-082,OTC,whole,word,1.0,0.2565389271956838
sub-082,OTC,whole,word,1.25,0.2569954565075958
sub-082,OTC,whole,word,1.5,0.2631310474353661
sub-082,OTC,whole,word,1.75,0.26900553560226687
sub-082,OTC,whole,word,2.0,0.28096476864876435
sub-082,OTC,whole,word,2.25,0.29136797695783534
sub-082,OTC,whole,word,2.5,0.28879760971822943
sub-082,OTC,whole,word,2.75,0.3058381217570028
sub-082,OTC,whole,word,3.0,0.3051603031556383
sub-082,OTC,whole,word,3.25,0.3052115277121497
sub-082,OTC,whole,word,3.5,0.32966018486332593
sub-082,OTC,whole,word,3.75,0.3356682242325458
sub-082,OTC,whole,word,4.0,0.333057273705414
sub-082,OTC,whole,word,4.25,0.3240857522938423
sub-082,OTC,whole,word,4.5,0.32150836319251497
sub-082,OTC,whole,word,4.75,0.32702598914410147
sub-082,OTC,whole,word,5.0,0.29825058191018017
sub-082,OTC,lateral,word,0.25,0.2835282107035574
sub-082,OTC,lateral,word,0.5,0.2895908427849076
sub-082,OTC,lateral,word,0.75,0.29879628480059384
sub-082,OTC,lateral,word,1.0,0.30004125796954795
sub-082,OTC,lateral,word,1.25,0.31834108858787963
sub-082,OTC,lateral,word,1.5,0.3194045590502737
sub-082,OTC,lateral,word,1.75,0.3413948339428521
sub-082,OTC,lateral,word,2.0,0.3657219179614111
sub-082,OTC,lateral,word,2.25,0.3960285164494241
sub-082,OTC,lateral,word,2.5,0.4208372111589712
sub-082,OTC,lateral,word,2.75,0.44870611791007803
sub-082,OTC,lateral,word,3.0,0.47581894864052204
sub-082,OTC,lateral,word,3.25,0.5171856317173757
sub-082,OTC,lateral,word,3.5,0.5580107752439979
sub-082,OTC,lateral,word,3.75,0.6039196913790648
sub-082,OTC,lateral,word,4.0,0.6227251792254983
sub-082,OTC,lateral,word,4.25,0.6443262537889065
sub-082,OTC,lateral,word,4.5,0.6401709070667678
sub-082,OTC,lateral,word,4.75,0.6528726510495314
sub-082,OTC,lateral,word,5.0,0.6675509605713862
sub-082,OTC,medial,word,0.25,0.18707809727815616
sub-082,OTC,medial,word,0.5,0.1922198662271191
sub-082,OTC,medial,word,0.75,0.18092653548110232
sub-082,OTC,medial,word,1.0,0.15189872899016213
sub-082,OTC,medial,word,1.25,0.13776751366798914
sub-082,OTC,medial,word,1.5,0.13353420217502848
sub-082,OTC,medial,word,1.75,0.13428435901755587
sub-082,OTC,medial,word,2.0,0.1214066653732085
sub-082,OTC,medial,word,2.25,0.10948118983651833
sub-082,OTC,medial,word,2.5,0.09856187911966463
sub-082,OTC,medial,word,2.75,0.10823723197064718
sub-082,OTC,medial,word,3.0,0.10102084911473078
sub-082,OTC,medial,word,3.25,0.09682201887864818
sub-082,OTC,medial,word,3.5,0.1150299757879018
sub-082,OTC,medial,word,3.75,0.09667853693104
sub-082,OTC,medial,word,4.0,0.08060336574571507
sub-082,OTC,medial,word,4.25,0.07964964785295417
sub-082,OTC,medial,word,4.5,0.09597764961185001
sub-082,OTC,medial,word,4.75,0.07435114334974592
sub-082,OTC,medial,word,5.0,0.03724885709273139
sub-084,control,whole,face,0.25,0.04267593526684746
sub-084,control,whole,face,0.5,0.03242537066379181
sub-084,control,whole,face,0.75,0.008433760645907841
sub-084,control,whole,face,1.0,-0.0304916832434233
sub-084,control,whole,face,1.25,-0.09681741549853162
sub-084,control,whole,face,1.5,-0.13476184676376715
sub-084,control,whole,face,1.75,-0.1925368652794482
sub-084,control,whole,face,2.0,-0.2346356432997656
sub-084,control,whole,face,2.25,-0.26643467164259743
sub-084,control,whole,face,2.5,-0.2984937615819284
sub-084,control,whole,face,2.75,-0.30107107884125733
sub-084,control,whole,face,3.0,-0.2895338614909178
sub-084,control,whole,face,3.25,-0.27027613794818556
sub-084,control,whole,face,3.5,-0.2443270447797967
sub-084,control,whole,face,3.75,-0.21158514189208624
sub-084,control,whole,face,4.0,-0.19607808688077213
sub-084,control,whole,face,4.25,-0.13605838744199222
sub-084,control,whole,face,4.5,-0.063581775832286
sub-084,control,whole,face,4.75,-0.00761623530520429
sub-084,control,whole,face,5.0,0.016471989324597758
sub-084,control,lateral,face,0.25,0.02097559922508808
sub-084,control,lateral,face,0.5,0.013409857460109184
sub-084,control,lateral,face,0.75,-0.009076187720374261
sub-084,control,lateral,face,1.0,-0.04999599843408463
sub-084,control,lateral,face,1.25,-0.1073600734693909
sub-084,control,lateral,face,1.5,-0.15544589581564752
sub-084,control,lateral,face,1.75,-0.214131860138738
sub-084,control,lateral,face,2.0,-0.25725932229696147
sub-084,control,lateral,face,2.25,-0.2828797175237438
sub-084,control,lateral,face,2.5,-0.31288118522018293
sub-084,control,lateral,face,2.75,-0.3147692133166962
sub-084,control,lateral,face,3.0,-0.29310158593335955
sub-084,control,lateral,face,3.25,-0.2817806737380726
sub-084,control,lateral,face,3.5,-0.24998458234686297
sub-084,control,lateral,face,3.75,-0.2210367259589422
sub-084,control,lateral,face,4.0,-0.1816347543450199
sub-084,control,lateral,face,4.25,-0.13983962756378474
sub-084,control,lateral,face,4.5,-0.05269549746453163
sub-084,control,lateral,face,4.75,-0.002229782369476543
sub-084,control,lateral,face,5.0,0.027304730563611143
sub-084,control,medial,face,0.25,0.6263202492325728
sub-084,control,medial,face,0.5,0.8143854891478604
sub-084,control,medial,face,0.75,0.8966447895466118
sub-084,control,medial,face,1.0,0.989461798366207
sub-084,control,medial,face,1.25,1.0
sub-084,control,medial,face,1.5,1.0
sub-084,control,medial,face,1.75,1.0
sub-084,control,medial,face,2.0,1.0
sub-084,control,medial,face,2.25,1.0
sub-084,control,medial,face,2.5,1.0
sub-084,control,medial,face,2.75,1.0
sub-084,control,medial,face,3.0,1.0
sub-084,control,whole,house,0.25,-0.08393014476793031
sub-084,control,whole,house,0.5,-0.08009909161820467
sub-084,control,whole,house,0.75,-0.05718247683526473
sub-084,control,whole,house,1.0,-0.05214317795848626
sub-084,control,whole,house,1.25,-0.028760474213198974
sub-084,control,whole,house,1.5,-0.009743799222422954
sub-084,control,whole,house,1.75,-0.014669371598386358
sub-084,control,whole,house,2.0,-0.003365970314136374
sub-084,control,whole,house,2.25,0.003946478687581266
sub-084,control,whole,house,2.5,0.013668793075266092
sub-084,control,whole,house,2.75,-0.008500634246863889
sub-084,control,whole,house,3.0,0.00037060338967520053
sub-084,control,whole,house,3.25,-0.013037947463112452
sub-084,control,whole,house,3.5,-0.033028929469684463
sub-084,control,whole,house,3.75,-0.04843999806146031
sub-084,control,whole,house,4.0,-0.06322896141889779
sub-084,control,whole,house,4.25,-0.07462050470527493
sub-084,control,whole,house,4.5,-0.08567670009413036
sub-084,control,whole,house,4.75,-0.08599247197719465
sub-084,control,whole,house,5.0,-0.10763239998201088
sub-084,control,lateral,house,0.25,-0.12516505211448745
sub-084,control,lateral,house,0.5,-0.11679130618703995
sub-084,control,lateral,house,0.75,-0.0972295211884639
sub-084,control,lateral,house,1.0,-0.08794091044638405
sub-084,control,lateral,house,1.25,-0.07051921923502133
sub-084,control,lateral,house,1.5,-0.05144122228556425
sub-084,control,lateral,house,1.75,-0.04605066028256102
sub-084,control,lateral,house,2.0,-0.03146842737345232
sub-084,control,lateral,house,2.25,-0.024802795257694975
sub-084,control,lateral,house,2.5,-0.0025740460927480223
sub-084,control,lateral,house,2.75,-0.023840897567828864
sub-084,control,lateral,house,3.0,-0.023669330995650304
sub-084,control,lateral,house,3.25,-0.03440204060298243
sub-084,control,lateral,house,3.5,-0.03809743291098466
sub-084,control,lateral,house,3.75,-0.07219919067266385
sub-084,control,lateral,house,4.0,-0.09887841249713471
sub-084,control,lateral,house,4.25,-0.0975359175517145
sub-084,control,lateral,house,4.5,-0.10647811760177764
sub-084,control,lateral,house,4.75,-0.10504343464129999
sub-084,control,lateral,house,5.0,-0.13136174140684728
sub-084,control,medial,house,0.25,0.5125107615388369
sub-084,control,medial,house,0.5,0.657653902549918
sub-084,control,medial,house,0.75,0.6983341781666053
sub-084,control,medial,house,1.0,0.7366346595795664
sub-084,control,medial,house,1.25,0.8494791936217971
sub-084,control,medial,house,1.5,0.948539079080668
sub-084,control,medial,house,1.75,0.9774131657392526
sub-084,control,medial,house,2.0,0.9756052708770505
sub-084,control,medial,house,2.25,0.9879806908913151
sub-084,control,medial,house,2.5,1.0
sub-084,control,medial,house,2.75,1.0
sub-084,control,medial,house,3.0,1.0
sub-084,control,medial,house,3.25,1.0
sub-084,control,medial,house,3.5,1.0
sub-084,control,medial,house,3.75,1.0
sub-084,control,medial,house,4.0,1.0
sub-084,control,medial,house,4.25,1.0
sub-084,control,medial,house,4.5,1.0
sub-084,control,medial,house,4.75,1.0
sub-084,control,medial,house,5.0,1.0
sub-084,control,whole,object,0.25,0.037153886609743295
sub-084,control,whole,object,0.5,0.024176194657697728
sub-084,control,whole,object,0.75,0.0070467159922685575
sub-084,control,whole,object,1.0,-0.01153764513988447
sub-084,control,whole,object,1.25,-0.025651481953156183
sub-084,control,whole,object,1.5,-0.03921683900752249
sub-084,control,whole,object,1.75,-0.043281948742528845
sub-084,control,whole,object,2.0,-0.026879603599512185
sub-084,control,whole,object,2.25,0.01095067647697348
sub-084,control,whole,object,2.5,0.060112311722468344
sub-084,control,whole,object,2.75,0.10326872192093024
sub-084,control,whole,object,3.0,0.16010137464961027
sub-084,control,whole,object,3.25,0.19273863505583255
sub-084,control,whole,object,3.5,0.2475502268507415
sub-084,control,whole,object,3.75,0.315454106519081
sub-084,control,whole,object,4.0,0.38253368646143693
sub-084,control,whole,object,4.25,0.4200523881318666
sub-084,control,whole,object,4.5,0.4376470313590467
sub-084,control,whole,object,4.75,0.5033919676514511
sub-084,control,whole,object,5.0,0.5648939401947629
sub-084,control,lateral,object,0.25,0.020790433618147867
sub-084,control,lateral,object,0.5,0.004212100005092391
sub-084,control,lateral,object,0.75,-0.009598164963742212
sub-084,control,lateral,object,1.0,-0.022889239146092345
sub-084,control,lateral,object,1.25,-0.03935631881683507
sub-084,control,lateral,object,1.5,-0.05189995798192687
sub-084,control,lateral,object,1.75,-0.04625720248732599
sub-084,control,lateral,object,2.0,-0.02828018405641852
sub-084,control,lateral,object,2.25,-0.0013814574369318778
sub-084,control,lateral,object,2.5,0.04881760306585137
sub-084,control,lateral,object,2.75,0.09819614765978503
sub-084,control,lateral,object,3.0,0.15978931747770894
sub-084,control,lateral,object,3.25,0.19502306555480584
sub-084,control,lateral,object,3.5,0.25210348540313576
sub-084,control,lateral,object,3.75,0.31442934756178403
sub-084,control,lateral,object,4.0,0.3871357152121042
sub-084,control,lateral,object,4.25,0.41596688831004497
sub-084,control,lateral,object,4.5,0.4456805428746632
sub-084,control,lateral,object,4.75,0.48595577529315065
sub-084,control,lateral,object,5.0,0.566689935529517
sub-084,control,medial,object,0.25,0.43114758758282823
sub-084,control,medial,object,0.5,0.4836333266040336
sub-084,control,medial,object,0.75,0.5808496084660103
sub-084,control,medial,object,1.0,0.6319848401917377
sub-084,control,medial,object,1.25,0.6408378071886799
sub-084,control,medial,object,1.5,0.6207479240538076
sub-084,control,medial,object,1.75,0.699084725336259
sub-084,control,medial,object,2.0,0.7305884142485448
sub-084,control,medial,object,2.25,0.9935042735042735
sub-084,control,medial,object,2.5,0.9873737373737372
sub-084,control,whole,word,0.25,0.10020824115380639
sub-084,control,whole,word,0.5,0.09040811005556132
sub-084,control,whole,word,0.75,0.0884378533828501
sub-084,control,whole,word,1.0,0.06963087424583062
sub-084,control,whole,word,1.25,0.05196749567099609
sub-084,control,whole,word,1.5,0.0039729399488573095
sub-084,control,whole,word,1.75,-0.025278633952777376
sub-084,control,whole,word,2.0,-0.04071286201497619
sub-084,control,whole,word,2.25,-0.02785585405548713
sub-084,control,whole,word,2.5,-0.013481782917435108
sub-084,control,whole,word,2.75,0.022066497854575075
sub-084,control,whole,word,3.0,0.0679784317553904
sub-084,control,whole,word,3.25,0.11489927741289478
sub-084,control,whole,word,3.5,0.13838635873500382
sub-084,control,whole,word,3.75,0.15493794414562398
sub-084,control,whole,word,4.0,0.14602171323432078
sub-084,control,whole,word,4.25,0.1777954708432809
sub-084,control,whole,word,4.5,0.1277297463515681
sub-084,control,whole,word,4.75,0.19350061893530032
sub-084,control,whole,word,5.0,0.2119706533013175
sub-084,control,lateral,word,0.25,0.12629513368946219
sub-084,control,lateral,word,0.5,0.10790515767225406
sub-084,control,lateral,word,0.75,0.10239478279811319
sub-084,control,lateral,word,1.0,0.08726615258085628
sub-084,control,lateral,word,1.25,0.07685496605140994
sub-084,control,lateral,word,1.5,0.025960778799630525
sub-084,control,lateral,word,1.75,-0.0054607588248317684
sub-084,control,lateral,word,2.0,-0.013808866205516555
sub-084,control,lateral,word,2.25,0.012712439949138375
sub-084,control,lateral,word,2.5,0.020580522297718912
sub-084,control,lateral,word,2.75,0.07093480972898768
sub-084,control,lateral,word,3.0,0.14315397844073355
sub-084,control,lateral,word,3.25,0.19806630341404796
sub-084,control,lateral,word,3.5,0.25662516040493677
sub-084,control,lateral,word,3.75,0.30993979131456156
sub-084,control,lateral,word,4.0,0.306078172091884
sub-084,control,lateral,word,4.25,0.2685507912827474
sub-084,control,lateral,word,4.5,0.236034293913329
sub-084,control,lateral,word,4.75,0.2913794613633413
sub-084,control,lateral,word,5.0,0.32261449707409146
sub-084,control,medial,word,0.25,-0.12985697686181757
sub-084,control,medial,word,0.5,-0.13479138031887522
sub-084,control,medial,word,0.75,-0.12406412333015972
sub-084,control,medial,word,1.0,-0.1418573357862133
sub-084,control,medial,word,1.25,-0.1723373284936022
sub-084,control,medial,word,1.5,-0.17975101082653283
sub-084,control,medial,word,1.75,-0.190602664775171
sub-084,control,medial,word,2.0,-0.2189400459757538
sub-084,control,medial,word,2.25,-0.24086845883300378
sub-084,control,medial,word,2.5,-0.2898973847036546
sub-084,control,medial,word,2.75,-0.35816302574912223
sub-084,control,medial,word,3.0,-0.39676116743931916
sub-084,control,medial,word,3.25,-0.44939061621085963
sub-084,control,medial,word,3.5,-0.46453984639656715
sub-084,control,medial,word,3.75,-0.5366448585984469
sub-084,control,medial,word,4.0,-0.5113831808357291
sub-084,control,medial,word,4.25,-0.4348355609950633
sub-084,control,medial,word,4.5,-0.4852933230291721
sub-084,control,medial,word,4.75,-0.8302864440795474
sub-084,control,medial,word,5.0,-0.8957440476190477
sub-087,control,whole,face,0.25,-0.2726539093777693
sub-087,control,whole,face,0.5,-0.29923737704178544
sub-087,control,whole,face,0.75,-0.3169060836725974
sub-087,control,whole,face,1.0,-0.3357999789033417
sub-087,control,whole,face,1.25,-0.34872617775335585
sub-087,control,whole,face,1.5,-0.35772089790797046
sub-087,control,whole,face,1.75,-0.36565790443948215
sub-087,control,whole,face,2.0,-0.36731118991293954
sub-087,control,whole,face,2.25,-0.35850084766660245
sub-087,control,whole,face,2.5,-0.35558206757328165
sub-087,control,whole,face,2.75,-0.3478954753132082
sub-087,control,whole,face,3.0,-0.35395906866895976
sub-087,control,whole,face,3.25,-0.35156109797202434
sub-087,control,whole,face,3.5,-0.3662034384568837
sub-087,control,whole,face,3.75,-0.38477501338504594
sub-087,control,whole,face,4.0,-0.3872370495331959
sub-087,control,whole,face,4.25,-0.395772546609165
sub-087,control,whole,face,4.5,-0.4106574705743632
sub-087,control,whole,face,4.75,-0.43484482553148157
sub-087,control,whole,face,5.0,-0.4548732280780458
sub-087,control,lateral,face,0.25,-0.3217723336053277
sub-087,control,lateral,face,0.5,-0.3380813159055577
sub-087,control,lateral,face,0.75,-0.36117584138885966
sub-087,control,lateral,face,1.0,-0.37766457814589754
sub-087,control,lateral,face,1.25,-0.39130968052807524
sub-087,control,lateral,face,1.5,-0.39707757178398234
sub-087,control,lateral,face,1.75,-0.39600112010935873
sub-087,control,lateral,face,2.0,-0.40192356268731927
sub-087,control,lateral,face,2.25,-0.3973156759066687
sub-087,control,lateral,face,2.5,-0.38489103017161486
sub-087,control,lateral,face,2.75,-0.38347004163133624
sub-087,control,lateral,face,3.0,-0.38641139165103305
sub-087,control,lateral,face,3.25,-0.37857538234415067
sub-087,control,lateral,face,3.5,-0.39281139041548874
sub-087,control,lateral,face,3.75,-0.40321391728975114
sub-087,control,lateral,face,4.0,-0.41604473790083213
sub-087,control,lateral,face,4.25,-0.4298515294295339
sub-087,control,lateral,face,4.5,-0.43806629671108416
sub-087,control,lateral,face,4.75,-0.45849379217505953
sub-087,control,lateral,face,5.0,-0.4813055131840052
sub-087,control,medial,face,0.25,-0.16109941355100188
sub-087,control,medial,face,0.5,-0.19578923962559908
sub-087,control,medial,face,0.75,-0.21459429379069914
sub-087,control,medial,face,1.0,-0.2292828200301738
sub-087,control,medial,face,1.25,-0.22770502365888481
sub-087,control,medial,face,1.5,-0.24083900487689872
sub-087,control,medial,face,1.75,-0.24002772361300548
sub-087,control,medial,face,2.0,-0.23157970352974588
sub-087,control,medial,face,2.25,-0.22752408435241617
sub-087,control,medial,face,2.5,-0.22715774691117985
sub-087,control,medial,face,2.75,-0.1982439145196024
sub-087,control,medial,face,3.0,-0.20296432878935367
sub-087,control,medial,face,3.25,-0.18602942848262688
sub-087,control,medial,face,3.5,-0.24640441191893658
sub-087,control,medial,face,3.75,-0.21445414490902373
sub-087,control,medial,face,4.0,-0.23428105330361546
sub-087,control,medial,face,4.25,-0.2577524887092572
sub-087,control,medial,face,4.5,-0.2335378858588173
sub-087,control,medial,face,4.75,-0.24799892221183062
sub-087,control,medial,face,5.0,-0.2591597588955737
sub-087,control,whole,house,0.25,-0.06023843217660265
sub-087,control,whole,house,0.5,-0.055004458910503956
sub-087,control,whole,house,0.75,-0.05081671257256753
sub-087,control,whole,house,1.0,-0.042260703134268926
sub-087,control,whole,house,1.25,-0.0317447539133415
sub-087,control,whole,house,1.5,-0.021997497607391024
sub-087,control,whole,house,1.75,-0.0180138992563347
sub-087,control,whole,house,2.0,-0.007879008349470269
sub-087,control,whole,house,2.25,-0.0014064982170944834
sub-087,control,whole,house,2.5,0.007518338282298247
sub-087,control,whole,house,2.75,0.004993220994133119
sub-087,control,whole,house,3.0,-0.004132075263775034
sub-087,control,whole,house,3.25,-0.0026893249761180986
sub-087,control,whole,house,3.5,-0.007887212599133522
sub-087,control,whole,house,3.75,-0.010245095626466454
sub-087,control,whole,house,4.0,-0.023557644925062758
sub-087,control,whole,house,4.25,-0.01911891609179272
sub-087,control,whole,house,4.5,-0.020055852462776705
sub-087,control,whole,house,4.75,-0.024841038650511984
sub-087,control,whole,house,5.0,-0.02458781152173388
sub-087,control,lateral,house,0.25,-0.05297525025651249
sub-087,control,lateral,house,0.5,-0.04404861588157617
sub-087,control,lateral,house,0.75,-0.03607721485283046
sub-087,control,lateral,house,1.0,-0.03284052787768417
sub-087,control,lateral,house,1.25,-0.02986314744287265
sub-087,control,lateral,house,1.5,-0.027985801069721584
sub-087,control,lateral,house,1.75,-0.030438988914798126
sub-087,control,lateral,house,2.0,-0.03591587569116783
sub-087,control,lateral,house,2.25,-0.03388277801592541
sub-087,control,lateral,house,2.5,-0.040209229635419695
sub-087,control,lateral,house,2.75,-0.04302850158399469
sub-087,control,lateral,house,3.0,-0.05475671937600549
sub-087,control,lateral,house,3.25,-0.06744546135403687
sub-087,control,lateral,house,3.5,-0.08029047144915685
sub-087,control,lateral,house,3.75,-0.09206355428448283
sub-087,control,lateral,house,4.0,-0.1131925044215972
sub-087,control,lateral,house,4.25,-0.1159553961501491
sub-087,control,lateral,house,4.5,-0.1274245653721957
sub-087,control,lateral,house,4.75,-0.11965057982471232
sub-087,control,lateral,house,5.0,-0.12253074781124332
sub-087,control,medial,house,0.25,-0.07275469896031098
sub-087,control,medial,house,0.5,-0.0724588209455209
sub-087,control,medial,house,0.75,-0.07330787222316654
sub-087,control,medial,house,1.0,-0.05784747179494612
sub-087,control,medial,house,1.25,-0.03940457073238718
sub-087,control,medial,house,1.5,-0.01290363418110287
sub-087,control,medial,house,1.75,0.012015399195746521
sub-087,control,medial,house,2.0,0.048125307155846286
sub-087,control,medial,house,2.25,0.06795122088656068
sub-087,control,medial,house,2.5,0.08268153587563783
sub-087,control,medial,house,2.75,0.08728541041521494
sub-087,control,medial,house,3.0,0.11013719380506934
sub-087,control,medial,house,3.25,0.10802482790380752
sub-087,control,medial,house,3.5,0.10973061573276705
sub-087,control,medial,house,3.75,0.10952303214268175
sub-087,control,medial,house,4.0,0.11449143777665084
sub-087,control,medial,house,4.25,0.11232519234329191
sub-087,control,medial,house,4.5,0.11608372286068101
sub-087,control,medial,house,4.75,0.10484368120424595
sub-087,control,medial,house,5.0,0.11072319056885163
sub-087,control,whole,object,0.25,0.19026974809251024
sub-087,control,whole,object,0.5,0.19828018183208804
sub-087,control,whole,object,0.75,0.20268292605764465
sub-087,control,whole,object,1.0,0.20115142374528097
sub-087,control,whole,object,1.25,0.2000431622374158
sub-087,control,whole,object,1.5,0.20765790942013773
sub-087,control,whole,object,1.75,0.19842655560347455
sub-087,control,whole,object,2.0,0.18894228238453095
sub-087,control,whole,object,2.25,0.1808578344616263
sub-087,control,whole,object,2.5,0.17740716645746937
sub-087,control,whole,object,2.75,0.17532488804946683
sub-087,control,whole,object,3.0,0.16001356298214187
sub-087,control,whole,object,3.25,0.17556890234045303
sub-087,control,whole,object,3.5,0.17943831273263208
sub-087,control,whole,object,3.75,0.18286514986734814
sub-087,control,whole,object,4.0,0.2120371135254289
sub-087,control,whole,object,4.25,0.2237981903469848
sub-087,control,whole,object,4.5,0.2579741075571327
sub-087,control,whole,object,4.75,0.27328013786185124
sub-087,control,whole,object,5.0,0.2958638529811313
sub-087,control,lateral,object,0.25,0.224391152750147
sub-087,control,lateral,object,0.5,0.22684668857608595
sub-087,control,lateral,object,0.75,0.22191443093215985
sub-087,control,lateral,object,1.0,0.2206245310932649
sub-087,control,lateral,object,1.25,0.21477443610890426
sub-087,control,lateral,object,1.5,0.21347889550583177
sub-087,control,lateral,object,1.75,0.2109003474030083
sub-087,control,lateral,object,2.0,0.2064604298511672
sub-087,control,lateral,object,2.25,0.19346224867279685
sub-087,control,lateral,object,2.5,0.19085593445179996
sub-087,control,lateral,object,2.75,0.17037116972154873
sub-087,control,lateral,object,3.0,0.1708738051487612
sub-087,control,lateral,object,3.25,0.17408464271794094
sub-087,control,lateral,object,3.5,0.16376281970006357
sub-087,control,lateral,object,3.75,0.1906770622383872
sub-087,control,lateral,object,4.0,0.20494472920996856
sub-087,control,lateral,object,4.25,0.21393021820120314
sub-087,control,lateral,object,4.5,0.24827707760404968
sub-087,control,lateral,object,4.75,0.2687430180763096
sub-087,control,lateral,object,5.0,0.28715752201713696
sub-087,control,medial,object,0.25,0.11563542397256271
sub-087,control,medial,object,0.5,0.1319825256959831
sub-087,control,medial,object,0.75,0.13140144224209613
sub-087,control,medial,object,1.0,0.12241644244628294
sub-087,control,medial,object,1.25,0.1354002002151046
sub-087,control,medial,object,1.5,0.15142215510442308
sub-087,control,medial,object,1.75,0.12286324364900691
sub-087,control,medial,object,2.0,0.13131963056160023
sub-087,control,medial,object,2.25,0.13840595703428207
sub-087,control,medial,object,2.5,0.1581432220249257
sub-087,control,medial,object,2.75,0.14369300096421928
sub-087,control,medial,object,3.0,0.15329660845073176
sub-087,control,medial,object,3.25,0.1772481784179491
sub-087,control,medial,object,3.5,0.18927227198670832
sub-087,control,medial,object,3.75,0.19699360288165965
sub-087,control,medial,object,4.0,0.22051144705127385
sub-087,control,medial,object,4.25,0.2859361730908377
sub-087,control,medial,object,4.5,0.3478269856972125
sub-087,control,medial,object,4.75,0.4304815892844471
sub-087,control,medial,object,5.0,0.4320002682643718
sub-087,control,whole,word,0.25,0.15137353722515173
sub-087,control,whole,word,0.5,0.1707911605873194
sub-087,control,whole,word,0.75,0.18222418377424923
sub-087,control,whole,word,1.0,0.21536556573470592
sub-087,control,whole,word,1.25,0.23821075747280646
sub-087,control,whole,word,1.5,0.2613014490383732
sub-087,control,whole,word,1.75,0.2668965731368395
sub-087,control,whole,word,2.0,0.2651650895566597
sub-087,control,whole,word,2.25,0.28585791724592113
sub-087,control,whole,word,2.5,0.30576532815887486
sub-087,control,whole,word,2.75,0.3173527364102229
sub-087,control,whole,word,3.0,0.3515339393837842
sub-087,control,whole,word,3.25,0.3883461319935398
sub-087,control,whole,word,3.5,0.44525401203227916
sub-087,control,whole,word,3.75,0.5663562924518973
sub-087,control,whole,word,4.0,0.700244132718428
sub-087,control,whole,word,4.25,0.7561790612597057
sub-087,control,whole,word,4.5,0.7917947553908662
sub-087,control,whole,word,4.75,0.808749405236401
sub-087,control,whole,word,5.0,0.8105368867956217
sub-087,control,lateral,word,0.25,0.15754345128381148
sub-087,control,lateral,word,0.5,0.16550885412866936
sub-087,control,lateral,word,0.75,0.17708826216235965
sub-087,control,lateral,word,1.0,0.19689070287542773
sub-087,control,lateral,word,1.25,0.22700814199188826
sub-087,control,lateral,word,1.5,0.2469446521541967
sub-087,control,lateral,word,1.75,0.26011569216566616
sub-087,control,lateral,word,2.0,0.25860178344411716
sub-087,control,lateral,word,2.25,0.2580693811509549
sub-087,control,lateral,word,2.5,0.28336453851927706
sub-087,control,lateral,word,2.75,0.30472063341588984
sub-087,control,lateral,word,3.0,0.3451169074069284
sub-087,control,lateral,word,3.25,0.38473227730608417
sub-087,control,lateral,word,3.5,0.44731362632784666
sub-087,control,lateral,word,3.75,0.6209896856616586
sub-087,control,lateral,word,4.0,0.833918582410481
sub-087,control,lateral,word,4.25,0.9437377477462686
sub-087,control,lateral,word,4.5,0.9905055131104553
sub-087,control,lateral,word,4.75,1.0
sub-087,control,lateral,word,5.0,1.0
sub-087,control,medial,word,0.25,0.14275514172502787
sub-087,control,medial,word,0.5,0.17081835880690607
sub-087,control,medial,word,0.75,0.19859682891511315
sub-087,control,medial,word,1.0,0.24583709986932523
sub-087,control,medial,word,1.25,0.26782932581346386
sub-087,control,medial,word,1.5,0.29931289529459293
sub-087,control,medial,word,1.75,0.3060332964899563
sub-087,control,medial,word,2.0,0.310809081424303
sub-087,control,medial,word,2.25,0.3320440543008762
sub-087,control,medial,word,2.5,0.37136879280246715
sub-087,control,medial,word,2.75,0.3601199365784708
sub-087,control,medial,word,3.0,0.394670546803818
sub-087,control,medial,word,3.25,0.389680554365566
sub-087,control,medial,word,3.5,0.4113304424833746
sub-087,control,medial,word,3.75,0.4478396577845558
sub-087,control,medial,word,4.0,0.4669584729974269
sub-087,control,medial,word,4.25,0.45756255576270843
sub-087,control,medial,word,4.5,0.4743468982938448
sub-087,control,medial,word,4.75,0.517009329704218
sub-087,control,medial,word,5.0,0.5319586347882077
sub-088,control,whole,face,0.25,-0.1430024339267984
sub-088,control,whole,face,0.5,-0.17055624974198907
sub-088,control,whole,face,0.75,-0.20582767619507272
sub-088,control,whole,face,1.0,-0.23444703472400844
sub-088,control,whole,face,1.25,-0.25617819403584713
sub-088,control,whole,face,1.5,-0.28711362025862014
sub-088,control,whole,face,1.75,-0.3379190171657186
sub-088,control,whole,face,2.0,-0.3851630635769873
sub-088,control,whole,face,2.25,-0.39612592276292913
sub-088,control,whole,face,2.5,-0.43040660084269655
sub-088,control,whole,face,2.75,-0.4326731497219141
sub-088,control,whole,face,3.0,-0.4619704295637406
sub-088,control,whole,face,3.25,-0.4711109972921906
sub-088,control,whole,face,3.5,-0.47386122239461204
sub-088,control,whole,face,3.75,-0.5095164499497511
sub-088,control,whole,face,4.0,-0.5357476757150448
sub-088,control,whole,face,4.25,-0.5438386785845055
sub-088,control,whole,face,4.5,-0.5812062218695718
sub-088,control,whole,face,4.75,-0.5680215756054864
sub-088,control,whole,face,5.0,-0.5914331850888774
sub-088,control,lateral,face,0.25,-0.19284512956607458
sub-088,control,lateral,face,0.5,-0.2046914524800231
sub-088,control,lateral,face,0.75,-0.24023022737591682
sub-088,control,lateral,face,1.0,-0.2703675765120379
sub-088,control,lateral,face,1.25,-0.2832276890754006
sub-088,control,lateral,face,1.5,-0.32463723401647654
sub-088,control,lateral,face,1.75,-0.37042552414986185
sub-088,control,lateral,face,2.0,-0.3948878899881922
sub-088,control,lateral,face,2.25,-0.41640488811046206
sub-088,control,lateral,face,2.5,-0.45005875613221813
sub-088,control,lateral,face,2.75,-0.4554840142303865
sub-088,control,lateral,face,3.0,-0.48399262295252304
sub-088,control,lateral,face,3.25,-0.48949089393672174
sub-088,control,lateral,face,3.5,-0.5124554507793159
sub-088,control,lateral,face,3.75,-0.5330820104051898
sub-088,control,lateral,face,4.0,-0.5586418945349899
sub-088,control,lateral,face,4.25,-0.5637435924670683
sub-088,control,lateral,face,4.5,-0.5858062213178225
sub-088,control,lateral,face,4.75,-0.595610472042852
sub-088,control,lateral,face,5.0,-0.5889993556254715
sub-088,control,medial,face,0.25,-0.027300171992591174
sub-088,control,medial,face,0.5,-0.042509479258104464
sub-088,control,medial,face,0.75,-0.10549482650512604
sub-088,control,medial,face,1.0,-0.10208538871214808
sub-088,control,medial,face,1.25,-0.1809918704772184
sub-088,control,medial,face,1.5,-0.18374740832975472
sub-088,control,medial,face,1.75,-0.2258615394756382
sub-088,control,medial,face,2.0,-0.285057185790755
sub-088,control,medial,face,2.25,-0.2956414952362666
sub-088,control,medial,face,2.5,-0.31768417431690815
sub-088,control,medial,face,2.75,-0.3189774748776657
sub-088,control,medial,face,3.0,-0.29057685515569676
sub-088,control,medial,face,3.25,-0.3388848224469968
sub-088,control,medial,face,3.5,-0.3128748275668939
sub-088,control,medial,face,3.75,-0.29977082496911417
sub-088,control,medial,face,4.0,-0.39436328759132877
sub-088,control,medial,face,4.25,-0.393941887704329
sub-088,control,medial,face,4.5,-0.4288927083224407
sub-088,control,medial,face,4.75,-0.44703330433510663
sub-088,control,medial,face,5.0,-0.4522771678389087
sub-088,control,whole,house,0.25,-0.08602375798195933
sub-088,control,whole,house,0.5,-0.10453240717167532
sub-088,control,whole,house,0.75,-0.11427347064434017
sub-088,control,whole,house,1.0,-0.1200549561619095
sub-088,control,whole,house,1.25,-0.12436800409534746
sub-088,control,whole,house,1.5,-0.12603731940582094
sub-088,control,whole,house,1.75,-0.1330989980196645
sub-088,control,whole,house,2.0,-0.1327758764948275
sub-088,control,whole,house,2.25,-0.13394168572717977
sub-088,control,whole,house,2.5,-0.14326925780198368
sub-088,control,whole,house,2.75,-0.14679292412693984
sub-088,control,whole,house,3.0,-0.15210173190132426
sub-088,control,whole,house,3.25,-0.15646299765551747
sub-088,control,whole,house,3.5,-0.1730868841240497
sub-088,control,whole,house,3.75,-0.17286036634850266
sub-088,control,whole,house,4.0,-0.1771733145387163
sub-088,control,whole,house,4.25,-0.18592365972161162
sub-088,control,whole,house,4.5,-0.1859981918657194
sub-088,control,whole,house,4.75,-0.20091641871876464
sub-088,control,whole,house,5.0,-0.2235081389308046
sub-088,control,lateral,house,0.25,-0.06515218920537114
sub-088,control,lateral,house,0.5,-0.09307840075661494
sub-088,control,lateral,house,0.75,-0.11013325109534876
sub-088,control,lateral,house,1.0,-0.12474015052121448
sub-088,control,lateral,house,1.25,-0.13093847356096452
sub-088,control,lateral,house,1.5,-0.14501289284406774
sub-088,control,lateral,house,1.75,-0.1545703985812725
sub-088,control,lateral,house,2.0,-0.15369169421123544
sub-088,control,lateral,house,2.25,-0.15918370864385215
sub-088,control,lateral,house,2.5,-0.16606979741067954
sub-088,control,lateral,house,2.75,-0.17619460381895943
sub-088,control,lateral,house,3.0,-0.1778577601497152
sub-088,control,lateral,house,3.25,-0.1805424550928877
sub-088,control,lateral,house,3.5,-0.18945876388377603
sub-088,control,lateral,house,3.75,-0.1910417185767926
sub-088,control,lateral,house,4.0,-0.19598362253246474
sub-088,control,lateral,house,4.25,-0.19159000555490022
sub-088,control,lateral,house,4.5,-0.17737702735758337
sub-088,control,lateral,house,4.75,-0.19098739042854718
sub-088,control,lateral,house,5.0,-0.20039344779725307
sub-088,control,medial,house,0.25,-0.13285039430284895
sub-088,control,medial,house,0.5,-0.12722119296253712
sub-088,control,medial,house,0.75,-0.1275546962480646
sub-088,control,medial,house,1.0,-0.11162142918891166
sub-088,control,medial,house,1.25,-0.08331089265610618
sub-088,control,medial,house,1.5,-0.08782625765932091
sub-088,control,medial,house,1.75,-0.06422488561463367
sub-088,control,medial,house,2.0,-0.041852852010734416
sub-088,control,medial,house,2.25,-0.0623655841087546
sub-088,control,medial,house,2.5,-0.04964972621299903
sub-088,control,medial,house,2.75,-0.06636622239446947
sub-088,control,medial,house,3.0,-0.055969497022178114
sub-088,control,medial,house,3.25,-0.07664773978537319
sub-088,control,medial,house,3.5,-0.06313200771821935
sub-088,control,medial,house,3.75,-0.10411942934588365
sub-088,control,medial,house,4.0,-0.12073439989373869
sub-088,control,medial,house,4.25,-0.1807116049769274
sub-088,control,medial,house,4.5,-0.2004239806582353
sub-088,control,medial,house,4.75,-0.24298756125782375
sub-088,control,medial,house,5.0,-0.30190796267554415
sub-088,control,whole,object,0.25,-0.015309493735673411
sub-088,control,whole,object,0.5,-0.014495850615855637
sub-088,control,whole,object,0.75,-0.004781050850715307
sub-088,control,whole,object,1.0,0.004564877272080484
sub-088,control,whole,object,1.25,0.015325563907329753
sub-088,control,whole,object,1.5,0.031181015167596124
sub-088,control,whole,object,1.75,0.04133985816387724
sub-088,control,whole,object,2.0,0.0557029972775993
sub-088,control,whole,object,2.25,0.06753493296980137
sub-088,control,whole,object,2.5,0.09261684491598941
sub-088,control,whole,object,2.75,0.10914538954603678
sub-088,control,whole,object,3.0,0.13670065925492034
sub-088,control,whole,object,3.25,0.16162113851357926
sub-088,control,whole,object,3.5,0.1868890307783362
sub-088,control,whole,object,3.75,0.22032159692677022
sub-088,control,whole,object,4.0,0.24233519970078607
sub-088,control,whole,object,4.25,0.2650105892384178
sub-088,control,whole,object,4.5,0.2977544911311822
sub-088,control,whole,object,4.75,0.3120301332059703
sub-088,control,whole,object,5.0,0.3318743685648855
sub-088,control,lateral,object,0.25,-0.012539092797495687
sub-088,control,lateral,object,0.5,-0.009290806137225317
sub-088,control,lateral,object,0.75,-0.0009329220893568762
sub-088,control,lateral,object,1.0,0.012707403694950886
sub-088,control,lateral,object,1.25,0.0187435768241836
sub-088,control,lateral,object,1.5,0.032949054707546846
sub-088,control,lateral,object,1.75,0.04491317171199099
sub-088,control,lateral,object,2.0,0.057315283402189235
sub-088,control,lateral,object,2.25,0.07153121791926012
sub-088,control,lateral,object,2.5,0.0845108263279087
sub-088,control,lateral,object,2.75,0.1031498966983071
sub-088,control,lateral,object,3.0,0.12592659205898954
sub-088,control,lateral,object,3.25,0.146189973107362
sub-088,control,lateral,object,3.5,0.16779888760479708
sub-088,control,lateral,object,3.75,0.19599098567208728
sub-088,control,lateral,object,4.0,0.21691106010172553
sub-088,control,lateral,object,4.25,0.24270915510857852
sub-088,control,lateral,object,4.5,0.269396221160478
sub-088,control,lateral,object,4.75,0.29022626618129904
sub-088,control,lateral,object,5.0,0.31030636400404565
sub-088,control,medial,object,0.25,-0.026099654414785414
sub-088,control,medial,object,0.5,-0.02427935161753986
sub-088,control,medial,object,0.75,-0.02169529167241548
sub-088,control,medial,object,1.0,-0.01391063088591733
sub-088,control,medial,object,1.25,-4.844578769074102e-05
sub-088,control,medial,object,1.5,0.01766206875545819
sub-088,control,medial,object,1.75,0.0291310840667324
sub-088,control,medial,object,2.0,0.05411971915535599
sub-088,control,medial,object,2.25,0.06548036764443278
sub-088,control,medial,object,2.5,0.10525756933460378
sub-088,control,medial,object,2.75,0.13540813561469237
sub-088,control,medial,object,3.0,0.17922888381450197
sub-088,control,medial,object,3.25,0.22934039623444832
sub-088,control,medial,object,3.5,0.28534611122753306
sub-088,control,medial,object,3.75,0.33456766692289003
sub-088,control,medial,object,4.0,0.3635287713997768
sub-088,control,medial,object,4.25,0.3831309770817265
sub-088,control,medial,object,4.5,0.4184078462021491
sub-088,control,medial,object,4.75,0.4325898110293654
sub-088,control,medial,object,5.0,0.4520709414848218
sub-088,control,whole,word,0.25,0.13489594517105824
sub-088,control,whole,word,0.5,0.13904702039973096
sub-088,control,whole,word,0.75,0.1478107268039474
sub-088,control,whole,word,1.0,0.1461944076015402
sub-088,control,whole,word,1.25,0.14279451947691787
sub-088,control,whole,word,1.5,0.14425267205363698
sub-088,control,whole,word,1.75,0.1480545991505097
sub-088,control,whole,word,2.0,0.1436531481222256
sub-088,control,whole,word,2.25,0.14361163962282056
sub-088,control,whole,word,2.5,0.1549065951797411
sub-088,control,whole,word,2.75,0.15026316459321898
sub-088,control,whole,word,3.0,0.16215644743802327
sub-088,control,whole,word,3.25,0.16133042672407757
sub-088,control,whole,word,3.5,0.17973123778749175
sub-088,control,whole,word,3.75,0.18448788122316442
sub-088,control,whole,word,4.0,0.20207584834337078
sub-088,control,whole,word,4.25,0.2294784751329248
sub-088,control,whole,word,4.5,0.2884740695140558
sub-088,control,whole,word,4.75,0.2778420460810946
sub-088,control,whole,word,5.0,0.29045728154222883
sub-088,control,lateral,word,0.25,0.18994852609680224
sub-088,control,lateral,word,0.5,0.18888539636736085
sub-088,control,lateral,word,0.75,0.1960041670560887
sub-088,control,lateral,word,1.0,0.18610642696037824
sub-088,control,lateral,word,1.25,0.1559102290845965
sub-088,control,lateral,word,1.5,0.14337495619385945
sub-088,control,lateral,word,1.75,0.11493296793158744
sub-088,control,lateral,word,2.0,0.09924655917457244
sub-088,control,lateral,word,2.25,0.09299827152704607
sub-088,control,lateral,word,2.5,0.09046003169703468
sub-088,control,lateral,word,2.75,0.09373670170800795
sub-088,control,lateral,word,3.0,0.0894115146751075
sub-088,control,lateral,word,3.25,0.10177270960856134
sub-088,control,lateral,word,3.5,0.12088875822009769
sub-088,control,lateral,word,3.75,0.1329852863581542
sub-088,control,lateral,word,4.0,0.16105439849756092
sub-088,control,lateral,word,4.25,0.17452249560280617
sub-088,control,lateral,word,4.5,0.20814996321390478
sub-088,control,lateral,word,4.75,0.19313328075802808
sub-088,control,lateral,word,5.0,0.22232677342058335
sub-088,control,medial,word,0.25,0.04098275363224163
sub-088,control,medial,word,0.5,0.05505530327891012
sub-088,control,medial,word,0.75,0.06983394635903309
sub-088,control,medial,word,1.0,0.08607612945649802
sub-088,control,medial,word,1.25,0.10959569030506064
sub-088,control,medial,word,1.5,0.1529676011514975
sub-088,control,medial,word,1.75,0.19926831176590787
sub-088,control,medial,word,2.0,0.24362865447195592
sub-088,control,medial,word,2.25,0.262115926625298
sub-088,control,medial,word,2.5,0.31139328646357184
sub-088,control,medial,word,2.75,0.3323547927840183
sub-088,control,medial,word,3.0,0.3429046832262662
sub-088,control,medial,word,3.25,0.39203256084832305
sub-088,control,medial,word,3.5,0.4389397345195865
sub-088,control,medial,word,3.75,0.4277644017943715
sub-088,control,medial,word,4.0,0.45112945201971544
sub-088,control,medial,word,4.25,0.4817154724413948
sub-088,control,medial,word,4.5,0.6742009635581994
sub-088,control,medial,word,4.75,0.6840664363671658
sub-088,control,medial,word,5.0,0.7392334272838734
sub-089,OTC,whole,face,0.25,0.039251857106159437
sub-089,OTC,whole,face,0.5,0.07410328169738462
sub-089,OTC,whole,face,0.75,0.1409136732299618
sub-089,OTC,whole,face,1.0,0.19598142716480904
sub-089,OTC,whole,face,1.25,0.2869201070803094
sub-089,OTC,whole,face,1.5,0.358869759540318
sub-089,OTC,whole,face,1.75,0.4357289933537907
sub-089,OTC,whole,face,2.0,0.5171600958521057
sub-089,OTC,whole,face,2.25,0.5470709590021569
sub-089,OTC,whole,face,2.5,0.5796595884772242
sub-089,OTC,whole,face,2.75,0.5866830600629639
sub-089,OTC,whole,face,3.0,0.5835178244382813
sub-089,OTC,whole,face,3.25,0.5775200210150141
sub-089,OTC,whole,face,3.5,0.5577018050110559
sub-089,OTC,whole,face,3.75,0.5611222869926905
sub-089,OTC,whole,face,4.0,0.5672622713194987
sub-089,OTC,whole,face,4.25,0.5538238473412133
sub-089,OTC,whole,face,4.5,0.568120782179531
sub-089,OTC,whole,face,4.75,0.565195460182148
sub-089,OTC,whole,face,5.0,0.5674337808115161
sub-089,OTC,lateral,face,0.25,0.13286205767599074
sub-089,OTC,lateral,face,0.5,0.19962664243093337
sub-089,OTC,lateral,face,0.75,0.28651701403025703
sub-089,OTC,lateral,face,1.0,0.3746948836121591
sub-089,OTC,lateral,face,1.25,0.48771397838189434
sub-089,OTC,lateral,face,1.5,0.552581825041753
sub-089,OTC,lateral,face,1.75,0.615022947852681
sub-089,OTC,lateral,face,2.0,0.6463491019124322
sub-089,OTC,lateral,face,2.25,0.6541231413367263
sub-089,OTC,lateral,face,2.5,0.657868525096735
sub-089,OTC,lateral,face,2.75,0.648515124556193
sub-089,OTC,lateral,face,3.0,0.6352231387828001
sub-089,OTC,lateral,face,3.25,0.6143533122408734
sub-089,OTC,lateral,face,3.5,0.6193252078138929
sub-089,OTC,lateral,face,3.75,0.5924922261952248
sub-089,OTC,lateral,face,4.0,0.5918923791904033
sub-089,OTC,lateral,face,4.25,0.5802804549805939
sub-089,OTC,lateral,face,4.5,0.586361856873253
sub-089,OTC,lateral,face,4.75,0.5633100369866441
sub-089,OTC,lateral,face,5.0,0.5518410660673173
sub-089,OTC,medial,face,0.25,-0.1379210983777791
sub-089,OTC,medial,face,0.5,-0.1520479569140608
sub-089,OTC,medial,face,0.75,-0.13569226739374865
sub-089,OTC,medial,face,1.0,-0.1443065103340914
sub-089,OTC,medial,face,1.25,-0.1303646458936204
sub-089,OTC,medial,face,1.5,-0.09775650583902624
sub-089,OTC,medial,face,1.75,-0.037714732831961244
sub-089,OTC,medial,face,2.0,0.04809711659027824
sub-089,OTC,medial,face,2.25,0.11123426332027832
sub-089,OTC,medial,face,2.5,0.1811350682995306
sub-089,OTC,medial,face,2.75,0.28052836811417814
sub-089,OTC,medial,face,3.0,0.33712663867503295
sub-089,OTC,medial,face,3.25,0.33103025669333114
sub-089,OTC,medial,face,3.5,0.3596131473055127
sub-089,OTC,medial,face,3.75,0.37815282239870684
sub-089,OTC,medial,face,4.0,0.4416911641289994
sub-089,OTC,medial,face,4.25,0.46975285171966513
sub-089,OTC,medial,face,4.5,0.48328140535476843
sub-089,OTC,medial,face,4.75,0.5010539418146355
sub-089,OTC,medial,face,5.0,0.643917515805997
sub-089,OTC,whole,house,0.25,0.1679793749602829
sub-089,OTC,whole,house,0.5,0.20368215277792395
sub-089,OTC,whole,house,0.75,0.2368454859220743
sub-089,OTC,whole,house,1.0,0.2682080426702038
sub-089,OTC,whole,house,1.25,0.2967926499101184
sub-089,OTC,whole,house,1.5,0.3171304831775861
sub-089,OTC,whole,house,1.75,0.3274082618537819
sub-089,OTC,whole,house,2.0,0.3422931844059546
sub-089,OTC,whole,house,2.25,0.3403341521908912
sub-089,OTC,whole,house,2.5,0.345105997116698
sub-089,OTC,whole,house,2.75,0.3551440680752957
sub-089,OTC,whole,house,3.0,0.36524286837208036
sub-089,OTC,whole,house,3.25,0.36793646760129567
sub-089,OTC,whole,house,3.5,0.3733028656223392
sub-089,OTC,whole,house,3.75,0.38754560920400843
sub-089,OTC,whole,house,4.0,0.40051695048319524
sub-089,OTC,whole,house,4.25,0.39637945783249706
sub-089,OTC,whole,house,4.5,0.3980834338595822
sub-089,OTC,whole,house,4.75,0.3947819947376852
sub-089,OTC,whole,house,5.0,0.3978394155482486
sub-089,OTC,lateral,house,0.25,0.29857270392213026
sub-089,OTC,lateral,house,0.5,0.3322481939032085
sub-089,OTC,lateral,house,0.75,0.36553521334648137
sub-089,OTC,lateral,house,1.0,0.39250063124610207
sub-089,OTC,lateral,house,1.25,0.40453131599087977
sub-089,OTC,lateral,house,1.5,0.4122196895385366
sub-089,OTC,lateral,house,1.75,0.4283196889496122
sub-089,OTC,lateral,house,2.0,0.42690113098546534
sub-089,OTC,lateral,house,2.25,0.4152037212906485
sub-089,OTC,lateral,house,2.5,0.4276813836661414
sub-089,OTC,lateral,house,2.75,0.4140454320372463
sub-089,OTC,lateral,house,3.0,0.42223725777639826
sub-089,OTC,lateral,house,3.25,0.42854610986348907
sub-089,OTC,lateral,house,3.5,0.4225681014288564
sub-089,OTC,lateral,house,3.75,0.4399338934606167
sub-089,OTC,lateral,house,4.0,0.44502105952563153
sub-089,OTC,lateral,house,4.25,0.44703374511441235
sub-089,OTC,lateral,house,4.5,0.44400398533486934
sub-089,OTC,lateral,house,4.75,0.4438477473334976
sub-089,OTC,lateral,house,5.0,0.43656881892538574
sub-089,OTC,medial,house,0.25,-0.0753310310811348
sub-089,OTC,medial,house,0.5,-0.06983576670278889
sub-089,OTC,medial,house,0.75,-0.0583693504801902
sub-089,OTC,medial,house,1.0,-0.037173819230842904
sub-089,OTC,medial,house,1.25,-0.025217393992281675
sub-089,OTC,medial,house,1.5,-0.0036731761397809527
sub-089,OTC,medial,house,1.75,0.004266091970591361
sub-089,OTC,medial,house,2.0,-0.011892448485118182
sub-089,OTC,medial,house,2.25,-0.004703693666095995
sub-089,OTC,medial,house,2.5,0.03967008441719189
sub-089,OTC,medial,house,2.75,0.056091806751619906
sub-089,OTC,medial,house,3.0,0.053403914164737804
sub-089,OTC,medial,house,3.25,0.059961613832920355
sub-089,OTC,medial,house,3.5,0.052324265773848085
sub-089,OTC,medial,house,3.75,0.049988632591627405
sub-089,OTC,medial,house,4.0,0.03627713709025042
sub-089,OTC,medial,house,4.25,0.062205737136908336
sub-089,OTC,medial,house,4.5,0.047346133268436626
sub-089,OTC,medial,house,4.75,0.0020610101330917163
sub-089,OTC,medial,house,5.0,-0.04250870501899138
sub-089,OTC,whole,object,0.25,-0.0008191828587167014
sub-089,OTC,whole,object,0.5,0.03079044418024441
sub-089,OTC,whole,object,0.75,0.0604492328848948
sub-089,OTC,whole,object,1.0,0.0969629889584798
sub-089,OTC,whole,object,1.25,0.14720999063629547
sub-089,OTC,whole,object,1.5,0.1944322804787527
sub-089,OTC,whole,object,1.75,0.23719437221913314
sub-089,OTC,whole,object,2.0,0.28107558479515576
sub-089,OTC,whole,object,2.25,0.33265645285453516
sub-089,OTC,whole,object,2.5,0.3715515730726057
sub-089,OTC,whole,object,2.75,0.4099848340403415
sub-089,OTC,whole,object,3.0,0.4428727055176481
sub-089,OTC,whole,object,3.25,0.4495938418982226
sub-089,OTC,whole,object,3.5,0.4609286535749114
sub-089,OTC,whole,object,3.75,0.47462657929610236
sub-089,OTC,whole,object,4.0,0.4893881057816813
sub-089,OTC,whole,object,4.25,0.4842390819143687
sub-089,OTC,whole,object,4.5,0.503886375523081
sub-089,OTC,whole,object,4.75,0.5052531149779091
sub-089,OTC,whole,object,5.0,0.5137161694981165
sub-089,OTC,lateral,object,0.25,-0.006164501030007149
sub-089,OTC,lateral,object,0.5,0.030537812894071852
sub-089,OTC,lateral,object,0.75,0.05961835190572243
sub-089,OTC,lateral,object,1.0,0.1013173029368988
sub-089,OTC,lateral,object,1.25,0.15000532214389364
sub-089,OTC,lateral,object,1.5,0.19636864991519964
sub-089,OTC,lateral,object,1.75,0.23869574839437874
sub-089,OTC,lateral,object,2.0,0.29011276767562355
sub-089,OTC,lateral,object,2.25,0.3508363988456852
sub-089,OTC,lateral,object,2.5,0.3911867691494424
sub-089,OTC,lateral,object,2.75,0.4371962093366252
sub-089,OTC,lateral,object,3.0,0.47154308441167475
sub-089,OTC,lateral,object,3.25,0.47761427051557215
sub-089,OTC,lateral,object,3.5,0.4848492010937367
sub-089,OTC,lateral,object,3.75,0.49735609100315636
sub-089,OTC,lateral,object,4.0,0.5118851367660897
sub-089,OTC,lateral,object,4.25,0.5171454659254809
sub-089,OTC,lateral,object,4.5,0.5351245676381408
sub-089,OTC,lateral,object,4.75,0.5319339999309857
sub-089,OTC,lateral,object,5.0,0.5364932050850802
sub-089,OTC,medial,object,0.25,0.02146994877775378
sub-089,OTC,medial,object,0.5,0.043450223533340236
sub-089,OTC,medial,object,0.75,0.05554507893882379
sub-089,OTC,medial,object,1.0,0.09651923529479095
sub-089,OTC,medial,object,1.25,0.14342871203495047
sub-089,OTC,medial,object,1.5,0.17994792923893257
sub-089,OTC,medial,object,1.75,0.19993378210793786
sub-089,OTC,medial,object,2.0,0.2193397857000968
sub-089,OTC,medial,object,2.25,0.24810891050990228
sub-089,OTC,medial,object,2.5,0.2581778968737558
sub-089,OTC,medial,object,2.75,0.2819206024213746
sub-089,OTC,medial,object,3.0,0.29304249328258747
sub-089,OTC,medial,object,3.25,0.3227749438622287
sub-089,OTC,medial,object,3.5,0.32360016452392776
sub-089,OTC,medial,object,3.75,0.3233219270717715
sub-089,OTC,medial,object,4.0,0.326289815985133
sub-089,OTC,medial,object,4.25,0.3282136312718471
sub-089,OTC,medial,object,4.5,0.2829889571798162
sub-089,OTC,medial,object,4.75,0.3308794492838327
sub-089,OTC,medial,object,5.0,0.3422737384283432
sub-089,OTC,whole,word,0.25,0.06473657803982283
sub-089,OTC,whole,word,0.5,0.12421354164249312
sub-089,OTC,whole,word,0.75,0.17851708456328963
sub-089,OTC,whole,word,1.0,0.24353103283866445
sub-089,OTC,whole,word,1.25,0.2839172321087596
sub-089,OTC,whole,word,1.5,0.31295413514767056
sub-089,OTC,whole,word,1.75,0.33857471060757355
sub-089,OTC,whole,word,2.0,0.3708831123987631
sub-089,OTC,whole,word,2.25,0.39422000236336985
sub-089,OTC,whole,word,2.5,0.4236810454555603
sub-089,OTC,whole,word,2.75,0.44986153292907743
sub-089,OTC,whole,word,3.0,0.456091649685809
sub-089,OTC,whole,word,3.25,0.4608319051098769
sub-089,OTC,whole,word,3.5,0.5050342912994891
sub-089,OTC,whole,word,3.75,0.5281915912221491
sub-089,OTC,whole,word,4.0,0.555448032731629
sub-089,OTC,whole,word,4.25,0.544950295281106
sub-089,OTC,whole,word,4.5,0.5562975425449319
sub-089,OTC,whole,word,4.75,0.5340924857691539
sub-089,OTC,whole,word,5.0,0.5197372043046888
sub-089,OTC,lateral,word,0.25,0.06781083061907403
sub-089,OTC,lateral,word,0.5,0.13570996577113348
sub-089,OTC,lateral,word,0.75,0.2218988071241108
sub-089,OTC,lateral,word,1.0,0.31251503734412284
sub-089,OTC,lateral,word,1.25,0.3763330631365648
sub-089,OTC,lateral,word,1.5,0.42903840825602024
sub-089,OTC,lateral,word,1.75,0.4920662653198451
sub-089,OTC,lateral,word,2.0,0.5424707254511776
sub-089,OTC,lateral,word,2.25,0.5892903120622246
sub-089,OTC,lateral,word,2.5,0.6187885072957292
sub-089,OTC,lateral,word,2.75,0.6480629955099192
sub-089,OTC,lateral,word,3.0,0.6638521603172811
sub-089,OTC,lateral,word,3.25,0.6428933902225056
sub-089,OTC,lateral,word,3.5,0.6519837568717195
sub-089,OTC,lateral,word,3.75,0.6655074256846005
sub-089,OTC,lateral,word,4.0,0.6640883745336422
sub-089,OTC,lateral,word,4.25,0.6686228751247117
sub-089,OTC,lateral,word,4.5,0.6590842893814064
sub-089,OTC,lateral,word,4.75,0.6290131863656021
sub-089,OTC,lateral,word,5.0,0.5844058438209483
sub-089,OTC,medial,word,0.25,0.05953654398330589
sub-089,OTC,medial,word,0.5,0.08686498994822874
sub-089,OTC,medial,word,0.75,0.1145170804249596
sub-089,OTC,medial,word,1.0,0.14029550226932733
sub-089,OTC,medial,word,1.25,0.15565200888988295
sub-089,OTC,medial,word,1.5,0.1728230073011758
sub-089,OTC,medial,word,1.75,0.20017143257423647
sub-089,OTC,medial,word,2.0,0.2126491280629186
sub-089,OTC,medial,word,2.25,0.23018040269311033
sub-089,OTC,medial,word,2.5,0.27318268556133896
sub-089,OTC,medial,word,2.75,0.3022879828039925
sub-089,OTC,medial,word,3.0,0.3192234346181922
sub-089,OTC,medial,word,3.25,0.3493044133641079
sub-089,OTC,medial,word,3.5,0.4085003445267513
sub-089,OTC,medial,word,3.75,0.42078952325117513
sub-089,OTC,medial,word,4.0,0.4743858675378783
sub-089,OTC,medial,word,4.25,0.45567215543828854
sub-089,OTC,medial,word,4.5,0.48393992561135674
sub-089,OTC,medial,word,4.75,0.4960456024378565
sub-089,OTC,medial,word,5.0,0.4780419724909684
sub-090,OTC,whole,face,0.25,-0.21096966815242804
sub-090,OTC,whole,face,0.5,-0.31503874574160257
sub-090,OTC,whole,face,0.75,-0.4317941026611058
sub-090,OTC,whole,face,1.0,-0.5404979209547632
sub-090,OTC,whole,face,1.25,-0.6268589287084749
sub-090,OTC,whole,face,1.5,-0.7034178337751028
sub-090,OTC,whole,face,1.75,-0.7842866828196737
sub-090,OTC,whole,face,2.0,-0.8645121899714415
sub-090,OTC,whole,face,2.25,-0.9201088781736659
sub-090,OTC,whole,face,2.5,-0.9591484847538885
sub-090,OTC,whole,face,2.75,-0.985162547398468
sub-090,OTC,whole,face,3.0,-1.0
sub-090,OTC,whole,face,3.25,-1.0
sub-090,OTC,whole,face,3.5,-1.0
sub-090,OTC,whole,face,3.75,-1.0
sub-090,OTC,whole,face,4.0,-1.0
sub-090,OTC,whole,face,4.25,-1.0
sub-090,OTC,whole,face,4.5,-1.0
sub-090,OTC,whole,face,4.75,-1.0
sub-090,OTC,whole,face,5.0,-1.0
sub-090,OTC,lateral,face,0.25,-0.2815329628519459
sub-090,OTC,lateral,face,0.5,-0.37707417154563266
sub-090,OTC,lateral,face,0.75,-0.47536853219047914
sub-090,OTC,lateral,face,1.0,-0.5879565681328727
sub-090,OTC,lateral,face,1.25,-0.664918046808768
sub-090,OTC,lateral,face,1.5,-0.7402189857775962
sub-090,OTC,lateral,face,1.75,-0.8086480148814708
sub-090,OTC,lateral,face,2.0,-0.8746983781235707
sub-090,OTC,lateral,face,2.25,-0.9303435828300392
sub-090,OTC,lateral,face,2.5,-0.9605598611171827
sub-090,OTC,lateral,face,2.75,-0.9859311623457326
sub-090,OTC,lateral,face,3.0,-1.0
sub-090,OTC,lateral,face,3.25,-1.0
sub-090,OTC,lateral,face,3.5,-1.0
sub-090,OTC,lateral,face,3.75,-1.0
sub-090,OTC,lateral,face,4.0,-1.0
sub-090,OTC,lateral,face,4.25,-1.0
sub-090,OTC,lateral,face,4.5,-1.0
sub-090,OTC,lateral,face,4.75,-1.0
sub-090,OTC,lateral,face,5.0,-1.0
sub-090,OTC,medial,face,0.25,-0.026444924363649855
sub-090,OTC,medial,face,0.5,-0.11799926620446273
sub-090,OTC,medial,face,0.75,-0.24455357599390126
sub-090,OTC,medial,face,1.0,-0.3683271592823169
sub-090,OTC,medial,face,1.25,-0.4661740086225713
sub-090,OTC,medial,face,1.5,-0.5710650111994269
sub-090,OTC,medial,face,1.75,-0.6648227416211487
sub-090,OTC,medial,face,2.0,-0.816080826155662
sub-090,OTC,medial,face,2.25,-0.897848892965726
sub-090,OTC,medial,face,2.5,-0.9697215370478739
sub-090,OTC,medial,face,2.75,-0.9896944358901342
sub-090,OTC,medial,face,3.0,-1.0
sub-090,OTC,medial,face,3.25,-1.0
sub-090,OTC,medial,face,3.5,-1.0
sub-090,OTC,medial,face,3.75,-1.0
sub-090,OTC,medial,face,4.0,-1.0
sub-090,OTC,medial,face,4.25,-1.0
sub-090,OTC,medial,face,4.5,-1.0
sub-090,OTC,medial,face,4.75,-1.0
sub-090,OTC,medial,face,5.0,-1.0
sub-090,OTC,whole,house,0.25,-0.30156891828045823
sub-090,OTC,whole,house,0.5,-0.3780205877623303
sub-090,OTC,whole,house,0.75,-0.46228499003590634
sub-090,OTC,whole,house,1.0,-0.546795783227204
sub-090,OTC,whole,house,1.25,-0.6345973727392515
sub-090,OTC,whole,house,1.5,-0.7232837008142751
sub-090,OTC,whole,house,1.75,-0.7846473046993284
sub-090,OTC,whole,house,2.0,-0.8401711139142043
sub-090,OTC,whole,house,2.25,-0.8954668680519751
sub-090,OTC,whole,house,2.5,-0.936982287863933
sub-090,OTC,whole,house,2.75,-0.9600018574377351
sub-090,OTC,whole,house,3.0,-0.982065677399534
sub-090,OTC,whole,house,3.25,-0.9967180078082493
sub-090,OTC,whole,house,3.5,-1.0
sub-090,OTC,whole,house,3.75,-1.0
sub-090,OTC,whole,house,4.0,-1.0
sub-090,OTC,whole,house,4.25,-1.0
sub-090,OTC,whole,house,4.5,-1.0
sub-090,OTC,whole,house,4.75,-1.0
sub-090,OTC,whole,house,5.0,-1.0
sub-090,OTC,lateral,house,0.25,-0.25783222212698226
sub-090,OTC,lateral,house,0.5,-0.3293935324307775
sub-090,OTC,lateral,house,0.75,-0.40969444553011064
sub-090,OTC,lateral,house,1.0,-0.49217431126947103
sub-090,OTC,lateral,house,1.25,-0.5908059757109071
sub-090,OTC,lateral,house,1.5,-0.6648525968996382
sub-090,OTC,lateral,house,1.75,-0.7261511192174609
sub-090,OTC,lateral,house,2.0,-0.7930332854373188
sub-090,OTC,lateral,house,2.25,-0.8524449088417387
sub-090,OTC,lateral,house,2.5,-0.9053355381566819
sub-090,OTC,lateral,house,2.75,-0.9337010104381283
sub-090,OTC,lateral,house,3.0,-0.9668685507597097
sub-090,OTC,lateral,house,3.25,-0.9937544878682657
sub-090,OTC,lateral,house,3.5,-1.0
sub-090,OTC,lateral,house,3.75,-1.0
sub-090,OTC,lateral,house,4.0,-1.0
sub-090,OTC,lateral,house,4.25,-1.0
sub-090,OTC,lateral,house,4.5,-1.0
sub-090,OTC,lateral,house,4.75,-1.0
sub-090,OTC,lateral,house,5.0,-1.0
sub-090,OTC,medial,house,0.25,-0.42573636942440607
sub-090,OTC,medial,house,0.5,-0.5034202160982707
sub-090,OTC,medial,house,0.75,-0.5972070733352881
sub-090,OTC,medial,house,1.0,-0.6851033862778705
sub-090,OTC,medial,house,1.25,-0.7701408798538025
sub-090,OTC,medial,house,1.5,-0.8603067146633673
sub-090,OTC,medial,house,1.75,-0.9209559037756446
sub-090,OTC,medial,house,2.0,-0.9746822012731813
sub-090,OTC,medial,house,2.25,-0.9889056024795696
sub-090,OTC,medial,house,2.5,-1.0
sub-090,OTC,medial,house,2.75,-1.0
sub-090,OTC,medial,house,3.0,-1.0
sub-090,OTC,medial,house,3.25,-1.0
sub-090,OTC,medial,house,3.5,-1.0
sub-090,OTC,medial,house,3.75,-1.0
sub-090,OTC,medial,house,4.0,-1.0
sub-090,OTC,medial,house,4.25,-1.0
sub-090,OTC,medial,house,4.5,-1.0
sub-090,OTC,medial,house,4.75,-1.0
sub-090,OTC,medial,house,5.0,-1.0
sub-090,OTC,whole,object,0.25,-0.24874384053931853
sub-090,OTC,whole,object,0.5,-0.33943361580706904
sub-090,OTC,whole,object,0.75,-0.44073652563966653
sub-090,OTC,whole,object,1.0,-0.526081822632033
sub-090,OTC,whole,object,1.25,-0.6276005768019464
sub-090,OTC,whole,object,1.5,-0.7262223569121368
sub-090,OTC,whole,object,1.75,-0.7907354650258127
sub-090,OTC,whole,object,2.0,-0.8738711524600293
sub-090,OTC,whole,object,2.25,-0.9076505057335287
sub-090,OTC,whole,object,2.5,-0.9449319442764813
sub-090,OTC,whole,object,2.75,-0.975233773829135
sub-090,OTC,whole,object,3.0,-0.9974220171490881
sub-090,OTC,whole,object,3.25,-1.0
sub-090,OTC,whole,object,3.5,-1.0
sub-090,OTC,whole,object,3.75,-1.0
sub-090,OTC,whole,object,4.0,-1.0
sub-090,OTC,whole,object,4.25,-1.0
sub-090,OTC,whole,object,4.5,-1.0
sub-090,OTC,whole,object,4.75,-1.0
sub-090,OTC,whole,object,5.0,-1.0
sub-090,OTC,lateral,object,0.25,-0.31376950152865946
sub-090,OTC,lateral,object,0.5,-0.4161027153400243
sub-090,OTC,lateral,object,0.75,-0.5044015339776782
sub-090,OTC,lateral,object,1.0,-0.5981038562805973
sub-090,OTC,lateral,object,1.25,-0.6953715823166842
sub-090,OTC,lateral,object,1.5,-0.7768751209343289
sub-090,OTC,lateral,object,1.75,-0.8461945358417302
sub-090,OTC,lateral,object,2.0,-0.9124252730017206
sub-090,OTC,lateral,object,2.25,-0.9370406725547825
sub-090,OTC,lateral,object,2.5,-0.9573184909043178
sub-090,OTC,lateral,object,2.75,-0.9799361783599078
sub-090,OTC,lateral,object,3.0,-0.9970346439476856
sub-090,OTC,lateral,object,3.25,-1.0
sub-090,OTC,lateral,object,3.5,-1.0
sub-090,OTC,lateral,object,3.75,-1.0
sub-090,OTC,lateral,object,4.0,-1.0
sub-090,OTC,lateral,object,4.25,-1.0
sub-090,OTC,lateral,object,4.5,-1.0
sub-090,OTC,lateral,object,4.75,-1.0
sub-090,OTC,lateral,object,5.0,-1.0
sub-090,OTC,medial,object,0.25,-0.06667715183128461
sub-090,OTC,medial,object,0.5,-0.10665904267124886
sub-090,OTC,medial,object,0.75,-0.1945461774147031
sub-090,OTC,medial,object,1.0,-0.24548673539049917
sub-090,OTC,medial,object,1.25,-0.3332965925368632
sub-090,OTC,medial,object,1.5,-0.45863590849153396
sub-090,OTC,medial,object,1.75,-0.5052954215801764
sub-090,OTC,medial,object,2.0,-0.6536634403860336
sub-090,OTC,medial,object,2.25,-0.7350023498372633
sub-090,OTC,medial,object,2.5,-0.8639775839089395
sub-090,OTC,medial,object,2.75,-0.9412076416755213
sub-090,OTC,medial,object,3.0,-1.0
sub-090,OTC,medial,object,3.25,-1.0
sub-090,OTC,medial,object,3.5,-1.0
sub-090,OTC,medial,object,3.75,-1.0
sub-090,OTC,medial,object,4.0,-1.0
sub-090,OTC,medial,object,4.25,-1.0
sub-090,OTC,whole,word,0.25,-0.04495759642735492
sub-090,OTC,whole,word,0.5,-0.05954343990790481
sub-090,OTC,whole,word,0.75,-0.06812476996731472
sub-090,OTC,whole,word,1.0,-0.08606084955667244
sub-090,OTC,whole,word,1.25,-0.11701320644826436
sub-090,OTC,whole,word,1.5,-0.13213964336849926
sub-090,OTC,whole,word,1.75,-0.15465533651174673
sub-090,OTC,whole,word,2.0,-0.2150048259143121
sub-090,OTC,whole,word,2.25,-0.30021024107511346
sub-090,OTC,whole,word,2.5,-0.3692607387517348
sub-090,OTC,whole,word,2.75,-0.48318849301644984
sub-090,OTC,whole,word,3.0,-0.5789200226492026
sub-090,OTC,whole,word,3.25,-0.7539558019985503
sub-090,OTC,whole,word,3.5,-0.8815557485756772
sub-090,OTC,whole,word,3.75,-0.9209212018867923
sub-090,OTC,whole,word,4.0,-0.9849817158881687
sub-090,OTC,whole,word,4.25,-1.0
sub-090,OTC,whole,word,4.5,-1.0
sub-090,OTC,whole,word,4.75,-1.0
sub-090,OTC,whole,word,5.0,-1.0
sub-090,OTC,lateral,word,0.25,-0.16406834740108853
sub-090,OTC,lateral,word,0.5,-0.2043858768022538
sub-090,OTC,lateral,word,0.75,-0.2116149965533244
sub-090,OTC,lateral,word,1.0,-0.24778383368631524
sub-090,OTC,lateral,word,1.25,-0.2593392136737453
sub-090,OTC,lateral,word,1.5,-0.2534314882364344
sub-090,OTC,lateral,word,1.75,-0.2512940359680992
sub-090,OTC,lateral,word,2.0,-0.2716413645734986
sub-090,OTC,lateral,word,2.25,-0.2911989824437591
sub-090,OTC,lateral,word,2.5,-0.3153797968174685
sub-090,OTC,lateral,word,2.75,-0.3971339001719387
sub-090,OTC,lateral,word,3.0,-0.5424370293350544
sub-090,OTC,lateral,word,3.25,-0.7743457642852336
sub-090,OTC,lateral,word,3.5,-0.9448190017670277
sub-090,OTC,lateral,word,3.75,-0.9982592592592592
sub-090,OTC,lateral,word,4.0,-1.0
sub-090,OTC,lateral,word,4.25,-1.0
sub-090,OTC,lateral,word,4.5,-1.0
sub-090,OTC,lateral,word,4.75,-1.0
sub-090,OTC,lateral,word,5.0,-1.0
sub-090,OTC,medial,word,0.25,0.12328248979497157
sub-090,OTC,medial,word,0.5,0.13972711861794773
sub-090,OTC,medial,word,0.75,0.11998759487827541
sub-090,OTC,medial,word,1.0,0.1009515957247763
sub-090,OTC,medial,word,1.25,0.05598799761757065
sub-090,OTC,medial,word,1.5,-0.005239643404716197
sub-090,OTC,medial,word,1.75,-0.04691470895884211
sub-090,OTC,medial,word,2.0,-0.16200021284001376
sub-090,OTC,medial,word,2.25,-0.2997921499819667
sub-090,OTC,medial,word,2.5,-0.42621364654284316
sub-090,OTC,medial,word,2.75,-0.5357011265985648
sub-090,OTC,medial,word,3.0,-0.623359658046613
sub-090,OTC,medial,word,3.25,-0.74368454431592
sub-090,OTC,medial,word,3.5,-0.8149532772604672
sub-090,OTC,medial,word,3.75,-0.831975078995137
sub-090,OTC,medial,word,4.0,-0.9555708284109463
sub-090,OTC,medial,word,4.25,-0.9892475171886936
sub-090,OTC,medial,word,4.5,-1.0
sub-090,OTC,medial,word,4.75,-1.0
sub-090,OTC,medial,word,5.0,-1.0
sub-092,OTC,whole,face,0.25,0.014475965793709964
sub-092,OTC,whole,face,0.5,0.025111820862053148
sub-092,OTC,whole,face,0.75,0.038471441341808764
sub-092,OTC,whole,face,1.0,0.040738501607355634
sub-092,OTC,whole,face,1.25,0.045226969920452345
sub-092,OTC,whole,face,1.5,0.012816056209305775
sub-092,OTC,whole,face,1.75,-0.047032130973982
sub-092,OTC,whole,face,2.0,-0.09452737700701798
sub-092,OTC,whole,face,2.25,-0.17959331014281205
sub-092,OTC,whole,face,2.5,-0.27501406682326157
sub-092,OTC,whole,face,2.75,-0.3332924501234835
sub-092,OTC,whole,face,3.0,-0.44851564660366045
sub-092,OTC,whole,face,3.25,-0.549632741927656
sub-092,OTC,whole,face,3.5,-0.70303020496365
sub-092,OTC,whole,face,3.75,-0.8057665701100358
sub-092,OTC,whole,face,4.0,-0.9078583201484725
sub-092,OTC,whole,face,4.25,-0.9967514843894503
sub-092,OTC,whole,face,4.5,-1.0
sub-092,OTC,whole,face,4.75,-1.0
sub-092,OTC,whole,face,5.0,-1.0
sub-092,OTC,lateral,face,0.25,-0.01106566519559669
sub-092,OTC,lateral,face,0.5,-0.0007591922039570406
sub-092,OTC,lateral,face,0.75,0.008128206687245928
sub-092,OTC,lateral,face,1.0,0.012992180507688418
sub-092,OTC,lateral,face,1.25,0.014650808460721277
sub-092,OTC,lateral,face,1.5,-0.012434173017080483
sub-092,OTC,lateral,face,1.75,-0.06291668206604985
sub-092,OTC,lateral,face,2.0,-0.11548732807898024
sub-092,OTC,lateral,face,2.25,-0.20217115327409552
sub-092,OTC,lateral,face,2.5,-0.29424195517549184
sub-092,OTC,lateral,face,2.75,-0.34818312106807175
sub-092,OTC,lateral,face,3.0,-0.4188777036596736
sub-092,OTC,lateral,face,3.25,-0.5302305947986041
sub-092,OTC,lateral,face,3.5,-0.7013701733589939
sub-092,OTC,lateral,face,3.75,-0.80517175528758
sub-092,OTC,lateral,face,4.0,-0.9149020545799392
sub-092,OTC,lateral,face,4.25,-0.9928887640126277
sub-092,OTC,lateral,face,4.5,-1.0
sub-092,OTC,lateral,face,4.75,-1.0
sub-092,OTC,lateral,face,5.0,-1.0
sub-092,OTC,medial,face,0.25,0.08612730480301395
sub-092,OTC,medial,face,0.5,0.10838974147489205
sub-092,OTC,medial,face,0.75,0.1280087230365101
sub-092,OTC,medial,face,1.0,0.15235825289993937
sub-092,OTC,medial,face,1.25,0.16523336844366238
sub-092,OTC,medial,face,1.5,0.15788776227400653
sub-092,OTC,medial,face,1.75,0.09619505387401876
sub-092,OTC,medial,face,2.0,0.05436103484478388
sub-092,OTC,medial,face,2.25,-0.018454717939635615
sub-092,OTC,medial,face,2.5,-0.1568978320651129
sub-092,OTC,medial,face,2.75,-0.28040554403971674
sub-092,OTC,medial,face,3.0,-0.7632045772138654
sub-092,OTC,medial,face,3.25,-1.0
sub-092,OTC,medial,face,3.5,-1.0
sub-092,OTC,medial,face,3.75,-1.0
sub-092,OTC,medial,face,4.0,-1.0
sub-092,OTC,medial,face,4.25,-1.0
sub-092,OTC,whole,house,0.25,-0.43752973099468634
sub-092,OTC,whole,house,0.5,-0.49111422265558025
sub-092,OTC,whole,house,0.75,-0.5421485672873156
sub-092,OTC,whole,house,1.0,-0.6055510604851148
sub-092,OTC,whole,house,1.25,-0.6832462354680345
sub-092,OTC,whole,house,1.5,-0.7798629905005453
sub-092,OTC,whole,house,1.75,-0.8496147611842555
sub-092,OTC,whole,house,2.0,-0.9046134925743635
sub-092,OTC,whole,house,2.25,-0.9478302853401086
sub-092,OTC,whole,house,2.5,-0.9660344027892956
sub-092,OTC,whole,house,2.75,-0.9807354810754845
sub-092,OTC,whole,house,3.0,-0.9981394559818546
sub-092,OTC,whole,house,3.25,-1.0
sub-092,OTC,whole,house,3.5,-1.0
sub-092,OTC,whole,house,3.75,-1.0
sub-092,OTC,whole,house,4.0,-1.0
sub-092,OTC,whole,house,4.25,-1.0
sub-092,OTC,whole,house,4.5,-1.0
sub-092,OTC,whole,house,4.75,-1.0
sub-092,OTC,whole,house,5.0,-1.0
sub-092,OTC,lateral,house,0.25,-0.5135195033206964
sub-092,OTC,lateral,house,0.5,-0.574097647637072
sub-092,OTC,lateral,house,0.75,-0.6469578668867286
sub-092,OTC,lateral,house,1.0,-0.7240125040105856
sub-092,OTC,lateral,house,1.25,-0.802168499549932
sub-092,OTC,lateral,house,1.5,-0.9089581388582267
sub-092,OTC,lateral,house,1.75,-0.9749797651327446
sub-092,OTC,lateral,house,2.0,-1.0
sub-092,OTC,lateral,house,2.25,-1.0
sub-092,OTC,lateral,house,2.5,-1.0
sub-092,OTC,lateral,house,2.75,-1.0
sub-092,OTC,lateral,house,3.0,-1.0
sub-092,OTC,lateral,house,3.25,-1.0
sub-092,OTC,lateral,house,3.5,-1.0
sub-092,OTC,lateral,house,3.75,-1.0
sub-092,OTC,lateral,house,4.0,-1.0
sub-092,OTC,lateral,house,4.25,-1.0
sub-092,OTC,lateral,house,4.5,-1.0
sub-092,OTC,lateral,house,4.75,-1.0
sub-092,OTC,lateral,house,5.0,-1.0
sub-092,OTC,medial,house,0.25,-0.35083549489811233
sub-092,OTC,medial,house,0.5,-0.38570137364759033
sub-092,OTC,medial,house,0.75,-0.4198957091651699
sub-092,OTC,medial,house,1.0,-0.46676531398723936
sub-092,OTC,medial,house,1.25,-0.5128372360091069
sub-092,OTC,medial,house,1.5,-0.598862707587599
sub-092,OTC,medial,house,1.75,-0.6677713104525083
sub-092,OTC,medial,house,2.0,-0.7582435874423181
sub-092,OTC,medial,house,2.25,-0.8545878099279708
sub-092,OTC,medial,house,2.5,-0.9000372308130701
sub-092,OTC,medial,house,2.75,-0.9405173566678493
sub-092,OTC,medial,house,3.0,-0.9930892327807986
sub-092,OTC,medial,house,3.25,-1.0
sub-092,OTC,medial,house,3.5,-1.0
sub-092,OTC,medial,house,3.75,-1.0
sub-092,OTC,medial,house,4.0,-1.0
sub-092,OTC,medial,house,4.25,-1.0
sub-092,OTC,medial,house,4.5,-1.0
sub-092,OTC,medial,house,4.75,-1.0
sub-092,OTC,medial,house,5.0,-1.0
sub-092,OTC,whole,object,0.25,0.12012678850352947
sub-092,OTC,whole,object,0.5,0.11853892547476043
sub-092,OTC,whole,object,0.75,0.12398611390890013
sub-092,OTC,whole,object,1.0,0.1244224818283276
sub-092,OTC,whole,object,1.25,0.10766590819415185
sub-092,OTC,whole,object,1.5,0.05674469555367976
sub-092,OTC,whole,object,1.75,-0.0034439460084525956
sub-092,OTC,whole,object,2.0,-0.13613956083494347
sub-092,OTC,whole,object,2.25,-0.2399839226976668
sub-092,OTC,whole,object,2.5,-0.3824235003177612
sub-092,OTC,whole,object,2.75,-0.4771795767090795
sub-092,OTC,whole,object,3.0,-0.5633911147629833
sub-092,OTC,whole,object,3.25,-0.5532709687206979
sub-092,OTC,whole,object,3.5,-0.5870943299424348
sub-092,OTC,whole,object,3.75,-0.595069689916104
sub-092,OTC,whole,object,4.0,-0.5285041022257171
sub-092,OTC,whole,object,4.25,-0.6615586816779678
sub-092,OTC,whole,object,4.5,-0.6463419243591656
sub-092,OTC,whole,object,4.75,-0.622943722943723
sub-092,OTC,whole,object,5.0,-0.9051485551485547
sub-092,OTC,lateral,object,0.25,0.10856229274227544
sub-092,OTC,lateral,object,0.5,0.05477645103154047
sub-092,OTC,lateral,object,0.75,0.016512586028408348
sub-092,OTC,lateral,object,1.0,-0.026198249249021234
sub-092,OTC,lateral,object,1.25,-0.05159829074144445
sub-092,OTC,lateral,object,1.5,-0.11105408318034093
sub-092,OTC,lateral,object,1.75,-0.15719932659425465
sub-092,OTC,lateral,object,2.0,-0.2539320955416887
sub-092,OTC,lateral,object,2.25,-0.3330941568440461
sub-092,OTC,lateral,object,2.5,-0.4083158432346654
sub-092,OTC,lateral,object,2.75,-0.4837163915909809
sub-092,OTC,lateral,object,3.0,-0.5723609578976049
sub-092,OTC,lateral,object,3.25,-0.5262741573595954
sub-092,OTC,lateral,object,3.5,-0.5950149058191022
sub-092,OTC,lateral,object,3.75,-0.5855961564399884
sub-092,OTC,lateral,object,4.0,-0.5366239123292638
sub-092,OTC,lateral,object,4.25,-0.6713279994515289
sub-092,OTC,lateral,object,4.5,-0.688685691543627
sub-092,OTC,lateral,object,4.75,-0.6318826472672625
sub-092,OTC,lateral,object,5.0,-0.8846624593612546
sub-092,OTC,medial,object,0.25,0.1430524204847925
sub-092,OTC,medial,object,0.5,0.21687164653002314
sub-092,OTC,medial,object,0.75,0.2823071561870751
sub-092,OTC,medial,object,1.0,0.40454869015718836
sub-092,OTC,medial,object,1.25,0.4470177165907313
sub-092,OTC,medial,object,1.5,0.4849755951290764
sub-092,OTC,medial,object,1.75,0.5293709451599032
sub-092,OTC,medial,object,2.0,0.48322034310849304
sub-092,OTC,medial,object,2.25,0.42307093729649037
sub-092,OTC,medial,object,2.5,0.10433929706656979
sub-092,OTC,medial,object,2.75,-0.006790123456790124
sub-092,OTC,whole,word,0.25,-0.057971847564674925
sub-092,OTC,whole,word,0.5,-0.10751167274356806
sub-092,OTC,whole,word,0.75,-0.16693454981678205
sub-092,OTC,whole,word,1.0,-0.24316430319179289
sub-092,OTC,whole,word,1.25,-0.3376340577468826
sub-092,OTC,whole,word,1.5,-0.4566249260747884
sub-092,OTC,whole,word,1.75,-0.5904677999338788
sub-092,OTC,whole,word,2.0,-0.7112388307917875
sub-092,OTC,whole,word,2.25,-0.8161933369189502
sub-092,OTC,whole,word,2.5,-0.9059435649405273
sub-092,OTC,whole,word,2.75,-0.950089097253842
sub-092,OTC,whole,word,3.0,-0.9805105526701412
sub-092,OTC,whole,word,3.25,-0.9963785784978849
sub-092,OTC,whole,word,3.5,-0.9989190754412842
sub-092,OTC,whole,word,3.75,-1.0
sub-092,OTC,whole,word,4.0,-1.0
sub-092,OTC,whole,word,4.25,-1.0
sub-092,OTC,whole,word,4.5,-1.0
sub-092,OTC,whole,word,4.75,-1.0
sub-092,OTC,whole,word,5.0,-1.0
sub-092,OTC,lateral,word,0.25,-0.08786007888008655
sub-092,OTC,lateral,word,0.5,-0.1451271998334115
sub-092,OTC,lateral,word,0.75,-0.20035847644456453
sub-092,OTC,lateral,word,1.0,-0.2819843092806304
sub-092,OTC,lateral,word,1.25,-0.37347154480669376
sub-092,OTC,lateral,word,1.5,-0.5050733751306951
sub-092,OTC,lateral,word,1.75,-0.6508494556657516
sub-092,OTC,lateral,word,2.0,-0.7729830609435154
sub-092,OTC,lateral,word,2.25,-0.8666476115200846
sub-092,OTC,lateral,word,2.5,-0.9411424837239645
sub-092,OTC,lateral,word,2.75,-0.972924966216865
sub-092,OTC,lateral,word,3.0,-0.991938193925626
sub-092,OTC,lateral,word,3.25,-1.0
sub-092,OTC,lateral,word,3.5,-1.0
sub-092,OTC,lateral,word,3.75,-1.0
sub-092,OTC,lateral,word,4.0,-1.0
sub-092,OTC,lateral,word,4.25,-1.0
sub-092,OTC,lateral,word,4.5,-1.0
sub-092,OTC,lateral,word,4.75,-1.0
sub-092,OTC,lateral,word,5.0,-1.0
sub-092,OTC,medial,word,0.25,0.009737943785325182
sub-092,OTC,medial,word,0.5,-0.01436648922144774
sub-092,OTC,medial,word,0.75,-0.04319061998059579
sub-092,OTC,medial,word,1.0,-0.07816834669751849
sub-092,OTC,medial,word,1.25,-0.1493169295930643
sub-092,OTC,medial,word,1.5,-0.19799339298570057
sub-092,OTC,medial,word,1.75,-0.23929222454776317
sub-092,OTC,medial,word,2.0,-0.286376464147395
sub-092,OTC,medial,word,2.25,-0.4230329155817136
sub-092,OTC,medial,word,2.5,-0.5300244176690366
sub-092,OTC,medial,word,2.75,-0.6771255925330558
sub-092,OTC,medial,word,3.0,-0.7714089939937846
sub-092,OTC,medial,word,3.25,-0.8444793001093271
sub-092,OTC,medial,word,3.5,-0.9562913210443982
sub-092,OTC,medial,word,3.75,-1.0
sub-092,OTC,medial,word,4.0,-1.0
sub-092,OTC,medial,word,4.25,-1.0
sub-092,OTC,medial,word,4.5,-1.0
sub-092,OTC,medial,word,4.75,-1.0
sub-092,OTC,medial,word,5.0,-1.0
sub-093,control,whole,face,0.25,-0.2926890404859945
sub-093,control,whole,face,0.5,-0.3212677850751777
sub-093,control,whole,face,0.75,-0.3283680568851187
sub-093,control,whole,face,1.0,-0.3218987917446672
sub-093,control,whole,face,1.25,-0.32835766051864523
sub-093,control,whole,face,1.5,-0.3103366409801345
sub-093,control,whole,face,1.75,-0.31502423633314736
sub-093,control,whole,face,2.0,-0.30377943408777813
sub-093,control,whole,face,2.25,-0.30137069622125845
sub-093,control,whole,face,2.5,-0.31730065057369716
sub-093,control,whole,face,2.75,-0.30757671819639154
sub-093,control,whole,face,3.0,-0.32552056431017357
sub-093,control,whole,face,3.25,-0.3538748268205847
sub-093,control,whole,face,3.5,-0.3852542723621404
sub-093,control,whole,face,3.75,-0.38817364166261015
sub-093,control,whole,face,4.0,-0.38869026229009485
sub-093,control,whole,face,4.25,-0.43149208705486497
sub-093,control,whole,face,4.5,-0.466015178101776
sub-093,control,whole,face,4.75,-0.45388914229447086
sub-093,control,whole,face,5.0,-0.5030991900501536
sub-093,control,lateral,face,0.25,-0.3893978811902447
sub-093,control,lateral,face,0.5,-0.4322433838676751
sub-093,control,lateral,face,0.75,-0.4589706222294888
sub-093,control,lateral,face,1.0,-0.4823188426378004
sub-093,control,lateral,face,1.25,-0.489313248171666
sub-093,control,lateral,face,1.5,-0.49705324486059704
sub-093,control,lateral,face,1.75,-0.5065442466338441
sub-093,control,lateral,face,2.0,-0.48073053170953534
sub-093,control,lateral,face,2.25,-0.49410728320065805
sub-093,control,lateral,face,2.5,-0.4983939136505499
sub-093,control,lateral,face,2.75,-0.5083762816413875
sub-093,control,lateral,face,3.0,-0.5042423317345385
sub-093,control,lateral,face,3.25,-0.5254464297195802
sub-093,control,lateral,face,3.5,-0.5196321688894345
sub-093,control,lateral,face,3.75,-0.5054324497044382
sub-093,control,lateral,face,4.0,-0.5224443940725281
sub-093,control,lateral,face,4.25,-0.5300435467333262
sub-093,control,lateral,face,4.5,-0.5536251227100357
sub-093,control,lateral,face,4.75,-0.5664020816448566
sub-093,control,lateral,face,5.0,-0.5789541429428227
sub-093,control,medial,face,0.25,-0.1610060719497312
sub-093,control,medial,face,0.5,-0.14116525892530363
sub-093,control,medial,face,0.75,-0.11062758804914101
sub-093,control,medial,face,1.0,-0.09242908480893586
sub-093,control,medial,face,1.25,-0.05995674247297564
sub-093,control,medial,face,1.5,-0.019605048874094724
sub-093,control,medial,face,1.75,0.06294214057557351
sub-093,control,medial,face,2.0,0.10980030063565831
sub-093,control,medial,face,2.25,0.15672027505389335
sub-093,control,medial,face,2.5,0.19059665055666097
sub-093,control,medial,face,2.75,0.26738772400596666
sub-093,control,medial,face,3.0,0.3119827348183869
sub-093,control,medial,face,3.25,0.2790057029226707
sub-093,control,medial,face,3.5,0.29240288624528055
sub-093,control,medial,face,3.75,0.3012659759065114
sub-093,control,medial,face,4.0,0.2872804631594315
sub-093,control,medial,face,4.25,0.26582571676024586
sub-093,control,medial,face,4.5,0.23903370324865922
sub-093,control,medial,face,4.75,0.33154273393706696
sub-093,control,medial,face,5.0,0.2523928746150968
sub-093,control,whole,house,0.25,-0.03415721698213576
sub-093,control,whole,house,0.5,-0.040995112269760936
sub-093,control,whole,house,0.75,-0.05026220534042029
sub-093,control,whole,house,1.0,-0.06144548115156203
sub-093,control,whole,house,1.25,-0.07067368360956804
sub-093,control,whole,house,1.5,-0.07734624612488368
sub-093,control,whole,house,1.75,-0.08562032685911296
sub-093,control,whole,house,2.0,-0.10246171251901631
sub-093,control,whole,house,2.25,-0.12378336392052866
sub-093,control,whole,house,2.5,-0.13690083424087804
sub-093,control,whole,house,2.75,-0.15339023094787962
sub-093,control,whole,house,3.0,-0.16620139823173286
sub-093,control,whole,house,3.25,-0.17442672091566652
sub-093,control,whole,house,3.5,-0.17328258686953493
sub-093,control,whole,house,3.75,-0.16842978728356953
sub-093,control,whole,house,4.0,-0.1633502890986827
sub-093,control,whole,house,4.25,-0.14962478512198862
sub-093,control,whole,house,4.5,-0.14614144485924008
sub-093,control,whole,house,4.75,-0.15105711023352686
sub-093,control,whole,house,5.0,-0.14702764066229634
sub-093,control,lateral,house,0.25,-0.003125980311364334
sub-093,control,lateral,house,0.5,-0.009200633987052073
sub-093,control,lateral,house,0.75,-0.01878731226842019
sub-093,control,lateral,house,1.0,-0.03050851446067078
sub-093,control,lateral,house,1.25,-0.0396626933270728
sub-093,control,lateral,house,1.5,-0.04960482314744089
sub-093,control,lateral,house,1.75,-0.06268535810962568
sub-093,control,lateral,house,2.0,-0.08830081701669006
sub-093,control,lateral,house,2.25,-0.10988940534135701
sub-093,control,lateral,house,2.5,-0.13091583116832325
sub-093,control,lateral,house,2.75,-0.15050370692212464
sub-093,control,lateral,house,3.0,-0.16841405826753036
sub-093,control,lateral,house,3.25,-0.17793682405855912
sub-093,control,lateral,house,3.5,-0.17874755754078503
sub-093,control,lateral,house,3.75,-0.17560795685643993
sub-093,control,lateral,house,4.0,-0.16566652106217816
sub-093,control,lateral,house,4.25,-0.15591185395123786
sub-093,control,lateral,house,4.5,-0.14183336322579565
sub-093,control,lateral,house,4.75,-0.13488495062560596
sub-093,control,lateral,house,5.0,-0.12649737209781156
sub-093,control,medial,house,0.25,-0.12277762528825951
sub-093,control,medial,house,0.5,-0.1372848574712375
sub-093,control,medial,house,0.75,-0.14729716666489395
sub-093,control,medial,house,1.0,-0.16205462566876602
sub-093,control,medial,house,1.25,-0.17177789667424154
sub-093,control,medial,house,1.5,-0.17580088123235446
sub-093,control,medial,house,1.75,-0.17047574249472175
sub-093,control,medial,house,2.0,-0.15975704032800014
sub-093,control,medial,house,2.25,-0.15510087507904677
sub-093,control,medial,house,2.5,-0.15373931616269113
sub-093,control,medial,house,2.75,-0.15174485580802044
sub-093,control,medial,house,3.0,-0.16616473840243548
sub-093,control,medial,house,3.25,-0.16181388059803312
sub-093,control,medial,house,3.5,-0.15696535724934033
sub-093,control,medial,house,3.75,-0.16159325435063343
sub-093,control,medial,house,4.0,-0.15705843818160584
sub-093,control,medial,house,4.25,-0.1571402435807246
sub-093,control,medial,house,4.5,-0.1603992197269067
sub-093,control,medial,house,4.75,-0.1699425973133849
sub-093,control,medial,house,5.0,-0.18177955045710653
sub-093,control,whole,object,0.25,0.13933104156783602
sub-093,control,whole,object,0.5,0.13880232730356082
sub-093,control,whole,object,0.75,0.1188322121313926
sub-093,control,whole,object,1.0,0.11186462240651456
sub-093,control,whole,object,1.25,0.09684839817534714
sub-093,control,whole,object,1.5,0.08477412516534193
sub-093,control,whole,object,1.75,0.0758388816203233
sub-093,control,whole,object,2.0,0.06870984758559727
sub-093,control,whole,object,2.25,0.07128456013593831
sub-093,control,whole,object,2.5,0.07757680658168593
sub-093,control,whole,object,2.75,0.06921794015699137
sub-093,control,whole,object,3.0,0.08426531821098551
sub-093,control,whole,object,3.25,0.09922202670068621
sub-093,control,whole,object,3.5,0.10746046519329337
sub-093,control,whole,object,3.75,0.11242407985725641
sub-093,control,whole,object,4.0,0.1263023299516842
sub-093,control,whole,object,4.25,0.16250331887108335
sub-093,control,whole,object,4.5,0.1913774166012647
sub-093,control,whole,object,4.75,0.227421126279074
sub-093,control,whole,object,5.0,0.2371114271593715
sub-093,control,lateral,object,0.25,0.157573575909245
sub-093,control,lateral,object,0.5,0.1415282309722411
sub-093,control,lateral,object,0.75,0.12065457649880287
sub-093,control,lateral,object,1.0,0.09772020058259083
sub-093,control,lateral,object,1.25,0.08219285412437434
sub-093,control,lateral,object,1.5,0.057984283081486884
sub-093,control,lateral,object,1.75,0.047548612858511856
sub-093,control,lateral,object,2.0,0.04556630882422215
sub-093,control,lateral,object,2.25,0.03691490565269915
sub-093,control,lateral,object,2.5,0.0345203563553452
sub-093,control,lateral,object,2.75,0.026853860018529102
sub-093,control,lateral,object,3.0,0.04381479356035844
sub-093,control,lateral,object,3.25,0.04081941685261757
sub-093,control,lateral,object,3.5,0.05306608024237383
sub-093,control,lateral,object,3.75,0.05807366715538247
sub-093,control,lateral,object,4.0,0.08162365771739351
sub-093,control,lateral,object,4.25,0.09742514642779387
sub-093,control,lateral,object,4.5,0.13718694110237892
sub-093,control,lateral,object,4.75,0.15217951315822908
sub-093,control,lateral,object,5.0,0.18256908311294662
sub-093,control,medial,object,0.25,0.08978971701268708
sub-093,control,medial,object,0.5,0.12375095310667959
sub-093,control,medial,object,0.75,0.1357757111375005
sub-093,control,medial,object,1.0,0.14478433559973186
sub-093,control,medial,object,1.25,0.15192837547960303
sub-093,control,medial,object,1.5,0.17794625204743691
sub-093,control,medial,object,1.75,0.1640969992521944
sub-093,control,medial,object,2.0,0.16949683654672762
sub-093,control,medial,object,2.25,0.20144179430234158
sub-093,control,medial,object,2.5,0.1978055972164976
sub-093,control,medial,object,2.75,0.20982290032365503
sub-093,control,medial,object,3.0,0.22257734085079087
sub-093,control,medial,object,3.25,0.27825599167393633
sub-093,control,medial,object,3.5,0.27693326890171277
sub-093,control,medial,object,3.75,0.30434298333994153
sub-093,control,medial,object,4.0,0.342997731933033
sub-093,control,medial,object,4.25,0.39563901612190494
sub-093,control,medial,object,4.5,0.43033499887063853
sub-093,control,medial,object,4.75,0.4410587017048796
sub-093,control,medial,object,5.0,0.4714249024513604
sub-093,control,whole,word,0.25,0.1822053408123504
sub-093,control,whole,word,0.5,0.18835065777482357
sub-093,control,whole,word,0.75,0.20603757348260093
sub-093,control,whole,word,1.0,0.21770199818504846
sub-093,control,whole,word,1.25,0.24004175490230611
sub-093,control,whole,word,1.5,0.25713488653094435
sub-093,control,whole,word,1.75,0.26225171455663865
sub-093,control,whole,word,2.0,0.26254070423507037
sub-093,control,whole,word,2.25,0.25785741924019734
sub-093,control,whole,word,2.5,0.24952212045813613
sub-093,control,whole,word,2.75,0.2553802272130199
sub-093,control,whole,word,3.0,0.273139589084432
sub-093,control,whole,word,3.25,0.2791733548762767
sub-093,control,whole,word,3.5,0.29569078925557096
sub-093,control,whole,word,3.75,0.30528497061690396
sub-093,control,whole,word,4.0,0.32303451924151033
sub-093,control,whole,word,4.25,0.3386855892419488
sub-093,control,whole,word,4.5,0.39432658912727553
sub-093,control,whole,word,4.75,0.42372438789926176
sub-093,control,whole,word,5.0,0.5024915967990327
sub-093,control,lateral,word,0.25,0.18843403159337963
sub-093,control,lateral,word,0.5,0.1909618721281134
sub-093,control,lateral,word,0.75,0.2167623036064803
sub-093,control,lateral,word,1.0,0.21889770031121114
sub-093,control,lateral,word,1.25,0.24692502910311545
sub-093,control,lateral,word,1.5,0.26978432715739087
sub-093,control,lateral,word,1.75,0.29669722326334214
sub-093,control,lateral,word,2.0,0.29603771692879066
sub-093,control,lateral,word,2.25,0.27243707769391645
sub-093,control,lateral,word,2.5,0.22807138992473508
sub-093,control,lateral,word,2.75,0.21496483440471903
sub-093,control,lateral,word,3.0,0.20687252146582913
sub-093,control,lateral,word,3.25,0.2037903126441007
sub-093,control,lateral,word,3.5,0.1986297189216781
sub-093,control,lateral,word,3.75,0.22181831774006536
sub-093,control,lateral,word,4.0,0.2010518498612203
sub-093,control,lateral,word,4.25,0.22788941379709138
sub-093,control,lateral,word,4.5,0.21162610559789857
sub-093,control,lateral,word,4.75,0.20920493014994265
sub-093,control,lateral,word,5.0,0.24493540102245884
sub-093,control,medial,word,0.25,0.1699321692846391
sub-093,control,medial,word,0.5,0.18274895591771348
sub-093,control,medial,word,0.75,0.19064649759674093
sub-093,control,medial,word,1.0,0.20713626687576947
sub-093,control,medial,word,1.25,0.23274834113463222
sub-093,control,medial,word,1.5,0.2373433789635698
sub-093,control,medial,word,1.75,0.23751930474385372
sub-093,control,medial,word,2.0,0.2225684299509168
sub-093,control,medial,word,2.25,0.23604567757564282
sub-093,control,medial,word,2.5,0.2740311098349376
sub-093,control,medial,word,2.75,0.29316183908046894
sub-093,control,medial,word,3.0,0.3319083311085747
sub-093,control,medial,word,3.25,0.342358379450325
sub-093,control,medial,word,3.5,0.3620532891270552
sub-093,control,medial,word,3.75,0.3856306688245623
sub-093,control,medial,word,4.0,0.41778981280893257
sub-093,control,medial,word,4.25,0.4504708229830216
sub-093,control,medial,word,4.5,0.5185038821743452
sub-093,control,medial,word,4.75,0.6238696558768005
sub-093,control,medial,word,5.0,0.7119725438540949
sub-094,control,whole,face,0.25,-0.09489366320003327
sub-094,control,whole,face,0.5,-0.1256379583356624
sub-094,control,whole,face,0.75,-0.1543438090591277
sub-094,control,whole,face,1.0,-0.1718721755294438
sub-094,control,whole,face,1.25,-0.19010094467029515
sub-094,control,whole,face,1.5,-0.21866040659476682
sub-094,control,whole,face,1.75,-0.22203407822923577
sub-094,control,whole,face,2.0,-0.22450455256809046
sub-094,control,whole,face,2.25,-0.2510971155165377
sub-094,control,whole,face,2.5,-0.24686792209881703
sub-094,control,whole,face,2.75,-0.2547000389645293
sub-094,control,whole,face,3.0,-0.26763902961801833
sub-094,control,whole,face,3.25,-0.27627451947347814
sub-094,control,whole,face,3.5,-0.2793086646231874
sub-094,control,whole,face,3.75,-0.30106812036094754
sub-094,control,whole,face,4.0,-0.3108020721511787
sub-094,control,whole,face,4.25,-0.3010410198120469
sub-094,control,whole,face,4.5,-0.29394927023762074
sub-094,control,whole,face,4.75,-0.2935450498799034
sub-094,control,whole,face,5.0,-0.3118679626420679
sub-094,control,lateral,face,0.25,-0.09194444498175237
sub-094,control,lateral,face,0.5,-0.12478876921474122
sub-094,control,lateral,face,0.75,-0.16546911186999821
sub-094,control,lateral,face,1.0,-0.20305932667207216
sub-094,control,lateral,face,1.25,-0.23497630784469417
sub-094,control,lateral,face,1.5,-0.27360399955334913
sub-094,control,lateral,face,1.75,-0.2731044272638121
sub-094,control,lateral,face,2.0,-0.2962696835897256
sub-094,control,lateral,face,2.25,-0.3018278217725229
sub-094,control,lateral,face,2.5,-0.3016917538039763
sub-094,control,lateral,face,2.75,-0.3035368867127102
sub-094,control,lateral,face,3.0,-0.30771564748329444
sub-094,control,lateral,face,3.25,-0.3363324929996683
sub-094,control,lateral,face,3.5,-0.34510436828755714
sub-094,control,lateral,face,3.75,-0.3559562639638532
sub-094,control,lateral,face,4.0,-0.3749645264434784
sub-094,control,lateral,face,4.25,-0.37545830830848254
sub-094,control,lateral,face,4.5,-0.36165420850802804
sub-094,control,lateral,face,4.75,-0.36292699968351844
sub-094,control,lateral,face,5.0,-0.3697271485912952
sub-094,control,medial,face,0.25,-0.08736363400693314
sub-094,control,medial,face,0.5,-0.11814946592556966
sub-094,control,medial,face,0.75,-0.11494882086103594
sub-094,control,medial,face,1.0,-0.09619360819873365
sub-094,control,medial,face,1.25,-0.06435033028723139
sub-094,control,medial,face,1.5,-0.0439217837314516
sub-094,control,medial,face,1.75,-0.042513097334644756
sub-094,control,medial,face,2.0,-0.018629839350586222
sub-094,control,medial,face,2.25,-0.03755078198580716
sub-094,control,medial,face,2.5,-0.02259487240804271
sub-094,control,medial,face,2.75,-0.01682605114253103
sub-094,control,medial,face,3.0,-0.016975143735934888
sub-094,control,medial,face,3.25,-0.014939747837673939
sub-094,control,medial,face,3.5,0.001849989355890634
sub-094,control,medial,face,3.75,0.0631637386475886
sub-094,control,medial,face,4.0,0.05603425126038157
sub-094,control,medial,face,4.25,0.06570543515711699
sub-094,control,medial,face,4.5,0.08677469881807372
sub-094,control,medial,face,4.75,0.09741084988935399
sub-094,control,medial,face,5.0,0.12228789411256696
sub-094,control,whole,house,0.25,0.02337803288025507
sub-094,control,whole,house,0.5,0.024204927682711982
sub-094,control,whole,house,0.75,0.02331548613235137
sub-094,control,whole,house,1.0,0.023989917102582914
sub-094,control,whole,house,1.25,0.02409086220783999
sub-094,control,whole,house,1.5,0.014363615404129242
sub-094,control,whole,house,1.75,0.006102341499703187
sub-094,control,whole,house,2.0,-0.0040675867639550795
sub-094,control,whole,house,2.25,-0.017573161096406914
sub-094,control,whole,house,2.5,-0.0405687069699811
sub-094,control,whole,house,2.75,-0.05331479355269245
sub-094,control,whole,house,3.0,-0.0695530761907217
sub-094,control,whole,house,3.25,-0.07572254081459186
sub-094,control,whole,house,3.5,-0.08448042803757298
sub-094,control,whole,house,3.75,-0.09243354824689133
sub-094,control,whole,house,4.0,-0.1038334143929391
sub-094,control,whole,house,4.25,-0.10877994021377269
sub-094,control,whole,house,4.5,-0.11699725075173653
sub-094,control,whole,house,4.75,-0.1237239024530475
sub-094,control,whole,house,5.0,-0.12711320855348454
sub-094,control,lateral,house,0.25,0.017355539469203023
sub-094,control,lateral,house,0.5,0.023891565496154975
sub-094,control,lateral,house,0.75,0.020132991025970996
sub-094,control,lateral,house,1.0,0.025271192390040068
sub-094,control,lateral,house,1.25,0.025570989718766222
sub-094,control,lateral,house,1.5,0.019881884142261216
sub-094,control,lateral,house,1.75,0.014824271347759242
sub-094,control,lateral,house,2.0,0.004249241849510525
sub-094,control,lateral,house,2.25,-0.012970283135121637
sub-094,control,lateral,house,2.5,-0.02997775016770154
sub-094,control,lateral,house,2.75,-0.04816005271914507
sub-094,control,lateral,house,3.0,-0.06033789497152612
sub-094,control,lateral,house,3.25,-0.06806229178389331
sub-094,control,lateral,house,3.5,-0.07385133358631317
sub-094,control,lateral,house,3.75,-0.08257796665606061
sub-094,control,lateral,house,4.0,-0.09570990430560561
sub-094,control,lateral,house,4.25,-0.10024120877881149
sub-094,control,lateral,house,4.5,-0.10500193509344274
sub-094,control,lateral,house,4.75,-0.11220537337518614
sub-094,control,lateral,house,5.0,-0.10930628775132735
sub-094,control,medial,house,0.25,0.04450811077394873
sub-094,control,medial,house,0.5,0.03959872552004899
sub-094,control,medial,house,0.75,0.023627394993718017
sub-094,control,medial,house,1.0,0.022297601040954584
sub-094,control,medial,house,1.25,0.009260708562499895
sub-094,control,medial,house,1.5,-0.011952552025938172
sub-094,control,medial,house,1.75,-0.0306593652327875
sub-094,control,medial,house,2.0,-0.05290401366278416
sub-094,control,medial,house,2.25,-0.055201672019140446
sub-094,control,medial,house,2.5,-0.0768244334743225
sub-094,control,medial,house,2.75,-0.089233944191314
sub-094,control,medial,house,3.0,-0.09525355265765978
sub-094,control,medial,house,3.25,-0.11601916833805696
sub-094,control,medial,house,3.5,-0.13504894268630724
sub-094,control,medial,house,3.75,-0.12876868998566054
sub-094,control,medial,house,4.0,-0.15037275247227602
sub-094,control,medial,house,4.25,-0.15335296327110043
sub-094,control,medial,house,4.5,-0.1504568095232256
sub-094,control,medial,house,4.75,-0.16058431176733806
sub-094,control,medial,house,5.0,-0.15699518664515705
sub-094,control,whole,object,0.25,-0.03191965758917453
sub-094,control,whole,object,0.5,-0.029915020902274034
sub-094,control,whole,object,0.75,-0.014328236475540662
sub-094,control,whole,object,1.0,-0.0030494274448738218
sub-094,control,whole,object,1.25,0.009323424310339376
sub-094,control,whole,object,1.5,0.02291710555192274
sub-094,control,whole,object,1.75,0.04463928503548373
sub-094,control,whole,object,2.0,0.05352855716877013
sub-094,control,whole,object,2.25,0.06548634496319965
sub-094,control,whole,object,2.5,0.07511603213858833
sub-094,control,whole,object,2.75,0.08780140091082357
sub-094,control,whole,object,3.0,0.08553902687356839
sub-094,control,whole,object,3.25,0.0912970314393741
sub-094,control,whole,object,3.5,0.1155114701458881
sub-094,control,whole,object,3.75,0.12090304389957948
sub-094,control,whole,object,4.0,0.1261633869671347
sub-094,control,whole,object,4.25,0.14455747212861797
sub-094,control,whole,object,4.5,0.14564775725381618
sub-094,control,whole,object,4.75,0.15011646317061408
sub-094,control,whole,object,5.0,0.15827411493833637
sub-094,control,lateral,object,0.25,0.0004044260528543532
sub-094,control,lateral,object,0.5,-0.0040656570900302405
sub-094,control,lateral,object,0.75,0.0025571038609070017
sub-094,control,lateral,object,1.0,0.01758467839409019
sub-094,control,lateral,object,1.25,0.02673405459339251
sub-094,control,lateral,object,1.5,0.04254258163829033
sub-094,control,lateral,object,1.75,0.0571259027801645
sub-094,control,lateral,object,2.0,0.06409578807648715
sub-094,control,lateral,object,2.25,0.07295088034482655
sub-094,control,lateral,object,2.5,0.08841878855001901
sub-094,control,lateral,object,2.75,0.09156149071321774
sub-094,control,lateral,object,3.0,0.09846478497135752
sub-094,control,lateral,object,3.25,0.10256823675538121
sub-094,control,lateral,object,3.5,0.11570085499472459
sub-094,control,lateral,object,3.75,0.1173019000875489
sub-094,control,lateral,object,4.0,0.12434427189601548
sub-094,control,lateral,object,4.25,0.140247563689227
sub-094,control,lateral,object,4.5,0.14504097247133582
sub-094,control,lateral,object,4.75,0.16101094634340998
sub-094,control,lateral,object,5.0,0.1583550306196057
sub-094,control,medial,object,0.25,-0.09502178936763891
sub-094,control,medial,object,0.5,-0.097609113386733
sub-094,control,medial,object,0.75,-0.07403566212854278
sub-094,control,medial,object,1.0,-0.07177728843811577
sub-094,control,medial,object,1.25,-0.055000480736074116
sub-094,control,medial,object,1.5,-0.057421367105401605
sub-094,control,medial,object,1.75,-0.027722481103212664
sub-094,control,medial,object,2.0,0.0020297435188878186
sub-094,control,medial,object,2.25,-0.024071184519988385
sub-094,control,medial,object,2.5,-0.006307418388441462
sub-094,control,medial,object,2.75,0.03132286490028881
sub-094,control,medial,object,3.0,0.05062275378620978
sub-094,control,medial,object,3.25,0.026559870286213844
sub-094,control,medial,object,3.5,0.07611610214552915
sub-094,control,medial,object,3.75,0.17202570243743318
sub-094,control,medial,object,4.0,0.18227571962227965
sub-094,control,medial,object,4.25,0.17494129620785628
sub-094,control,medial,object,4.5,0.1405878070339626
sub-094,control,medial,object,4.75,0.06321550821122313
sub-094,control,medial,object,5.0,0.05313747464003656
sub-094,control,whole,word,0.25,0.0045359694369905175
sub-094,control,whole,word,0.5,-0.0038871892163549137
sub-094,control,whole,word,0.75,-0.001024512586934242
sub-094,control,whole,word,1.0,-0.0057094472385821275
sub-094,control,whole,word,1.25,-0.014363711808166623
sub-094,control,whole,word,1.5,-0.014676164850774045
sub-094,control,whole,word,1.75,-0.014004527604347011
sub-094,control,whole,word,2.0,-0.02037141903200252
sub-094,control,whole,word,2.25,-0.026899104026767307
sub-094,control,whole,word,2.5,-0.04131773517479886
sub-094,control,whole,word,2.75,-0.04937538379084863
sub-094,control,whole,word,3.0,-0.08461257527823891
sub-094,control,whole,word,3.25,-0.1178468064841608
sub-094,control,whole,word,3.5,-0.13420926599215213
sub-094,control,whole,word,3.75,-0.141979584034233
sub-094,control,whole,word,4.0,-0.1514315368055412
sub-094,control,whole,word,4.25,-0.126017138579107
sub-094,control,whole,word,4.5,-0.1188257988466848
sub-094,control,whole,word,4.75,-0.10552314184511744
sub-094,control,whole,word,5.0,-0.11431802465959501
sub-094,control,lateral,word,0.25,0.00546024218686561
sub-094,control,lateral,word,0.5,0.002728416040583576
sub-094,control,lateral,word,0.75,-0.0027661949467782058
sub-094,control,lateral,word,1.0,-0.007151572596419483
sub-094,control,lateral,word,1.25,-0.010805892570611477
sub-094,control,lateral,word,1.5,-0.015393818408604942
sub-094,control,lateral,word,1.75,-0.005164177650915114
sub-094,control,lateral,word,2.0,-0.009853901374187415
sub-094,control,lateral,word,2.25,-0.00714053086236901
sub-094,control,lateral,word,2.5,-0.021771158607985005
sub-094,control,lateral,word,2.75,-0.02229003702497805
sub-094,control,lateral,word,3.0,-0.0644456831140836
sub-094,control,lateral,word,3.25,-0.11792749436201438
sub-094,control,lateral,word,3.5,-0.13965077361052236
sub-094,control,lateral,word,3.75,-0.16350228012328763
sub-094,control,lateral,word,4.0,-0.15654053635557597
sub-094,control,lateral,word,4.25,-0.12902278859148317
sub-094,control,lateral,word,4.5,-0.09912748004027912
sub-094,control,lateral,word,4.75,-0.0736372401630645
sub-094,control,lateral,word,5.0,-0.07583259840607083
sub-094,control,medial,word,0.25,0.0064310461107470905
sub-094,control,medial,word,0.5,-0.007011199446136779
sub-094,control,medial,word,0.75,-0.009754790580615314
sub-094,control,medial,word,1.0,0.0008651028967775222
sub-094,control,medial,word,1.25,-0.015939215232527566
sub-094,control,medial,word,1.5,-0.02984532508918385
sub-094,control,medial,word,1.75,-0.0392562865453645
sub-094,control,medial,word,2.0,-0.05378282642372441
sub-094,control,medial,word,2.25,-0.08053419929841482
sub-094,control,medial,word,2.5,-0.10140221724977737
sub-094,control,medial,word,2.75,-0.10193881919511513
sub-094,control,medial,word,3.0,-0.12184236600852756
sub-094,control,medial,word,3.25,-0.13177255817613207
sub-094,control,medial,word,3.5,-0.1337223612125296
sub-094,control,medial,word,3.75,-0.1319035508892245
sub-094,control,medial,word,4.0,-0.15383693338940538
sub-094,control,medial,word,4.25,-0.1597995387793072
sub-094,control,medial,word,4.5,-0.14291129608658162
sub-094,control,medial,word,4.75,-0.16992117845619584
sub-094,control,medial,word,5.0,-0.22261707581722498
sub-097,control,whole,face,0.25,0.06286907720786697
sub-097,control,whole,face,0.5,0.07275991248790403
sub-097,control,whole,face,0.75,0.07109169755628682
sub-097,control,whole,face,1.0,0.07366944339474803
sub-097,control,whole,face,1.25,0.07021076292676487
sub-097,control,whole,face,1.5,0.05199168605544724
sub-097,control,whole,face,1.75,0.03417243754423631
sub-097,control,whole,face,2.0,0.004878923099638506
sub-097,control,whole,face,2.25,-0.02226557945045206
sub-097,control,whole,face,2.5,-0.05038452981165989
sub-097,control,whole,face,2.75,-0.07620497217240724
sub-097,control,whole,face,3.0,-0.10522326687565813
sub-097,control,whole,face,3.25,-0.12440539712360721
sub-097,control,whole,face,3.5,-0.15384755370310188
sub-097,control,whole,face,3.75,-0.1761219857456848
sub-097,control,whole,face,4.0,-0.18709246104935634
sub-097,control,whole,face,4.25,-0.20313462064745022
sub-097,control,whole,face,4.5,-0.22538014880694646
sub-097,control,whole,face,4.75,-0.23032180709887273
sub-097,control,whole,face,5.0,-0.23461361253317325
sub-097,control,lateral,face,0.25,0.09365749046237479
sub-097,control,lateral,face,0.5,0.0965304289489512
sub-097,control,lateral,face,0.75,0.10289121103147222
sub-097,control,lateral,face,1.0,0.09877703719610889
sub-097,control,lateral,face,1.25,0.09373370709165682
sub-097,control,lateral,face,1.5,0.07127122114460918
sub-097,control,lateral,face,1.75,0.04833394985590387
sub-097,control,lateral,face,2.0,0.009627199119974882
sub-097,control,lateral,face,2.25,-0.01897001273128439
sub-097,control,lateral,face,2.5,-0.0629652092053354
sub-097,control,lateral,face,2.75,-0.09878350607507862
sub-097,control,lateral,face,3.0,-0.120193277628294
sub-097,control,lateral,face,3.25,-0.16556519572786418
sub-097,control,lateral,face,3.5,-0.1909303287503109
sub-097,control,lateral,face,3.75,-0.2175819150796735
sub-097,control,lateral,face,4.0,-0.2606783799844556
sub-097,control,lateral,face,4.25,-0.2885053395847816
sub-097,control,lateral,face,4.5,-0.31983674125265976
sub-097,control,lateral,face,4.75,-0.33449815346247647
sub-097,control,lateral,face,5.0,-0.349130185257549
sub-097,control,medial,face,0.25,-0.040181305458689386
sub-097,control,medial,face,0.5,-0.02678922230538873
sub-097,control,medial,face,0.75,-0.02525144861379254
sub-097,control,medial,face,1.0,-0.014983046973339641
sub-097,control,medial,face,1.25,-0.016437576635027828
sub-097,control,medial,face,1.5,-0.01252422554864071
sub-097,control,medial,face,1.75,-0.010894126610342758
sub-097,control,medial,face,2.0,-0.013388947489966713
sub-097,control,medial,face,2.25,-0.019709275164874265
sub-097,control,medial,face,2.5,0.01570938364971472
sub-097,control,medial,face,2.75,0.037933730088
sub-097,control,medial,face,3.0,0.044778660347758556
sub-097,control,medial,face,3.25,0.0384073503969136
sub-097,control,medial,face,3.5,0.0550441390706927
sub-097,control,medial,face,3.75,0.05146435834271202
sub-097,control,medial,face,4.0,0.06327228745352716
sub-097,control,medial,face,4.25,0.07122999324872605
sub-097,control,medial,face,4.5,0.14920656293593626
sub-097,control,medial,face,4.75,0.15865814229149083
sub-097,control,medial,face,5.0,0.17117781092802076
sub-097,control,whole,house,0.25,-0.10865881693933574
sub-097,control,whole,house,0.5,-0.12037403015162008
sub-097,control,whole,house,0.75,-0.1326261195228193
sub-097,control,whole,house,1.0,-0.1404014140365447
sub-097,control,whole,house,1.25,-0.1398140410005919
sub-097,control,whole,house,1.5,-0.14802648352737285
sub-097,control,whole,house,1.75,-0.14256514236478246
sub-097,control,whole,house,2.0,-0.1415711888935281
sub-097,control,whole,house,2.25,-0.14410203633748667
sub-097,control,whole,house,2.5,-0.14451434089089737
sub-097,control,whole,house,2.75,-0.15712825253971277
sub-097,control,whole,house,3.0,-0.1614473088114919
sub-097,control,whole,house,3.25,-0.16798643987673983
sub-097,control,whole,house,3.5,-0.17654008065802507
sub-097,control,whole,house,3.75,-0.19283251604945786
sub-097,control,whole,house,4.0,-0.18700161997119558
sub-097,control,whole,house,4.25,-0.20049277312181424
sub-097,control,whole,house,4.5,-0.21634806235115073
sub-097,control,whole,house,4.75,-0.22145395782117536
sub-097,control,whole,house,5.0,-0.24482333881724952
sub-097,control,lateral,house,0.25,-0.21508533379822434
sub-097,control,lateral,house,0.5,-0.2280640568053718
sub-097,control,lateral,house,0.75,-0.2372747092160409
sub-097,control,lateral,house,1.0,-0.24059507829917398
sub-097,control,lateral,house,1.25,-0.23687956571065683
sub-097,control,lateral,house,1.5,-0.24578333132263805
sub-097,control,lateral,house,1.75,-0.23651933881874385
sub-097,control,lateral,house,2.0,-0.23559013711940743
sub-097,control,lateral,house,2.25,-0.2466378581493155
sub-097,control,lateral,house,2.5,-0.24624473237041325
sub-097,control,lateral,house,2.75,-0.2528888049214495
sub-097,control,lateral,house,3.0,-0.25662917015286174
sub-097,control,lateral,house,3.25,-0.2580127300084511
sub-097,control,lateral,house,3.5,-0.26864588069027295
sub-097,control,lateral,house,3.75,-0.2668614931204192
sub-097,control,lateral,house,4.0,-0.26641007024248603
sub-097,control,lateral,house,4.25,-0.2775537381146708
sub-097,control,lateral,house,4.5,-0.2875869277903489
sub-097,control,lateral,house,4.75,-0.29478128715972013
sub-097,control,lateral,house,5.0,-0.302265287479641
sub-097,control,medial,house,0.25,0.1928849739215186
sub-097,control,medial,house,0.5,0.20616773332387406
sub-097,control,medial,house,0.75,0.17485542319296826
sub-097,control,medial,house,1.0,0.1575424950398337
sub-097,control,medial,house,1.25,0.16194900053212413
sub-097,control,medial,house,1.5,0.15194745928874778
sub-097,control,medial,house,1.75,0.15393231811735453
sub-097,control,medial,house,2.0,0.14798536908893495
sub-097,control,medial,house,2.25,0.14103611130292334
sub-097,control,medial,house,2.5,0.13975314290803292
sub-097,control,medial,house,2.75,0.12156731460119474
sub-097,control,medial,house,3.0,0.10756966682811031
sub-097,control,medial,house,3.25,0.1090717405816942
sub-097,control,medial,house,3.5,0.0775153994438
sub-097,control,medial,house,3.75,0.05549797784098596
sub-097,control,medial,house,4.0,0.03508113638546296
sub-097,control,medial,house,4.25,0.053302932808449756
sub-097,control,medial,house,4.5,0.03463778415545346
sub-097,control,medial,house,4.75,0.017600531277837155
sub-097,control,medial,house,5.0,0.020315935430785994
sub-097,control,whole,object,0.25,-0.00030094249239635314
sub-097,control,whole,object,0.5,-0.002733611396655931
sub-097,control,whole,object,0.75,-0.0005908463679159013
sub-097,control,whole,object,1.0,-0.0008588062578086625
sub-097,control,whole,object,1.25,0.0027463279818847114
sub-097,control,whole,object,1.5,0.01247556667895755
sub-097,control,whole,object,1.75,0.021215981769387247
sub-097,control,whole,object,2.0,0.02091474270529115
sub-097,control,whole,object,2.25,0.02743878758296781
sub-097,control,whole,object,2.5,0.028156164874187265
sub-097,control,whole,object,2.75,0.03269561299528885
sub-097,control,whole,object,3.0,0.03600537502288405
sub-097,control,whole,object,3.25,0.04622263286929204
sub-097,control,whole,object,3.5,0.059561281173278566
sub-097,control,whole,object,3.75,0.0728595248852498
sub-097,control,whole,object,4.0,0.09151286590880363
sub-097,control,whole,object,4.25,0.10540576363413506
sub-097,control,whole,object,4.5,0.12902948034625947
sub-097,control,whole,object,4.75,0.1410363553668424
sub-097,control,whole,object,5.0,0.1576035275812692
sub-097,control,lateral,object,0.25,0.033681104711888496
sub-097,control,lateral,object,0.5,0.029869642360102353
sub-097,control,lateral,object,0.75,0.03429713154903529
sub-097,control,lateral,object,1.0,0.0334859608178124
sub-097,control,lateral,object,1.25,0.0409712508411127
sub-097,control,lateral,object,1.5,0.0374995577402755
sub-097,control,lateral,object,1.75,0.039926135097346466
sub-097,control,lateral,object,2.0,0.028496527017192515
sub-097,control,lateral,object,2.25,0.029923915682837417
sub-097,control,lateral,object,2.5,0.02305907621819152
sub-097,control,lateral,object,2.75,0.010407823114256925
sub-097,control,lateral,object,3.0,0.01155933228752507
sub-097,control,lateral,object,3.25,0.021971683225925402
sub-097,control,lateral,object,3.5,0.021004199174495655
sub-097,control,lateral,object,3.75,0.03861682607489461
sub-097,control,lateral,object,4.0,0.06167339041757268
sub-097,control,lateral,object,4.25,0.0744266827147722
sub-097,control,lateral,object,4.5,0.10530439182043048
sub-097,control,lateral,object,4.75,0.11846581165241314
sub-097,control,lateral,object,5.0,0.1289289913649251
sub-097,control,medial,object,0.25,-0.08829752948757937
sub-097,control,medial,object,0.5,-0.10961643426738002
sub-097,control,medial,object,0.75,-0.126734352713156
sub-097,control,medial,object,1.0,-0.11942888354410304
sub-097,control,medial,object,1.25,-0.12125935202705712
sub-097,control,medial,object,1.5,-0.10498480828051722
sub-097,control,medial,object,1.75,-0.07504474239675427
sub-097,control,medial,object,2.0,-0.030171099146716795
sub-097,control,medial,object,2.25,0.012465267288809517
sub-097,control,medial,object,2.5,0.08549069767119083
sub-097,control,medial,object,2.75,0.12181426661604133
sub-097,control,medial,object,3.0,0.1618195100933589
sub-097,control,medial,object,3.25,0.20293727628050762
sub-097,control,medial,object,3.5,0.2392415640483141
sub-097,control,medial,object,3.75,0.24455772259133607
sub-097,control,medial,object,4.0,0.25425973967925064
sub-097,control,medial,object,4.25,0.26912227622597973
sub-097,control,medial,object,4.5,0.2908402383765797
sub-097,control,medial,object,4.75,0.3072884786213339
sub-097,control,medial,object,5.0,0.3045353097508857
sub-097,control,whole,word,0.25,0.03802217633256373
sub-097,control,whole,word,0.5,0.02668892509176825
sub-097,control,whole,word,0.75,0.024368472064250083
sub-097,control,whole,word,1.0,0.021216620764670905
sub-097,control,whole,word,1.25,0.019617797551554603
sub-097,control,whole,word,1.5,0.01926859534171158
sub-097,control,whole,word,1.75,0.019268315246009526
sub-097,control,whole,word,2.0,0.021606986654400067
sub-097,control,whole,word,2.25,0.010174563654098237
sub-097,control,whole,word,2.5,0.017347367598725297
sub-097,control,whole,word,2.75,0.004140664255287786
sub-097,control,whole,word,3.0,-0.0010972927553786545
sub-097,control,whole,word,3.25,-0.00577019000127625
sub-097,control,whole,word,3.5,-0.02082587656457039
sub-097,control,whole,word,3.75,-0.04746010539840819
sub-097,control,whole,word,4.0,-0.05830498897631386
sub-097,control,whole,word,4.25,-0.07106674879470652
sub-097,control,whole,word,4.5,-0.0702208052440522
sub-097,control,whole,word,4.75,-0.0935706334027381
sub-097,control,whole,word,5.0,-0.1054534939186102
sub-097,control,lateral,word,0.25,0.09937148037574041
sub-097,control,lateral,word,0.5,0.09573378089449125
sub-097,control,lateral,word,0.75,0.09945689583568186
sub-097,control,lateral,word,1.0,0.11515623601674667
sub-097,control,lateral,word,1.25,0.11361512285556273
sub-097,control,lateral,word,1.5,0.12543900947935646
sub-097,control,lateral,word,1.75,0.14175142760753043
sub-097,control,lateral,word,2.0,0.15545883740840039
sub-097,control,lateral,word,2.25,0.15621747741626335
sub-097,control,lateral,word,2.5,0.17662345170140623
sub-097,control,lateral,word,2.75,0.15557601621774386
sub-097,control,lateral,word,3.0,0.18801573667182514
sub-097,control,lateral,word,3.25,0.19081994321373194
sub-097,control,lateral,word,3.5,0.18614446505320617
sub-097,control,lateral,word,3.75,0.18403934490845708
sub-097,control,lateral,word,4.0,0.20678331796390806
sub-097,control,lateral,word,4.25,0.19861890986739483
sub-097,control,lateral,word,4.5,0.23252932909347582
sub-097,control,lateral,word,4.75,0.2072766894842363
sub-097,control,lateral,word,5.0,0.20258691146341307
sub-097,control,medial,word,0.25,-0.07908480545040701
sub-097,control,medial,word,0.5,-0.08650591386254422
sub-097,control,medial,word,0.75,-0.10153054743484112
sub-097,control,medial,word,1.0,-0.12561332747292545
sub-097,control,medial,word,1.25,-0.12326160647586716
sub-097,control,medial,word,1.5,-0.13076453767860144
sub-097,control,medial,word,1.75,-0.14251681502302838
sub-097,control,medial,word,2.0,-0.14216542716378208
sub-097,control,medial,word,2.25,-0.1541005434994857
sub-097,control,medial,word,2.5,-0.15612992950702134
sub-097,control,medial,word,2.75,-0.14937695955856614
sub-097,control,medial,word,3.0,-0.1518320558053428
sub-097,control,medial,word,3.25,-0.15926129146481358
sub-097,control,medial,word,3.5,-0.17242422984146338
sub-097,control,medial,word,3.75,-0.19574776805120173
sub-097,control,medial,word,4.0,-0.2102223045799633
sub-097,control,medial,word,4.25,-0.23700415393676175
sub-097,control,medial,word,4.5,-0.24109894569800455
sub-097,control,medial,word,4.75,-0.2615850865122178
sub-097,control,medial,word,5.0,-0.27498398025093224
sub-098,OTC,whole,face,0.25,0.39547744328003814
sub-098,OTC,whole,face,0.5,0.443677374700824
sub-098,OTC,whole,face,0.75,0.49439267860611724
sub-098,OTC,whole,face,1.0,0.5668458007673377
sub-098,OTC,whole,face,1.25,0.6240662425981105
sub-098,OTC,whole,face,1.5,0.7097417228701832
sub-098,OTC,whole,face,1.75,0.7751846066188484
sub-098,OTC,whole,face,2.0,0.8428193393803102
sub-098,OTC,whole,face,2.25,0.8571584527389169
sub-098,OTC,whole,face,2.5,0.8810022546611428
sub-098,OTC,whole,face,2.75,0.8904996182855226
sub-098,OTC,whole,face,3.0,0.8855776739517196
sub-098,OTC,whole,face,3.25,0.8890978982614555
sub-098,OTC,whole,face,3.5,0.8499647186106761
sub-098,OTC,whole,face,3.75,0.9443509533855593
sub-098,OTC,whole,face,4.0,0.9723393746031517
sub-098,OTC,whole,face,4.25,1.0
sub-098,OTC,whole,face,4.5,1.0
sub-098,OTC,whole,face,4.75,1.0
sub-098,OTC,whole,face,5.0,1.0
sub-098,OTC,lateral,face,0.25,0.5251235150531237
sub-098,OTC,lateral,face,0.5,0.6054628582704841
sub-098,OTC,lateral,face,0.75,0.6776207308515073
sub-098,OTC,lateral,face,1.0,0.7607601414875093
sub-098,OTC,lateral,face,1.25,0.8295144656719381
sub-098,OTC,lateral,face,1.5,0.8879493670493618
sub-098,OTC,lateral,face,1.75,0.9323412634053658
sub-098,OTC,lateral,face,2.0,0.9596111082057297
sub-098,OTC,lateral,face,2.25,0.9674926338230481
sub-098,OTC,lateral,face,2.5,1.0
sub-098,OTC,lateral,face,2.75,1.0
sub-098,OTC,lateral,face,3.0,1.0
sub-098,OTC,lateral,face,3.25,1.0
sub-098,OTC,lateral,face,3.5,1.0
sub-098,OTC,lateral,face,3.75,1.0
sub-098,OTC,medial,face,0.25,0.19758801941795384
sub-098,OTC,medial,face,0.5,0.19952010634583112
sub-098,OTC,medial,face,0.75,0.2155653025394985
sub-098,OTC,medial,face,1.0,0.25901092471477455
sub-098,OTC,medial,face,1.25,0.2996060350254408
sub-098,OTC,medial,face,1.5,0.4064391355767009
sub-098,OTC,medial,face,1.75,0.5173469349310253
sub-098,OTC,medial,face,2.0,0.6432156457235412
sub-098,OTC,medial,face,2.25,0.6932296303804198
sub-098,OTC,medial,face,2.5,0.7820951410535689
sub-098,OTC,medial,face,2.75,0.7835570769406428
sub-098,OTC,medial,face,3.0,0.8071202242085032
sub-098,OTC,medial,face,3.25,0.8168539335012192
sub-098,OTC,medial,face,3.5,0.8057987266287471
sub-098,OTC,medial,face,3.75,0.93937599155907
sub-098,OTC,medial,face,4.0,0.9650383850785629
sub-098,OTC,medial,face,4.25,1.0
sub-098,OTC,medial,face,4.5,1.0
sub-098,OTC,medial,face,4.75,1.0
sub-098,OTC,medial,face,5.0,1.0
sub-098,OTC,whole,house,0.25,0.26602840564600916
sub-098,OTC,whole,house,0.5,0.2926226286704011
sub-098,OTC,whole,house,0.75,0.311991074672801
sub-098,OTC,whole,house,1.0,0.3271910253747123
sub-098,OTC,whole,house,1.25,0.3582303218226995
sub-098,OTC,whole,house,1.5,0.4121608837069823
sub-098,OTC,whole,house,1.75,0.4736665683393346
sub-098,OTC,whole,house,2.0,0.5521632107783632
sub-098,OTC,whole,house,2.25,0.6433731127461261
sub-098,OTC,whole,house,2.5,0.7107280700009688
sub-098,OTC,whole,house,2.75,0.7798349373889287
sub-098,OTC,whole,house,3.0,0.8415667164337519
sub-098,OTC,whole,house,3.25,0.8769627139079836
sub-098,OTC,whole,house,3.5,0.932297007626486
sub-098,OTC,whole,house,3.75,0.9518634831777762
sub-098,OTC,whole,house,4.0,0.972167683105896
sub-098,OTC,whole,house,4.25,0.9892663297099399
sub-098,OTC,whole,house,4.5,1.0
sub-098,OTC,whole,house,4.75,1.0
sub-098,OTC,whole,house,5.0,1.0
sub-098,OTC,lateral,house,0.25,0.2854171139585792
sub-098,OTC,lateral,house,0.5,0.29725450650411955
sub-098,OTC,lateral,house,0.75,0.3035717400985842
sub-098,OTC,lateral,house,1.0,0.3165074889262483
sub-098,OTC,lateral,house,1.25,0.32971412459048666
sub-098,OTC,lateral,house,1.5,0.3752952615766087
sub-098,OTC,lateral,house,1.75,0.4401914092410909
sub-098,OTC,lateral,house,2.0,0.5044752886196059
sub-098,OTC,lateral,house,2.25,0.5914139352762448
sub-098,OTC,lateral,house,2.5,0.6518939264907889
sub-098,OTC,lateral,house,2.75,0.7448508560674043
sub-098,OTC,lateral,house,3.0,0.8056658437952617
sub-098,OTC,lateral,house,3.25,0.843902927107277
sub-098,OTC,lateral,house,3.5,0.8974197418887595
sub-098,OTC,lateral,house,3.75,0.923258824667435
sub-098,OTC,lateral,house,4.0,0.9430185819574244
sub-098,OTC,lateral,house,4.25,0.9683939062291359
sub-098,OTC,lateral,house,4.5,1.0
sub-098,OTC,lateral,house,4.75,1.0
sub-098,OTC,lateral,house,5.0,1.0
sub-098,OTC,medial,house,0.25,0.2291147231673072
sub-098,OTC,medial,house,0.5,0.27158126317667086
sub-098,OTC,medial,house,0.75,0.31012026733149517
sub-098,OTC,medial,house,1.0,0.3693897040494714
sub-098,OTC,medial,house,1.25,0.4204175393685319
sub-098,OTC,medial,house,1.5,0.4797522722050158
sub-098,OTC,medial,house,1.75,0.5521046306926687
sub-098,OTC,medial,house,2.0,0.6504961916764473
sub-098,OTC,medial,house,2.25,0.7425510264819851
sub-098,OTC,medial,house,2.5,0.7965907744748634
sub-098,OTC,medial,house,2.75,0.8516630010525974
sub-098,OTC,medial,house,3.0,0.9078424290373329
sub-098,OTC,medial,house,3.25,0.9756231585339357
sub-098,OTC,medial,house,3.5,1.0
sub-098,OTC,medial,house,3.75,1.0
sub-098,OTC,medial,house,4.0,1.0
sub-098,OTC,medial,house,4.25,1.0
sub-098,OTC,medial,house,4.5,1.0
sub-098,OTC,medial,house,4.75,1.0
sub-098,OTC,medial,house,5.0,1.0
sub-098,OTC,whole,object,0.25,0.4929380154012971
sub-098,OTC,whole,object,0.5,0.5591565907913996
sub-098,OTC,whole,object,0.75,0.6110913662421946
sub-098,OTC,whole,object,1.0,0.6615154017998331
sub-098,OTC,whole,object,1.25,0.707468090243742
sub-098,OTC,whole,object,1.5,0.7532349043733096
sub-098,OTC,whole,object,1.75,0.7837865977707551
sub-098,OTC,whole,object,2.0,0.7979677622987706
sub-098,OTC,whole,object,2.25,0.8312295191999992
sub-098,OTC,whole,object,2.5,0.8636958328770805
sub-098,OTC,whole,object,2.75,0.8837147449201963
sub-098,OTC,whole,object,3.0,0.9282778457202534
sub-098,OTC,whole,object,3.25,0.9793684344915047
sub-098,OTC,whole,object,3.5,1.0
sub-098,OTC,whole,object,3.75,1.0
sub-098,OTC,whole,object,4.0,1.0
sub-098,OTC,whole,object,4.25,1.0
sub-098,OTC,whole,object,4.5,1.0
sub-098,OTC,whole,object,4.75,1.0
sub-098,OTC,whole,object,5.0,1.0
sub-098,OTC,lateral,object,0.25,0.5672197379662698
sub-098,OTC,lateral,object,0.5,0.638876342596839
sub-098,OTC,lateral,object,0.75,0.701152184860574
sub-098,OTC,lateral,object,1.0,0.7469581067541463
sub-098,OTC,lateral,object,1.25,0.7977813734372903
sub-098,OTC,lateral,object,1.5,0.8548897870426662
sub-098,OTC,lateral,object,1.75,0.8971124999770689
sub-098,OTC,lateral,object,2.0,0.9091074043295599
sub-098,OTC,lateral,object,2.25,0.9363753308416015
sub-098,OTC,lateral,object,2.5,0.967790912719279
sub-098,OTC,lateral,object,2.75,0.9833635748986045
sub-098,OTC,lateral,object,3.0,0.9998412698412699
sub-098,OTC,lateral,object,3.25,0.9995715576203381
sub-098,OTC,lateral,object,3.5,1.0
sub-098,OTC,lateral,object,3.75,1.0
sub-098,OTC,lateral,object,4.0,1.0
sub-098,OTC,lateral,object,4.25,1.0
sub-098,OTC,lateral,object,4.5,1.0
sub-098,OTC,lateral,object,4.75,1.0
sub-098,OTC,lateral,object,5.0,1.0
sub-098,OTC,medial,object,0.25,0.3552445254133857
sub-098,OTC,medial,object,0.5,0.4104864898069001
sub-098,OTC,medial,object,0.75,0.45414514574560494
sub-098,OTC,medial,object,1.0,0.49525643854307594
sub-098,OTC,medial,object,1.25,0.5329993653402508
sub-098,OTC,medial,object,1.5,0.5626121599879625
sub-098,OTC,medial,object,1.75,0.5478554616519353
sub-098,OTC,medial,object,2.0,0.5585153967638012
sub-098,OTC,medial,object,2.25,0.5658570563026075
sub-098,OTC,medial,object,2.5,0.5974573589468012
sub-098,OTC,medial,object,2.75,0.618668870522949
sub-098,OTC,medial,object,3.0,0.7389164299968994
sub-098,OTC,medial,object,3.25,0.9256341251494623
sub-098,OTC,medial,object,3.5,1.0
sub-098,OTC,medial,object,3.75,1.0
sub-098,OTC,medial,object,4.0,1.0
sub-098,OTC,medial,object,4.25,1.0
sub-098,OTC,medial,object,4.5,1.0
sub-098,OTC,medial,object,4.75,1.0
sub-098,OTC,medial,object,5.0,1.0
sub-098,OTC,whole,word,0.25,0.101867356202538
sub-098,OTC,whole,word,0.5,0.09587543592229214
sub-098,OTC,whole,word,0.75,0.07615511977734103
sub-098,OTC,whole,word,1.0,0.0518643283688293
sub-098,OTC,whole,word,1.25,0.0238045224670444
sub-098,OTC,whole,word,1.5,-0.015309339731107062
sub-098,OTC,whole,word,1.75,-0.06063265987609547
sub-098,OTC,whole,word,2.0,-0.048966155329780034
sub-098,OTC,whole,word,2.25,0.002450733810338071
sub-098,OTC,whole,word,2.5,0.13210358480933757
sub-098,OTC,whole,word,2.75,0.2645458362795217
sub-098,OTC,whole,word,3.0,0.2576056070037168
sub-098,OTC,whole,word,3.25,0.550454267954268
sub-098,OTC,whole,word,3.5,0.5739700374531834
sub-098,OTC,lateral,word,0.25,0.2649102375133275
sub-098,OTC,lateral,word,0.5,0.2910384920691023
sub-098,OTC,lateral,word,0.75,0.2918554247151038
sub-098,OTC,lateral,word,1.0,0.3131672307241096
sub-098,OTC,lateral,word,1.25,0.32648005057414
sub-098,OTC,lateral,word,1.5,0.3057429994265318
sub-098,OTC,lateral,word,1.75,0.31715892519247235
sub-098,OTC,lateral,word,2.0,0.3832130753309783
sub-098,OTC,lateral,word,2.25,0.4848938748198042
sub-098,OTC,lateral,word,2.5,0.6224247094245464
sub-098,OTC,lateral,word,2.75,0.9122541617838115
sub-098,OTC,lateral,word,3.0,0.9908780108780108
sub-098,OTC,lateral,word,3.25,1.0
sub-098,OTC,medial,word,0.25,-0.24175074869976254
sub-098,OTC,medial,word,0.5,-0.2926948555142178
sub-098,OTC,medial,word,0.75,-0.3655631346548112
sub-098,OTC,medial,word,1.0,-0.4376667190339068
sub-098,OTC,medial,word,1.25,-0.5033629915608268
sub-098,OTC,medial,word,1.5,-0.5169144088805119
sub-098,OTC,medial,word,1.75,-0.5447106770084031
sub-098,OTC,medial,word,2.0,-0.5327117880190406
sub-098,OTC,medial,word,2.25,-0.4941076921761542
sub-098,OTC,medial,word,2.5,-0.3067363268566994
sub-098,OTC,medial,word,2.75,-0.28331759264302
sub-098,OTC,medial,word,3.0,-0.12716008174831706
sub-098,OTC,medial,word,3.25,0.25483870967741934
sub-099,OTC,whole,face,0.25,-0.01907715398716445
sub-099,OTC,whole,face,0.5,-0.03944041009952028
sub-099,OTC,whole,face,0.75,-0.06955087429956372
sub-099,OTC,whole,face,1.0,-0.09631555081071784
sub-099,OTC,whole,face,1.25,-0.15870330631268645
sub-099,OTC,whole,face,1.5,-0.22878635452527832
sub-099,OTC,whole,face,1.75,-0.3396281523654572
sub-099,OTC,whole,face,2.0,-0.4688441770620401
sub-099,OTC,whole,face,2.25,-0.6285803027567914
sub-099,OTC,whole,face,2.5,-0.7803557903720193
sub-099,OTC,whole,face,2.75,-0.8771625975088834
sub-099,OTC,whole,face,3.0,-0.9442579046543444
sub-099,OTC,whole,face,3.25,-0.9702712937480387
sub-099,OTC,whole,face,3.5,-0.98362150526369
sub-099,OTC,whole,face,3.75,-0.9913212895575294
sub-099,OTC,whole,face,4.0,-1.0
sub-099,OTC,whole,face,4.25,-1.0
sub-099,OTC,whole,face,4.5,-1.0
sub-099,OTC,whole,face,4.75,-1.0
sub-099,OTC,whole,face,5.0,-1.0
sub-099,OTC,lateral,face,0.25,-0.06472675938321473
sub-099,OTC,lateral,face,0.5,-0.09361235843111818
sub-099,OTC,lateral,face,0.75,-0.12278700921015835
sub-099,OTC,lateral,face,1.0,-0.1563449038063933
sub-099,OTC,lateral,face,1.25,-0.22225829214835247
sub-099,OTC,lateral,face,1.5,-0.3010742667466102
sub-099,OTC,lateral,face,1.75,-0.4220301544375693
sub-099,OTC,lateral,face,2.0,-0.5682976174729476
sub-099,OTC,lateral,face,2.25,-0.7236543082377868
sub-099,OTC,lateral,face,2.5,-0.857874123009775
sub-099,OTC,lateral,face,2.75,-0.9264801073234844
sub-099,OTC,lateral,face,3.0,-0.9629512575903627
sub-099,OTC,lateral,face,3.25,-0.9795618702632387
sub-099,OTC,lateral,face,3.5,-0.9894821783275838
sub-099,OTC,lateral,face,3.75,-0.9969640954490624
sub-099,OTC,lateral,face,4.0,-1.0
sub-099,OTC,lateral,face,4.25,-1.0
sub-099,OTC,lateral,face,4.5,-1.0
sub-099,OTC,lateral,face,4.75,-1.0
sub-099,OTC,lateral,face,5.0,-1.0
sub-099,OTC,medial,face,0.25,0.04778584407540659
sub-099,OTC,medial,face,0.5,0.030700312099261766
sub-099,OTC,medial,face,0.75,0.022811910410474524
sub-099,OTC,medial,face,1.0,0.01047143398084093
sub-099,OTC,medial,face,1.25,-0.03325882234717125
sub-099,OTC,medial,face,1.5,-0.06689295192586137
sub-099,OTC,medial,face,1.75,-0.13521447568454534
sub-099,OTC,medial,face,2.0,-0.21630930611822252
sub-099,OTC,medial,face,2.25,-0.37207254819820834
sub-099,OTC,medial,face,2.5,-0.5205746046746402
sub-099,OTC,medial,face,2.75,-0.6920742599526567
sub-099,OTC,medial,face,3.0,-0.8641599753724677
sub-099,OTC,medial,face,3.25,-0.9345238332571989
sub-099,OTC,medial,face,3.5,-0.9745654351486237
sub-099,OTC,medial,face,3.75,-0.9772756626880973
sub-099,OTC,medial,face,4.0,-1.0
sub-099,OTC,medial,face,4.25,-1.0
sub-099,OTC,medial,face,4.5,-1.0
sub-099,OTC,medial,face,4.75,-1.0
sub-099,OTC,medial,face,5.0,-1.0
sub-099,OTC,whole,house,0.25,-0.14242563849564766
sub-099,OTC,whole,house,0.5,-0.20059457500727376
sub-099,OTC,whole,house,0.75,-0.2516923858206813
sub-099,OTC,whole,house,1.0,-0.32895986363097196
sub-099,OTC,whole,house,1.25,-0.4011730337080457
sub-099,OTC,whole,house,1.5,-0.45427139746348816
sub-099,OTC,whole,house,1.75,-0.5099366301362696
sub-099,OTC,whole,house,2.0,-0.5653948047153733
sub-099,OTC,whole,house,2.25,-0.591418763160637
sub-099,OTC,whole,house,2.5,-0.6356152172936608
sub-099,OTC,whole,house,2.75,-0.6895580565016453
sub-099,OTC,whole,house,3.0,-0.7356104147615299
sub-099,OTC,whole,house,3.25,-0.7940841287055008
sub-099,OTC,whole,house,3.5,-0.8624103144029189
sub-099,OTC,whole,house,3.75,-0.913724393882331
sub-099,OTC,whole,house,4.0,-0.9578586957611871
sub-099,OTC,whole,house,4.25,-0.9688930990915027
sub-099,OTC,whole,house,4.5,-0.9839978729526809
sub-099,OTC,whole,house,4.75,-1.0
sub-099,OTC,whole,house,5.0,-0.9998422090729783
sub-099,OTC,lateral,house,0.25,-0.1677505709327942
sub-099,OTC,lateral,house,0.5,-0.25216972597128623
sub-099,OTC,lateral,house,0.75,-0.33651533026371544
sub-099,OTC,lateral,house,1.0,-0.42323615075309035
sub-099,OTC,lateral,house,1.25,-0.5095224541735393
sub-099,OTC,lateral,house,1.5,-0.5678816521027044
sub-099,OTC,lateral,house,1.75,-0.6191484054449665
sub-099,OTC,lateral,house,2.0,-0.6648666453181257
sub-099,OTC,lateral,house,2.25,-0.6881835503680691
sub-099,OTC,lateral,house,2.5,-0.7324616147683676
sub-099,OTC,lateral,house,2.75,-0.7783684093171438
sub-099,OTC,lateral,house,3.0,-0.8228637110625724
sub-099,OTC,lateral,house,3.25,-0.8526264686764274
sub-099,OTC,lateral,house,3.5,-0.8967713259000502
sub-099,OTC,lateral,house,3.75,-0.928111018588166
sub-099,OTC,lateral,house,4.0,-0.9624802699943203
sub-099,OTC,lateral,house,4.25,-0.9687826555255973
sub-099,OTC,lateral,house,4.5,-0.9907339929050791
sub-099,OTC,lateral,house,4.75,-1.0
sub-099,OTC,lateral,house,5.0,-1.0
sub-099,OTC,medial,house,0.25,-0.08297311970811251
sub-099,OTC,medial,house,0.5,-0.1043825474478708
sub-099,OTC,medial,house,0.75,-0.11309189789277402
sub-099,OTC,medial,house,1.0,-0.174533272261451
sub-099,OTC,medial,house,1.25,-0.22117506943090134
sub-099,OTC,medial,house,1.5,-0.2480484923301876
sub-099,OTC,medial,house,1.75,-0.32505091700258787
sub-099,OTC,medial,house,2.0,-0.37740438281239236
sub-099,OTC,medial,house,2.25,-0.4041653049043121
sub-099,OTC,medial,house,2.5,-0.46894434307686994
sub-099,OTC,medial,house,2.75,-0.5206245661834477
sub-099,OTC,medial,house,3.0,-0.5667228339175548
sub-099,OTC,medial,house,3.25,-0.6864686065381379
sub-099,OTC,medial,house,3.5,-0.8010051480259147
sub-099,OTC,medial,house,3.75,-0.8979839275202891
sub-099,OTC,medial,house,4.0,-0.9583864803088193
sub-099,OTC,medial,house,4.25,-0.9656327788064958
sub-099,OTC,medial,house,4.5,-0.9911803928758798
sub-099,OTC,medial,house,4.75,-1.0
sub-099,OTC,medial,house,5.0,-0.9975742447516642
sub-099,OTC,whole,object,0.25,-0.21216331322539067
sub-099,OTC,whole,object,0.5,-0.2758007540810963
sub-099,OTC,whole,object,0.75,-0.37346612462681306
sub-099,OTC,whole,object,1.0,-0.4775215311923135
sub-099,OTC,whole,object,1.25,-0.5684386772829416
sub-099,OTC,whole,object,1.5,-0.6483088445016234
sub-099,OTC,whole,object,1.75,-0.736868734712328
sub-099,OTC,whole,object,2.0,-0.8365328081967459
sub-099,OTC,whole,object,2.25,-0.8786840724495467
sub-099,OTC,whole,object,2.5,-0.9282093981642002
sub-099,OTC,whole,object,2.75,-0.9663109373823686
sub-099,OTC,whole,object,3.0,-0.9701042256827339
sub-099,OTC,whole,object,3.25,-0.99172321107712
sub-099,OTC,whole,object,3.5,-1.0
sub-099,OTC,whole,object,3.75,-1.0
sub-099,OTC,whole,object,4.0,-1.0
sub-099,OTC,whole,object,4.25,-1.0
sub-099,OTC,whole,object,4.5,-1.0
sub-099,OTC,whole,object,4.75,-1.0
sub-099,OTC,whole,object,5.0,-1.0
sub-099,OTC,lateral,object,0.25,-0.32760604286354544
sub-099,OTC,lateral,object,0.5,-0.3769471538988508
sub-099,OTC,lateral,object,0.75,-0.4767302914388736
sub-099,OTC,lateral,object,1.0,-0.5784608228884022
sub-099,OTC,lateral,object,1.25,-0.680341099506201
sub-099,OTC,lateral,object,1.5,-0.7612708075457307
sub-099,OTC,lateral,object,1.75,-0.8447497257949601
sub-099,OTC,lateral,object,2.0,-0.9122767226831024
sub-099,OTC,lateral,object,2.25,-0.9419313003621564
sub-099,OTC,lateral,object,2.5,-0.946233417938303
sub-099,OTC,lateral,object,2.75,-0.9573681452646555
sub-099,OTC,lateral,object,3.0,-0.9677163828133715
sub-099,OTC,lateral,object,3.25,-0.9907816219691828
sub-099,OTC,lateral,object,3.5,-1.0
sub-099,OTC,lateral,object,3.75,-1.0
sub-099,OTC,lateral,object,4.0,-1.0
sub-099,OTC,lateral,object,4.25,-1.0
sub-099,OTC,lateral,object,4.5,-1.0
sub-099,OTC,lateral,object,4.75,-1.0
sub-099,OTC,lateral,object,5.0,-1.0
sub-099,OTC,medial,object,0.25,0.013529928360944682
sub-099,OTC,medial,object,0.5,-0.07234625815082008
sub-099,OTC,medial,object,0.75,-0.1779500080895603
sub-099,OTC,medial,object,1.0,-0.2652519687460307
sub-099,OTC,medial,object,1.25,-0.3652441410078038
sub-099,OTC,medial,object,1.5,-0.44367668235803853
sub-099,OTC,medial,object,1.75,-0.53635498126278
sub-099,OTC,medial,object,2.0,-0.6680071537615077
sub-099,OTC,medial,object,2.25,-0.7500621786362339
sub-099,OTC,medial,object,2.5,-0.8783728004941
sub-099,OTC,medial,object,2.75,-0.9860267663619606
sub-099,OTC,medial,object,3.0,-0.9870755402089277
sub-099,OTC,medial,object,3.25,-1.0
sub-099,OTC,medial,object,3.5,-1.0
sub-099,OTC,medial,object,3.75,-1.0
sub-099,OTC,medial,object,4.0,-1.0
sub-099,OTC,medial,object,4.25,-1.0
sub-099,OTC,medial,object,4.5,-1.0
sub-099,OTC,medial,object,4.75,-1.0
sub-099,OTC,medial,object,5.0,-1.0
sub-099,OTC,whole,word,0.25,-0.00863135303345425
sub-099,OTC,whole,word,0.5,-0.04693056402011152
sub-099,OTC,whole,word,0.75,-0.07275536326807636
sub-099,OTC,whole,word,1.0,-0.11461775509067734
sub-099,OTC,whole,word,1.25,-0.1762579057043135
sub-099,OTC,whole,word,1.5,-0.2780688706738377
sub-099,OTC,whole,word,1.75,-0.3493142420006047
sub-099,OTC,whole,word,2.0,-0.472941753361889
sub-099,OTC,whole,word,2.25,-0.6289808656763146
sub-099,OTC,whole,word,2.5,-0.7831845144093822
sub-099,OTC,whole,word,2.75,-0.8678701898649215
sub-099,OTC,whole,word,3.0,-0.9397706655247753
sub-099,OTC,whole,word,3.25,-0.9764389545316754
sub-099,OTC,whole,word,3.5,-1.0
sub-099,OTC,whole,word,3.75,-1.0
sub-099,OTC,whole,word,4.0,-1.0
sub-099,OTC,whole,word,4.25,-1.0
sub-099,OTC,whole,word,4.5,-1.0
sub-099,OTC,whole,word,4.75,-1.0
sub-099,OTC,whole,word,5.0,-1.0
sub-099,OTC,lateral,word,0.25,-0.00034044831437921556
sub-099,OTC,lateral,word,0.5,-0.06244224644303462
sub-099,OTC,lateral,word,0.75,-0.09003078869442238
sub-099,OTC,lateral,word,1.0,-0.13770035481080017
sub-099,OTC,lateral,word,1.25,-0.21186706146065754
sub-099,OTC,lateral,word,1.5,-0.29592959560253773
sub-099,OTC,lateral,word,1.75,-0.36243827506594406
sub-099,OTC,lateral,word,2.0,-0.4660884084521429
sub-099,OTC,lateral,word,2.25,-0.6082620113436455
sub-099,OTC,lateral,word,2.5,-0.7765381817444806
sub-099,OTC,lateral,word,2.75,-0.8436155795434703
sub-099,OTC,lateral,word,3.0,-0.9398588444777439
sub-099,OTC,lateral,word,3.25,-0.9901377694002135
sub-099,OTC,lateral,word,3.5,-1.0
sub-099,OTC,lateral,word,3.75,-1.0
sub-099,OTC,lateral,word,4.0,-1.0
sub-099,OTC,lateral,word,4.25,-1.0
sub-099,OTC,lateral,word,4.5,-1.0
sub-099,OTC,lateral,word,4.75,-1.0
sub-099,OTC,lateral,word,5.0,-1.0
sub-099,OTC,medial,word,0.25,-0.018559171645270756
sub-099,OTC,medial,word,0.5,-0.02443569864584684
sub-099,OTC,medial,word,0.75,-0.04247542287898252
sub-099,OTC,medial,word,1.0,-0.0654058647943065
sub-099,OTC,medial,word,1.25,-0.1179257679998331
sub-099,OTC,medial,word,1.5,-0.23883789330112448
sub-099,OTC,medial,word,1.75,-0.33817713326356924
sub-099,OTC,medial,word,2.0,-0.47182469050481274
sub-099,OTC,medial,word,2.25,-0.6875293652003721
sub-099,OTC,medial,word,2.5,-0.8261397098340773
sub-099,OTC,medial,word,2.75,-0.9036145236794527
sub-099,OTC,medial,word,3.0,-0.9441781875871142
sub-099,OTC,medial,word,3.25,-0.9783635823085381
sub-099,OTC,medial,word,3.5,-1.0
sub-099,OTC,medial,word,3.75,-1.0
sub-099,OTC,medial,word,4.0,-1.0
sub-099,OTC,medial,word,4.25,-1.0
sub-099,OTC,medial,word,4.5,-1.0
sub-099,OTC,medial,word,4.75,-1.0
sub-099,OTC,medial,word,5.0,-1.0
sub-101,OTC,whole,face,0.25,-0.01554807105590117
sub-101,OTC,whole,face,0.5,0.04331909078102543
sub-101,OTC,whole,face,0.75,0.09833536804003488
sub-101,OTC,whole,face,1.0,0.13224655189889337
sub-101,OTC,whole,face,1.25,0.13888276221099205
sub-101,OTC,whole,face,1.5,0.17729486838426262
sub-101,OTC,whole,face,1.75,0.20808442879182076
sub-101,OTC,whole,face,2.0,0.21770917437094528
sub-101,OTC,whole,face,2.25,0.2340053455197482
sub-101,OTC,whole,face,2.5,0.27438095812285895
sub-101,OTC,whole,face,2.75,0.3758331562472509
sub-101,OTC,whole,face,3.0,0.42197272617505016
sub-101,OTC,whole,face,3.25,0.48040423663206444
sub-101,OTC,whole,face,3.5,0.5825513059123183
sub-101,OTC,whole,face,3.75,0.6605721508281366
sub-101,OTC,whole,face,4.0,0.7263194627668837
sub-101,OTC,whole,face,4.25,0.8110950656615026
sub-101,OTC,whole,face,4.5,0.8807461785872716
sub-101,OTC,whole,face,4.75,0.9303144083763855
sub-101,OTC,whole,face,5.0,0.9845704696947647
sub-101,OTC,lateral,face,0.25,0.00590750491995642
sub-101,OTC,lateral,face,0.5,0.09615333363096079
sub-101,OTC,lateral,face,0.75,0.18329140384843787
sub-101,OTC,lateral,face,1.0,0.229585422662318
sub-101,OTC,lateral,face,1.25,0.26657967794219456
sub-101,OTC,lateral,face,1.5,0.3365447852675944
sub-101,OTC,lateral,face,1.75,0.4127123594031196
sub-101,OTC,lateral,face,2.0,0.42941890435226004
sub-101,OTC,lateral,face,2.25,0.46639979663974906
sub-101,OTC,lateral,face,2.5,0.4752256750936856
sub-101,OTC,lateral,face,2.75,0.5758934539954822
sub-101,OTC,lateral,face,3.0,0.6448794079771004
sub-101,OTC,lateral,face,3.25,0.6960048719176989
sub-101,OTC,lateral,face,3.5,0.7686093473271197
sub-101,OTC,lateral,face,3.75,0.8241477135425607
sub-101,OTC,lateral,face,4.0,0.8252796204795102
sub-101,OTC,lateral,face,4.25,0.8705899893035728
sub-101,OTC,lateral,face,4.5,0.8888816821512211
sub-101,OTC,lateral,face,4.75,0.9587912480290428
sub-101,OTC,lateral,face,5.0,0.9754645094608095
sub-101,OTC,medial,face,0.25,-0.056431161027480116
sub-101,OTC,medial,face,0.5,-0.03135278513123107
sub-101,OTC,medial,face,0.75,-0.015660102953537633
sub-101,OTC,medial,face,1.0,-0.008894011930555149
sub-101,OTC,medial,face,1.25,-0.017518623652992123
sub-101,OTC,medial,face,1.5,-0.01030373144253409
sub-101,OTC,medial,face,1.75,-0.02615532807819302
sub-101,OTC,medial,face,2.0,-0.049044543715488685
sub-101,OTC,medial,face,2.25,-0.040217018371676995
sub-101,OTC,medial,face,2.5,-0.04121949188923697
sub-101,OTC,medial,face,2.75,0.04740729664956003
sub-101,OTC,medial,face,3.0,0.06526337772528414
sub-101,OTC,medial,face,3.25,0.11666884002463855
sub-101,OTC,medial,face,3.5,0.21852137236119154
sub-101,OTC,medial,face,3.75,0.3872237934563775
sub-101,OTC,medial,face,4.0,0.5451513194381479
sub-101,OTC,medial,face,4.25,0.7263291328748397
sub-101,OTC,medial,face,4.5,0.8707045577235597
sub-101,OTC,medial,face,4.75,0.9494972011133
sub-101,OTC,medial,face,5.0,1.0
sub-101,OTC,whole,house,0.25,0.07006217013138924
sub-101,OTC,whole,house,0.5,0.13066494674174453
sub-101,OTC,whole,house,0.75,0.1981553010943124
sub-101,OTC,whole,house,1.0,0.3163578249876088
sub-101,OTC,whole,house,1.25,0.4406387125541397
sub-101,OTC,whole,house,1.5,0.6040117412388103
sub-101,OTC,whole,house,1.75,0.7511663642071035
sub-101,OTC,whole,house,2.0,0.8659868960927655
sub-101,OTC,whole,house,2.25,0.9212742321287195
sub-101,OTC,whole,house,2.5,0.9655199830148209
sub-101,OTC,whole,house,2.75,0.9838784793564573
sub-101,OTC,whole,house,3.0,0.9909267813750438
sub-101,OTC,whole,house,3.25,0.995692202253198
sub-101,OTC,whole,house,3.5,0.9984541671950842
sub-101,OTC,whole,house,3.75,1.0
sub-101,OTC,whole,house,4.0,1.0
sub-101,OTC,whole,house,4.25,1.0
sub-101,OTC,whole,house,4.5,1.0
sub-101,OTC,whole,house,4.75,1.0
sub-101,OTC,whole,house,5.0,1.0
sub-101,OTC,lateral,house,0.25,0.008147072716876085
sub-101,OTC,lateral,house,0.5,0.0642512315955417
sub-101,OTC,lateral,house,0.75,0.1531405561525505
sub-101,OTC,lateral,house,1.0,0.2786462209245732
sub-101,OTC,lateral,house,1.25,0.43361097780977914
sub-101,OTC,lateral,house,1.5,0.6195297860394487
sub-101,OTC,lateral,house,1.75,0.7808291890589399
sub-101,OTC,lateral,house,2.0,0.8769341645448594
sub-101,OTC,lateral,house,2.25,0.9383537941324157
sub-101,OTC,lateral,house,2.5,0.9745484353311876
sub-101,OTC,lateral,house,2.75,1.0
sub-101,OTC,lateral,house,3.0,1.0
sub-101,OTC,lateral,house,3.25,1.0
sub-101,OTC,lateral,house,3.5,1.0
sub-101,OTC,lateral,house,3.75,1.0
sub-101,OTC,lateral,house,4.0,1.0
sub-101,OTC,lateral,house,4.25,1.0
sub-101,OTC,lateral,house,4.5,1.0
sub-101,OTC,lateral,house,4.75,1.0
sub-101,OTC,lateral,house,5.0,1.0
sub-101,OTC,medial,house,0.25,0.19923806318880025
sub-101,OTC,medial,house,0.5,0.28418471043278454
sub-101,OTC,medial,house,0.75,0.3154528262481658
sub-101,OTC,medial,house,1.0,0.39939974333124795
sub-101,OTC,medial,house,1.25,0.46624847009623693
sub-101,OTC,medial,house,1.5,0.5933360418913337
sub-101,OTC,medial,house,1.75,0.6861237492193933
sub-101,OTC,medial,house,2.0,0.8189028307866186
sub-101,OTC,medial,house,2.25,0.8668032248384825
sub-101,OTC,medial,house,2.5,0.932075731743373
sub-101,OTC,medial,house,2.75,0.9182248002925699
sub-101,OTC,medial,house,3.0,0.9381188609929952
sub-101,OTC,medial,house,3.25,0.959661439494064
sub-101,OTC,medial,house,3.5,0.979291386277323
sub-101,OTC,medial,house,3.75,1.0
sub-101,OTC,medial,house,4.0,1.0
sub-101,OTC,medial,house,4.25,1.0
sub-101,OTC,medial,house,4.5,1.0
sub-101,OTC,medial,house,4.75,1.0
sub-101,OTC,medial,house,5.0,1.0
sub-101,OTC,whole,object,0.25,-0.020403179436259702
sub-101,OTC,whole,object,0.5,0.0017604800709242884
sub-101,OTC,whole,object,0.75,0.035037556967411836
sub-101,OTC,whole,object,1.0,0.09708741844873607
sub-101,OTC,whole,object,1.25,0.18389012036957694
sub-101,OTC,whole,object,1.5,0.27686201268574384
sub-101,OTC,whole,object,1.75,0.4415207926161193
sub-101,OTC,whole,object,2.0,0.6889278171710095
sub-101,OTC,whole,object,2.25,0.8975142044300608
sub-101,OTC,whole,object,2.5,0.9668532688368081
sub-101,OTC,whole,object,2.75,0.9866385559789307
sub-101,OTC,whole,object,3.0,0.9980315693899708
sub-101,OTC,whole,object,3.25,1.0
sub-101,OTC,whole,object,3.5,1.0
sub-101,OTC,whole,object,3.75,1.0
sub-101,OTC,whole,object,4.0,1.0
sub-101,OTC,whole,object,4.25,1.0
sub-101,OTC,whole,object,4.5,1.0
sub-101,OTC,whole,object,4.75,1.0
sub-101,OTC,whole,object,5.0,1.0
sub-101,OTC,lateral,object,0.25,0.031544101916418855
sub-101,OTC,lateral,object,0.5,0.04578695152880859
sub-101,OTC,lateral,object,0.75,0.07558241365839734
sub-101,OTC,lateral,object,1.0,0.1323751606270933
sub-101,OTC,lateral,object,1.25,0.21065286493604582
sub-101,OTC,lateral,object,1.5,0.2994068447822857
sub-101,OTC,lateral,object,1.75,0.47606617790156086
sub-101,OTC,lateral,object,2.0,0.7350871767042614
sub-101,OTC,lateral,object,2.25,0.9340078108366279
sub-101,OTC,lateral,object,2.5,0.9870929040836927
sub-101,OTC,lateral,object,2.75,1.0
sub-101,OTC,lateral,object,3.0,1.0
sub-101,OTC,lateral,object,3.25,1.0
sub-101,OTC,lateral,object,3.5,1.0
sub-101,OTC,lateral,object,3.75,1.0
sub-101,OTC,lateral,object,4.0,1.0
sub-101,OTC,lateral,object,4.25,1.0
sub-101,OTC,lateral,object,4.5,1.0
sub-101,OTC,lateral,object,4.75,1.0
sub-101,OTC,lateral,object,5.0,1.0
sub-101,OTC,medial,object,0.25,-0.1611260387265362
sub-101,OTC,medial,object,0.5,-0.146852282757724
sub-101,OTC,medial,object,0.75,-0.1277844922634979
sub-101,OTC,medial,object,1.0,-0.05983698576590512
sub-101,OTC,medial,object,1.25,0.0028246804232192856
sub-101,OTC,medial,object,1.5,0.11670002018592679
sub-101,OTC,medial,object,1.75,0.19522545116660173
sub-101,OTC,medial,object,2.0,0.31419064617072356
sub-101,OTC,medial,object,2.25,0.5405064933695277
sub-101,OTC,medial,object,2.5,0.66995859205122
sub-101,OTC,medial,object,2.75,0.7288037067974044
sub-101,OTC,medial,object,3.0,0.9290225948453795
sub-101,OTC,medial,object,3.25,1.0
sub-101,OTC,whole,word,0.25,-0.19111691886766824
sub-101,OTC,whole,word,0.5,-0.17363111242614676
sub-101,OTC,whole,word,0.75,-0.15701942150562434
sub-101,OTC,whole,word,1.0,-0.10474218672873882
sub-101,OTC,whole,word,1.25,-0.037088199226165394
sub-101,OTC,whole,word,1.5,0.0576929720096726
sub-101,OTC,whole,word,1.75,0.18730557620257937
sub-101,OTC,whole,word,2.0,0.23325790104467972
sub-101,OTC,whole,word,2.25,0.29301233545728994
sub-101,OTC,whole,word,2.5,0.34291295451934856
sub-101,OTC,whole,word,2.75,0.40092488848014746
sub-101,OTC,whole,word,3.0,0.4077999029928967
sub-101,OTC,whole,word,3.25,0.43152454611313884
sub-101,OTC,whole,word,3.5,0.49507425382811404
sub-101,OTC,whole,word,3.75,0.49658163508294517
sub-101,OTC,whole,word,4.0,0.5152394738577447
sub-101,OTC,whole,word,4.25,0.5600939792840793
sub-101,OTC,whole,word,4.5,0.5583855838687065
sub-101,OTC,whole,word,4.75,0.43364610552845856
sub-101,OTC,whole,word,5.0,0.40776094276094277
sub-101,OTC,lateral,word,0.25,-0.18696408437502615
sub-101,OTC,lateral,word,0.5,-0.16897239767966496
sub-101,OTC,lateral,word,0.75,-0.17227985470709625
sub-101,OTC,lateral,word,1.0,-0.13176478498765118
sub-101,OTC,lateral,word,1.25,-0.032038527435362646
sub-101,OTC,lateral,word,1.5,0.09765317602383985
sub-101,OTC,lateral,word,1.75,0.2901193534309804
sub-101,OTC,lateral,word,2.0,0.40205073670859265
sub-101,OTC,lateral,word,2.25,0.5219714957933607
sub-101,OTC,lateral,word,2.5,0.6405662755266853
sub-101,OTC,lateral,word,2.75,0.7140130388924115
sub-101,OTC,lateral,word,3.0,0.7539197569836273
sub-101,OTC,lateral,word,3.25,0.7986080416376565
sub-101,OTC,lateral,word,3.5,0.8527562550159316
sub-101,OTC,lateral,word,3.75,0.8539530833389894
sub-101,OTC,lateral,word,4.0,0.8504830475608582
sub-101,OTC,lateral,word,4.25,0.835749056536657
sub-101,OTC,lateral,word,4.5,0.9111616108922611
sub-101,OTC,lateral,word,4.75,0.9482522594364697
sub-101,OTC,lateral,word,5.0,0.9785611214182641
sub-101,OTC,medial,word,0.25,-0.20436976407345975
sub-101,OTC,medial,word,0.5,-0.1733426422420698
sub-101,OTC,medial,word,0.75,-0.1290687976124863
sub-101,OTC,medial,word,1.0,-0.07807942290743397
sub-101,OTC,medial,word,1.25,-0.03782986193272409
sub-101,OTC,medial,word,1.5,0.0032907657547457
sub-101,OTC,medial,word,1.75,0.08950121566882455
sub-101,OTC,medial,word,2.0,0.08779588628575569
sub-101,OTC,medial,word,2.25,0.1194532115272578
sub-101,OTC,medial,word,2.5,0.11754566910945304
sub-101,OTC,medial,word,2.75,0.10824925488493568
sub-101,OTC,medial,word,3.0,0.07683849817569016
sub-101,OTC,medial,word,3.25,0.004670297840616669
sub-101,OTC,medial,word,3.5,0.01762300231767021
sub-101,OTC,medial,word,3.75,-0.08884057055093189
sub-101,OTC,medial,word,4.0,-0.24391143906714843
sub-101,OTC,medial,word,4.25,-0.4667349515563801
sub-101,OTC,medial,word,4.5,-0.7866144018583042
sub-101,OTC,medial,word,4.75,-1.0
sub-108,OTC,whole,face,0.25,0.3726892051581457
sub-108,OTC,whole,face,0.5,0.3811799172430456
sub-108,OTC,whole,face,0.75,0.37010251059378474
sub-108,OTC,whole,face,1.0,0.3447396173693682
sub-108,OTC,whole,face,1.25,0.28685742677029874
sub-108,OTC,whole,face,1.5,0.16962287447451566
sub-108,OTC,whole,face,1.75,-0.013690970119629218
sub-108,OTC,whole,face,2.0,-0.21167511900289807
sub-108,OTC,whole,face,2.25,-0.4803613679878322
sub-108,OTC,whole,face,2.5,-0.7715993417228475
sub-108,OTC,whole,face,2.75,-0.9158507805764287
sub-108,OTC,whole,face,3.0,-0.9664060741741083
sub-108,OTC,whole,face,3.25,-0.9755958858887899
sub-108,OTC,whole,face,3.5,-0.9880336905006514
sub-108,OTC,whole,face,3.75,-0.9890414933287781
sub-108,OTC,whole,face,4.0,-0.9972294863182674
sub-108,OTC,whole,face,4.25,-1.0
sub-108,OTC,whole,face,4.5,-0.9992385474882731
sub-108,OTC,whole,face,4.75,-1.0
sub-108,OTC,whole,face,5.0,-1.0
sub-108,OTC,lateral,face,0.25,0.3354752852387387
sub-108,OTC,lateral,face,0.5,0.3439346392614885
sub-108,OTC,lateral,face,0.75,0.33452809548122725
sub-108,OTC,lateral,face,1.0,0.312820713585416
sub-108,OTC,lateral,face,1.25,0.2593099235490055
sub-108,OTC,lateral,face,1.5,0.15107873138270014
sub-108,OTC,lateral,face,1.75,-0.03429248571157462
sub-108,OTC,lateral,face,2.0,-0.24644140475245213
sub-108,OTC,lateral,face,2.25,-0.5034863142239095
sub-108,OTC,lateral,face,2.5,-0.7943527114843685
sub-108,OTC,lateral,face,2.75,-0.9426894937904212
sub-108,OTC,lateral,face,3.0,-0.9962796027036264
sub-108,OTC,lateral,face,3.25,-1.0
sub-108,OTC,lateral,face,3.5,-1.0
sub-108,OTC,lateral,face,3.75,-1.0
sub-108,OTC,lateral,face,4.0,-1.0
sub-108,OTC,lateral,face,4.25,-1.0
sub-108,OTC,lateral,face,4.5,-1.0
sub-108,OTC,lateral,face,4.75,-1.0
sub-108,OTC,lateral,face,5.0,-1.0
sub-108,OTC,medial,face,0.25,0.6024287729371285
sub-108,OTC,medial,face,0.5,0.6363745721122398
sub-108,OTC,medial,face,0.75,0.6454372318181378
sub-108,OTC,medial,face,1.0,0.6777844181544436
sub-108,OTC,medial,face,1.25,0.6161848446377964
sub-108,OTC,medial,face,1.5,0.5101670997827736
sub-108,OTC,medial,face,1.75,0.4642177566951451
sub-108,OTC,medial,face,2.0,0.3468097410362159
sub-108,OTC,medial,face,2.25,0.19648778771585784
sub-108,OTC,medial,face,2.5,0.4346882872306601
sub-108,OTC,medial,face,2.75,0.2779569892473118
sub-108,OTC,medial,face,3.0,0.21657848324514994
sub-108,OTC,medial,face,3.25,0.17589893100097181
sub-108,OTC,whole,house,0.25,-0.5508830784796638
sub-108,OTC,whole,house,0.5,-0.6457098486329298
sub-108,OTC,whole,house,0.75,-0.7323434627214818
sub-108,OTC,whole,house,1.0,-0.79402194419211
sub-108,OTC,whole,house,1.25,-0.8616191673924298
sub-108,OTC,whole,house,1.5,-0.9014522326918386
sub-108,OTC,whole,house,1.75,-0.921411144820702
sub-108,OTC,whole,house,2.0,-0.9513089737074317
sub-108,OTC,whole,house,2.25,-0.9790002422190268
sub-108,OTC,whole,house,2.5,-0.9853224161138622
sub-108,OTC,whole,house,2.75,-0.9971204577194855
sub-108,OTC,whole,house,3.0,-1.0
sub-108,OTC,whole,house,3.25,-1.0
sub-108,OTC,whole,house,3.5,-1.0
sub-108,OTC,whole,house,3.75,-1.0
sub-108,OTC,whole,house,4.0,-1.0
sub-108,OTC,whole,house,4.25,-1.0
sub-108,OTC,whole,house,4.5,-1.0
sub-108,OTC,whole,house,4.75,-1.0
sub-108,OTC,whole,house,5.0,-1.0
sub-108,OTC,lateral,house,0.25,-0.6747351063910704
sub-108,OTC,lateral,house,0.5,-0.7777110260479322
sub-108,OTC,lateral,house,0.75,-0.8613833037110413
sub-108,OTC,lateral,house,1.0,-0.898594676194787
sub-108,OTC,lateral,house,1.25,-0.958012426049606
sub-108,OTC,lateral,house,1.5,-0.9979706787942431
sub-108,OTC,lateral,house,1.75,-1.0
sub-108,OTC,lateral,house,2.0,-1.0
sub-108,OTC,lateral,house,2.25,-1.0
sub-108,OTC,lateral,house,2.5,-1.0
sub-108,OTC,lateral,house,2.75,-1.0
sub-108,OTC,lateral,house,3.0,-1.0
sub-108,OTC,lateral,house,3.25,-1.0
sub-108,OTC,lateral,house,3.5,-1.0
sub-108,OTC,lateral,house,3.75,-1.0
sub-108,OTC,lateral,house,4.0,-1.0
sub-108,OTC,lateral,house,4.25,-1.0
sub-108,OTC,medial,house,0.25,-0.4567331232161544
sub-108,OTC,medial,house,0.5,-0.5605659455618717
sub-108,OTC,medial,house,0.75,-0.6507627408250193
sub-108,OTC,medial,house,1.0,-0.7353409219099467
sub-108,OTC,medial,house,1.25,-0.8123445279314871
sub-108,OTC,medial,house,1.5,-0.8642308423755763
sub-108,OTC,medial,house,1.75,-0.8904568340460247
sub-108,OTC,medial,house,2.0,-0.9363851816308959
sub-108,OTC,medial,house,2.25,-0.9701418212052444
sub-108,OTC,medial,house,2.5,-0.9880256571723605
sub-108,OTC,medial,house,2.75,-0.9979356491554654
sub-108,OTC,medial,house,3.0,-1.0
sub-108,OTC,medial,house,3.25,-1.0
sub-108,OTC,medial,house,3.5,-1.0
sub-108,OTC,medial,house,3.75,-1.0
sub-108,OTC,medial,house,4.0,-1.0
sub-108,OTC,medial,house,4.25,-1.0
sub-108,OTC,medial,house,4.5,-1.0
sub-108,OTC,medial,house,4.75,-1.0
sub-108,OTC,medial,house,5.0,-1.0
sub-108,OTC,whole,object,0.25,-0.4621185666323717
sub-108,OTC,whole,object,0.5,-0.5722407337680684
sub-108,OTC,whole,object,0.75,-0.6559535576851403
sub-108,OTC,whole,object,1.0,-0.7251594624995151
sub-108,OTC,whole,object,1.25,-0.7836794824850573
sub-108,OTC,whole,object,1.5,-0.8224509974358846
sub-108,OTC,whole,object,1.75,-0.857342863083745
sub-108,OTC,whole,object,2.0,-0.8945679419032027
sub-108,OTC,whole,object,2.25,-0.9298083631177366
sub-108,OTC,whole,object,2.5,-0.9537356955260148
sub-108,OTC,whole,object,2.75,-0.9738868627494718
sub-108,OTC,whole,object,3.0,-0.9850423872271038
sub-108,OTC,whole,object,3.25,-0.9952323317860541
sub-108,OTC,whole,object,3.5,-1.0
sub-108,OTC,whole,object,3.75,-1.0
sub-108,OTC,whole,object,4.0,-1.0
sub-108,OTC,whole,object,4.25,-1.0
sub-108,OTC,whole,object,4.5,-1.0
sub-108,OTC,whole,object,4.75,-1.0
sub-108,OTC,whole,object,5.0,-1.0
sub-108,OTC,lateral,object,0.25,-0.6262459285730422
sub-108,OTC,lateral,object,0.5,-0.7527102450236778
sub-108,OTC,lateral,object,0.75,-0.8345895202417634
sub-108,OTC,lateral,object,1.0,-0.9040064830478033
sub-108,OTC,lateral,object,1.25,-0.9416487527664867
sub-108,OTC,lateral,object,1.5,-0.9581251026961002
sub-108,OTC,lateral,object,1.75,-0.9689857601172265
sub-108,OTC,lateral,object,2.0,-0.9820314624115835
sub-108,OTC,lateral,object,2.25,-0.9880583698149151
sub-108,OTC,lateral,object,2.5,-0.9888212577182088
sub-108,OTC,lateral,object,2.75,-0.9919878981750841
sub-108,OTC,lateral,object,3.0,-0.9942824282170822
sub-108,OTC,lateral,object,3.25,-0.9981482126155713
sub-108,OTC,lateral,object,3.5,-1.0
sub-108,OTC,lateral,object,3.75,-1.0
sub-108,OTC,lateral,object,4.0,-1.0
sub-108,OTC,lateral,object,4.25,-1.0
sub-108,OTC,lateral,object,4.5,-1.0
sub-108,OTC,lateral,object,4.75,-1.0
sub-108,OTC,lateral,object,5.0,-1.0
sub-108,OTC,medial,object,0.25,-0.16046121874728678
sub-108,OTC,medial,object,0.5,-0.22036887929304672
sub-108,OTC,medial,object,0.75,-0.28085284121390053
sub-108,OTC,medial,object,1.0,-0.3385761774739327
sub-108,OTC,medial,object,1.25,-0.3963998118469265
sub-108,OTC,medial,object,1.5,-0.43889783759654044
sub-108,OTC,medial,object,1.75,-0.49973322751415516
sub-108,OTC,medial,object,2.0,-0.5698050728042017
sub-108,OTC,medial,object,2.25,-0.6995258202302596
sub-108,OTC,medial,object,2.5,-0.788020856339804
sub-108,OTC,medial,object,2.75,-0.8907746697502925
sub-108,OTC,medial,object,3.0,-0.926474098862162
sub-108,OTC,medial,object,3.25,-0.9867481439031216
sub-108,OTC,medial,object,3.5,-1.0
sub-108,OTC,medial,object,3.75,-1.0
sub-108,OTC,medial,object,4.0,-1.0
sub-108,OTC,medial,object,4.25,-1.0
sub-108,OTC,medial,object,4.5,-1.0
sub-108,OTC,medial,object,4.75,-1.0
sub-108,OTC,medial,object,5.0,-1.0
sub-108,OTC,whole,word,0.25,0.3985795468611867
sub-108,OTC,whole,word,0.5,0.38611151783037134
sub-108,OTC,whole,word,0.75,0.36714104330216313
sub-108,OTC,whole,word,1.0,0.312904729772963
sub-108,OTC,whole,word,1.25,0.23928356791136093
sub-108,OTC,whole,word,1.5,0.113421643963652
sub-108,OTC,whole,word,1.75,-0.00975630957958069
sub-108,OTC,whole,word,2.0,-0.14019034644520628
sub-108,OTC,whole,word,2.25,-0.3314588490996694
sub-108,OTC,whole,word,2.5,-0.4977797378190104
sub-108,OTC,whole,word,2.75,-0.7319981526815665
sub-108,OTC,whole,word,3.0,-0.8532644646784061
sub-108,OTC,whole,word,3.25,-0.9221973010229376
sub-108,OTC,whole,word,3.5,-0.9473255766123717
sub-108,OTC,whole,word,3.75,-0.964995027464171
sub-108,OTC,whole,word,4.0,-0.9871291535512277
sub-108,OTC,whole,word,4.25,-0.98505700501648
sub-108,OTC,whole,word,4.5,-0.9768334799170735
sub-108,OTC,whole,word,4.75,-0.9994968553459119
sub-108,OTC,whole,word,5.0,-0.9972654307834363
sub-108,OTC,lateral,word,0.25,0.4291948307855422
sub-108,OTC,lateral,word,0.5,0.4188065787326435
sub-108,OTC,lateral,word,0.75,0.3831955684604546
sub-108,OTC,lateral,word,1.0,0.33151041923990315
sub-108,OTC,lateral,word,1.25,0.26131570667709475
sub-108,OTC,lateral,word,1.5,0.13946320616607663
sub-108,OTC,lateral,word,1.75,0.010276766476440012
sub-108,OTC,lateral,word,2.0,-0.13259738299850032
sub-108,OTC,lateral,word,2.25,-0.33840281167876485
sub-108,OTC,lateral,word,2.5,-0.4986258977201205
sub-108,OTC,lateral,word,2.75,-0.7628364549688343
sub-108,OTC,lateral,word,3.0,-0.9077471469822268
sub-108,OTC,lateral,word,3.25,-1.0
sub-108,OTC,lateral,word,3.5,-1.0
sub-108,OTC,lateral,word,3.75,-1.0
sub-108,OTC,lateral,word,4.0,-1.0
sub-108,OTC,lateral,word,4.25,-1.0
sub-108,OTC,lateral,word,4.5,-1.0
sub-108,OTC,lateral,word,4.75,-1.0
sub-108,OTC,lateral,word,5.0,-1.0
sub-108,OTC,medial,word,0.25,0.3199716876854971
sub-108,OTC,medial,word,0.5,0.32537167310445464
sub-108,OTC,medial,word,0.75,0.29952060513042
sub-108,OTC,medial,word,1.0,0.26059537200536304
sub-108,OTC,medial,word,1.25,0.18734549786004326
sub-108,OTC,medial,word,1.5,0.06839845892038096
sub-108,OTC,medial,word,1.75,-0.0532579955691632
sub-108,OTC,medial,word,2.0,-0.1540914663072191
sub-108,OTC,medial,word,2.25,-0.31745469962134865
sub-108,OTC,medial,word,2.5,-0.507794485959853
sub-108,OTC,medial,word,2.75,-0.660052905287164
sub-108,OTC,medial,word,3.0,-0.746492912617535
sub-108,OTC,medial,word,3.25,-0.8117437430396287
sub-108,OTC,medial,word,3.5,-0.8451965356659787
sub-108,OTC,medial,word,3.75,-0.9510365124879033
sub-108,OTC,medial,word,4.0,-0.9501520982501739
sub-108,OTC,medial,word,4.25,-0.9578471575979838
sub-108,OTC,medial,word,4.5,-0.9452747187008057
sub-108,OTC,medial,word,4.75,-1.0
sub-108,OTC,medial,word,5.0,-0.9956140350877192
sub-109,OTC,whole,face,0.25,-0.06216703576533677
sub-109,OTC,whole,face,0.5,0.05729613802552714
sub-109,OTC,whole,face,0.75,0.23219264843226267
sub-109,OTC,whole,face,1.0,0.4354572066497397
sub-109,OTC,whole,face,1.25,0.6112147458148381
sub-109,OTC,whole,face,1.5,0.7760462990551129
sub-109,OTC,whole,face,1.75,0.8810705918411498
sub-109,OTC,whole,face,2.0,0.9631302625322111
sub-109,OTC,whole,face,2.25,0.9929926609947004
sub-109,OTC,whole,face,2.5,1.0
sub-109,OTC,whole,face,2.75,1.0
sub-109,OTC,whole,face,3.0,1.0
sub-109,OTC,whole,face,3.25,1.0
sub-109,OTC,whole,face,3.5,1.0
sub-109,OTC,whole,face,3.75,1.0
sub-109,OTC,whole,face,4.0,1.0
sub-109,OTC,whole,face,4.25,1.0
sub-109,OTC,whole,face,4.5,1.0
sub-109,OTC,whole,face,4.75,1.0
sub-109,OTC,whole,face,5.0,1.0
sub-109,OTC,lateral,face,0.25,0.023610594061693687
sub-109,OTC,lateral,face,0.5,0.16205005019607166
sub-109,OTC,lateral,face,0.75,0.3256157127084049
sub-109,OTC,lateral,face,1.0,0.5254757577441149
sub-109,OTC,lateral,face,1.25,0.6868919393367888
sub-109,OTC,lateral,face,1.5,0.8127284537332861
sub-109,OTC,lateral,face,1.75,0.8876532025278318
sub-109,OTC,lateral,face,2.0,0.9701087712573654
sub-109,OTC,lateral,face,2.25,0.9978382582085
sub-109,OTC,lateral,face,2.5,1.0
sub-109,OTC,lateral,face,2.75,1.0
sub-109,OTC,lateral,face,3.0,1.0
sub-109,OTC,lateral,face,3.25,1.0
sub-109,OTC,lateral,face,3.5,1.0
sub-109,OTC,lateral,face,3.75,1.0
sub-109,OTC,lateral,face,4.0,1.0
sub-109,OTC,lateral,face,4.25,1.0
sub-109,OTC,lateral,face,4.5,1.0
sub-109,OTC,lateral,face,4.75,1.0
sub-109,OTC,lateral,face,5.0,1.0
sub-109,OTC,medial,face,0.25,-0.5026527249519464
sub-109,OTC,medial,face,0.5,-0.4831968285766799
sub-109,OTC,medial,face,0.75,-0.4459639922803433
sub-109,OTC,medial,face,1.0,-0.30361322612328123
sub-109,OTC,medial,face,1.25,-0.07609160043411665
sub-109,OTC,medial,face,1.5,0.17993808418645021
sub-109,OTC,medial,face,1.75,0.8807539682539681
sub-109,OTC,whole,house,0.25,0.07247566581344114
sub-109,OTC,whole,house,0.5,0.17460378285249134
sub-109,OTC,whole,house,0.75,0.29439498704511574
sub-109,OTC,whole,house,1.0,0.47602268141327964
sub-109,OTC,whole,house,1.25,0.647696086443982
sub-109,OTC,whole,house,1.5,0.7689654913248003
sub-109,OTC,whole,house,1.75,0.8638786573860726
sub-109,OTC,whole,house,2.0,0.9153375114667209
sub-109,OTC,whole,house,2.25,0.9632936196477797
sub-109,OTC,whole,house,2.5,0.99222834651192
sub-109,OTC,whole,house,2.75,1.0
sub-109,OTC,whole,house,3.0,1.0
sub-109,OTC,whole,house,3.25,1.0
sub-109,OTC,whole,house,3.5,1.0
sub-109,OTC,whole,house,3.75,1.0
sub-109,OTC,whole,house,4.0,1.0
sub-109,OTC,whole,house,4.25,1.0
sub-109,OTC,whole,house,4.5,1.0
sub-109,OTC,whole,house,4.75,1.0
sub-109,OTC,whole,house,5.0,1.0
sub-109,OTC,lateral,house,0.25,0.16182720227994885
sub-109,OTC,lateral,house,0.5,0.2669859852415263
sub-109,OTC,lateral,house,0.75,0.36967347056828403
sub-109,OTC,lateral,house,1.0,0.5257800715356464
sub-109,OTC,lateral,house,1.25,0.6743687569802131
sub-109,OTC,lateral,house,1.5,0.7852157639087862
sub-109,OTC,lateral,house,1.75,0.875105749876611
sub-109,OTC,lateral,house,2.0,0.9231170398385435
sub-109,OTC,lateral,house,2.25,0.9656239251826241
sub-109,OTC,lateral,house,2.5,0.9917096495171083
sub-109,OTC,lateral,house,2.75,1.0
sub-109,OTC,lateral,house,3.0,1.0
sub-109,OTC,lateral,house,3.25,1.0
sub-109,OTC,lateral,house,3.5,1.0
sub-109,OTC,lateral,house,3.75,1.0
sub-109,OTC,lateral,house,4.0,1.0
sub-109,OTC,lateral,house,4.25,1.0
sub-109,OTC,lateral,house,4.5,1.0
sub-109,OTC,lateral,house,4.75,1.0
sub-109,OTC,lateral,house,5.0,1.0
sub-109,OTC,medial,house,0.25,-0.5294712262579054
sub-109,OTC,medial,house,0.5,-0.5842956386725643
sub-109,OTC,medial,house,0.75,-0.6208529856013945
sub-109,OTC,medial,house,1.0,-0.630851157663722
sub-109,OTC,medial,house,1.25,-0.6228494111470532
sub-109,OTC,medial,house,1.5,-0.5289497696277358
sub-109,OTC,medial,house,1.75,-0.8297782126549249
sub-109,OTC,whole,object,0.25,-0.08909192886341916
sub-109,OTC,whole,object,0.5,-0.04332239169908951
sub-109,OTC,whole,object,0.75,0.00016156876322409773
sub-109,OTC,whole,object,1.0,0.06843649442733143
sub-109,OTC,whole,object,1.25,0.14440628061805483
sub-109,OTC,whole,object,1.5,0.2498052764553407
sub-109,OTC,whole,object,1.75,0.34762348965283274
sub-109,OTC,whole,object,2.0,0.48284451541629386
sub-109,OTC,whole,object,2.25,0.5954880559801996
sub-109,OTC,whole,object,2.5,0.6729051558109685
sub-109,OTC,whole,object,2.75,0.7224911281583285
sub-109,OTC,whole,object,3.0,0.7807928764805055
sub-109,OTC,whole,object,3.25,0.86960352691712
sub-109,OTC,whole,object,3.5,0.9114309776191618
sub-109,OTC,whole,object,3.75,0.9494028781720526
sub-109,OTC,whole,object,4.0,0.9840700073285475
sub-109,OTC,whole,object,4.25,1.0
sub-109,OTC,whole,object,4.5,1.0
sub-109,OTC,whole,object,4.75,1.0
sub-109,OTC,whole,object,5.0,1.0
sub-109,OTC,lateral,object,0.25,-0.1556713877077137
sub-109,OTC,lateral,object,0.5,-0.10712693723363292
sub-109,OTC,lateral,object,0.75,-0.04110636721513908
sub-109,OTC,lateral,object,1.0,0.04573404573560909
sub-109,OTC,lateral,object,1.25,0.135708723171857
sub-109,OTC,lateral,object,1.5,0.2924897513257082
sub-109,OTC,lateral,object,1.75,0.41400762935015334
sub-109,OTC,lateral,object,2.0,0.569821341639632
sub-109,OTC,lateral,object,2.25,0.676691893254109
sub-109,OTC,lateral,object,2.5,0.763290158870712
sub-109,OTC,lateral,object,2.75,0.7856584444303476
sub-109,OTC,lateral,object,3.0,0.8089366047161568
sub-109,OTC,lateral,object,3.25,0.8659092532969309
sub-109,OTC,lateral,object,3.5,0.8989140254213054
sub-109,OTC,lateral,object,3.75,0.9429564940262531
sub-109,OTC,lateral,object,4.0,0.98249783862203
sub-109,OTC,lateral,object,4.25,1.0
sub-109,OTC,lateral,object,4.5,1.0
sub-109,OTC,lateral,object,4.75,1.0
sub-109,OTC,lateral,object,5.0,1.0
sub-109,OTC,medial,object,0.25,0.06880216742225291
sub-109,OTC,medial,object,0.5,0.08370129526472735
sub-109,OTC,medial,object,0.75,0.10172882992762068
sub-109,OTC,medial,object,1.0,0.14613642782874034
sub-109,OTC,medial,object,1.25,0.1421280552934653
sub-109,OTC,medial,object,1.5,0.1075328263257158
sub-109,OTC,medial,object,1.75,-0.007241179997897304
sub-109,OTC,medial,object,2.0,-0.0382466077445546
sub-109,OTC,medial,object,2.25,-0.1281682705360768
sub-109,OTC,medial,object,2.5,-0.0895703142895901
sub-109,OTC,medial,object,2.75,-0.08480131974031081
sub-109,OTC,medial,object,3.0,-0.25218790218790216
sub-109,OTC,whole,word,0.25,-0.28892092595742086
sub-109,OTC,whole,word,0.5,-0.2593384785706344
sub-109,OTC,whole,word,0.75,-0.2246460930241611
sub-109,OTC,whole,word,1.0,-0.1781301815268353
sub-109,OTC,whole,word,1.25,-0.14367650371103127
sub-109,OTC,whole,word,1.5,-0.09892887254833893
sub-109,OTC,whole,word,1.75,-0.04587429257510485
sub-109,OTC,whole,word,2.0,-0.003057382201893137
sub-109,OTC,whole,word,2.25,0.07576500957457456
sub-109,OTC,whole,word,2.5,0.12287948136261026
sub-109,OTC,whole,word,2.75,0.15453446697638665
sub-109,OTC,whole,word,3.0,0.20641075473071216
sub-109,OTC,whole,word,3.25,0.2417443851381918
sub-109,OTC,whole,word,3.5,0.3368317701511983
sub-109,OTC,whole,word,3.75,0.40780857052698105
sub-109,OTC,whole,word,4.0,0.5205021547266815
sub-109,OTC,whole,word,4.25,0.684458934586038
sub-109,OTC,whole,word,4.5,0.7539256691266212
sub-109,OTC,whole,word,4.75,0.9436165539540153
sub-109,OTC,whole,word,5.0,0.9946001367053998
sub-109,OTC,lateral,word,0.25,-0.45409056893942223
sub-109,OTC,lateral,word,0.5,-0.44416908384761444
sub-109,OTC,lateral,word,0.75,-0.43856353994891994
sub-109,OTC,lateral,word,1.0,-0.40065110704378887
sub-109,OTC,lateral,word,1.25,-0.3709587036161782
sub-109,OTC,lateral,word,1.5,-0.3217972416922513
sub-109,OTC,lateral,word,1.75,-0.2541584280195525
sub-109,OTC,lateral,word,2.0,-0.18389559282123016
sub-109,OTC,lateral,word,2.25,-0.05712132459678946
sub-109,OTC,lateral,word,2.5,0.12281467647485396
sub-109,OTC,lateral,word,2.75,0.2915891685098983
sub-109,OTC,lateral,word,3.0,0.5056493971154081
sub-109,OTC,lateral,word,3.25,0.6841649995331798
sub-109,OTC,lateral,word,3.5,0.7972229186878359
sub-109,OTC,lateral,word,3.75,0.9064654447749969
sub-109,OTC,lateral,word,4.0,1.0
sub-109,OTC,lateral,word,4.25,1.0
sub-109,OTC,lateral,word,4.5,1.0
sub-109,OTC,lateral,word,4.75,1.0
sub-109,OTC,lateral,word,5.0,1.0
sub-109,OTC,medial,word,0.25,0.04915073716620051
sub-109,OTC,medial,word,0.5,0.09293635343078904
sub-109,OTC,medial,word,0.75,0.134622202377903
sub-109,OTC,medial,word,1.0,0.19101541076932055
sub-109,OTC,medial,word,1.25,0.2118734100215545
sub-109,OTC,medial,word,1.5,0.22522551112199274
sub-109,OTC,medial,word,1.75,0.2338366387556646
sub-109,OTC,medial,word,2.0,0.21776441120137568
sub-109,OTC,medial,word,2.25,0.2007289102930797
sub-109,OTC,medial,word,2.5,0.12340629371393329
sub-109,OTC,medial,word,2.75,0.009651853436505231
sub-109,OTC,medial,word,3.0,-0.06501621757021042
sub-109,OTC,medial,word,3.25,-0.1463776395161069
sub-109,OTC,medial,word,3.5,-0.07560903504666718
sub-109,OTC,medial,word,3.75,-0.09523141752218928
sub-109,OTC,medial,word,4.0,-0.0611796376051323
sub-109,OTC,medial,word,4.25,0.13424186924186926
sub-109,OTC,medial,word,4.5,0.06250348092453356
